,GEOIDFQ,B02018_017E,B02018_018E,B02018_015E,B02018_016E,B02018_019E,B02018_012E,B02018_013E,B02018_014E,B02018_010E,B02018_011E,B02018_005E,B02018_006E,B02018_003E,B02018_004E,B02018_009E,B02018_007E,B02018_008E,B02018_002E,B02018_020E
0,0500000US01001,0,36,0,0,0,305,0,0,0,0,160,0,0,233,0,0,0,199,0
1,0500000US01003,0,307,52,0,240,1086,170,137,0,0,303,0,0,398,0,0,6,640,0
2,0500000US01005,0,0,0,0,5,7,0,0,0,0,48,0,0,16,0,0,0,47,0
3,0500000US01007,0,0,0,0,0,0,0,0,0,0,23,0,0,0,0,0,0,0,0
4,0500000US01009,0,0,0,0,0,246,0,0,0,0,7,0,0,0,0,0,5,1,0
5,0500000US01011,0,0,0,0,0,61,0,0,0,0,0,0,0,0,0,0,0,0,0
6,0500000US01013,0,0,0,0,0,17,0,0,0,0,42,0,0,43,0,0,0,0,0
7,0500000US01015,0,119,0,0,107,303,57,52,0,0,364,0,0,99,0,0,0,263,0
8,0500000US01017,0,0,0,0,0,52,0,0,0,0,156,0,0,70,0,0,0,7,0
9,0500000US01019,0,0,0,0,27,6,0,0,0,6,0,0,0,0,0,0,0,0,0
10,0500000US01021,0,0,0,0,0,0,0,0,0,0,54,0,0,56,0,0,0,41,0
11,0500000US01023,0,0,0,0,0,0,0,0,0,0,34,0,0,0,0,0,0,4,0
12,0500000US01025,0,0,0,0,0,63,0,0,0,0,0,0,0,6,0,0,0,45,0
13,0500000US01027,0,0,0,0,4,60,0,0,41,0,0,0,0,0,0,0,0,0,0
14,0500000US01029,0,0,0,0,0,0,0,0,0,0,0,0,0,14,0,0,0,2,0
15,0500000US01031,0,118,9,0,135,192,14,2,0,0,630,0,0,268,0,0,0,117,0
16,0500000US01033,0,157,0,0,0,160,0,0,0,0,217,0,0,111,0,0,0,34,0
17,0500000US01035,0,0,0,0,7,27,0,0,0,0,0,0,0,0,0,0,0,0,0
18,0500000US01037,0,0,0,0,0,0,0,0,0,0,41,0,0,0,0,0,0,0,0
19,0500000US01039,0,0,0,0,4,21,0,0,0,0,76,0,0,84,0,0,0,10,0
20,0500000US01041,0,0,0,0,0,63,0,0,0,0,129,0,0,0,0,0,0,0,0
21,0500000US01043,0,7,0,0,225,326,0,0,0,15,17,0,0,75,0,0,0,46,0
22,0500000US01045,0,63,0,0,61,270,0,12,0,132,182,0,0,192,0,0,8,139,0
23,0500000US01047,0,0,0,0,91,0,0,0,0,0,7,0,0,0,0,0,0,5,0
24,0500000US01049,0,0,0,0,54,136,0,0,0,0,0,33,0,13,0,0,0,0,0
25,0500000US01051,0,73,0,0,0,411,0,0,0,0,64,0,0,163,4,0,0,9,0
26,0500000US01053,0,0,0,0,6,35,0,0,0,0,0,0,0,0,0,0,0,72,0
27,0500000US01055,0,0,0,0,126,288,0,0,0,90,17,0,0,111,0,0,4,160,0
28,0500000US01057,0,0,0,0,9,63,0,0,0,0,0,0,0,0,0,0,0,0,0
29,0500000US01059,0,4,0,0,17,24,0,0,0,0,0,0,0,0,0,0,0,58,0
30,0500000US01061,0,0,0,0,0,49,0,0,0,0,153,0,0,0,0,0,0,0,0
31,0500000US01063,0,0,0,0,0,0,0,0,0,0,0,0,0,0,0,0,0,0,0
32,0500000US01065,0,0,0,0,0,0,0,0,0,0,8,0,0,0,0,0,0,180,0
33,0500000US01067,0,12,0,0,61,0,0,0,0,0,0,0,0,0,3,0,0,0,0
34,0500000US01069,0,37,0,0,234,363,20,2,29,20,165,0,0,154,0,0,6,217,0
35,0500000US01071,0,37,0,0,81,135,0,0,0,0,33,0,0,39,0,8,0,32,0
36,0500000US01073,0,553,260,0,907,1013,37,42,8,0,1701,0,20,647,0,0,287,3444,0
37,0500000US01075,0,3,0,0,0,13,0,0,0,0,0,0,0,0,0,0,0,0,0
38,0500000US01077,0,0,0,0,81,246,0,0,0,23,81,0,0,174,0,0,0,185,0
39,0500000US01079,0,0,0,0,67,44,0,0,0,0,73,0,0,32,0,0,0,0,0
40,0500000US01081,0,107,6,0,423,466,37,76,0,0,3559,0,0,357,0,0,29,2039,0
41,0500000US01083,0,0,0,0,149,532,12,0,0,15,475,0,0,247,0,0,0,542,0
42,0500000US01085,0,0,0,0,0,16,0,0,0,0,0,0,0,0,0,0,0,0,0
43,0500000US01087,0,12,0,0,11,0,0,0,0,0,2,0,0,3,0,0,0,0,0
44,0500000US01089,0,557,0,0,1403,1937,266,279,0,72,2423,62,54,1264,0,0,200,2864,0
45,0500000US01091,0,0,0,0,0,5,0,0,0,0,0,0,0,13,0,0,0,0,0
46,0500000US01093,0,0,0,0,0,53,0,0,0,0,61,0,0,0,0,0,0,0,0
47,0500000US01095,0,8,0,0,139,157,0,0,9,0,104,0,0,38,0,1,0,232,0
48,0500000US01097,0,239,80,0,4210,1655,45,552,0,640,494,0,26,357,0,3,39,1694,0
49,0500000US01099,0,0,0,0,0,89,0,0,0,0,25,0,0,0,0,0,0,14,0
50,0500000US01101,0,108,0,0,496,482,6,193,14,0,3942,0,0,372,0,0,156,992,0
51,0500000US01103,0,152,0,0,119,304,63,153,0,0,212,0,0,16,0,0,0,55,0
52,0500000US01105,0,0,0,0,0,0,0,0,0,0,0,0,0,6,0,0,0,0,0
53,0500000US01107,0,0,0,0,0,0,0,0,0,0,0,0,0,0,0,0,0,0,0
54,0500000US01109,0,0,0,0,99,35,0,0,0,0,106,0,0,12,0,0,0,191,0
55,0500000US01111,0,0,0,0,0,8,0,0,45,0,45,0,0,6,0,0,0,0,0
56,0500000US01113,14,0,0,0,24,354,0,0,7,0,269,85,0,88,0,0,0,168,0
57,0500000US01115,0,6,27,0,38,533,0,0,0,0,136,0,0,130,0,0,0,64,0
58,0500000US01117,0,177,0,0,1102,980,96,12,0,13,514,0,0,520,0,0,76,1331,0
59,0500000US01119,0,6,0,0,0,3,0,0,0,0,0,0,0,8,0,0,0,60,0
60,0500000US01121,14,24,0,0,86,146,0,0,0,58,178,0,0,81,0,0,0,11,0
61,0500000US01123,0,0,0,0,0,84,0,0,0,0,138,0,0,0,0,0,0,48,0
62,0500000US01125,0,28,28,0,709,363,0,5,9,37,346,0,0,537,0,0,0,1538,0
63,0500000US01127,0,0,0,0,35,67,0,0,26,0,22,0,0,17,0,0,0,160,0
64,0500000US01129,0,0,0,0,47,0,0,0,0,0,0,0,0,18,0,0,0,90,0
65,0500000US01131,0,0,0,0,0,23,0,0,0,0,0,0,0,0,0,0,0,0,0
66,0500000US01133,0,5,0,0,0,51,0,0,0,0,14,0,0,9,0,0,0,24,0
67,0500000US02013,0,0,0,0,38,708,0,0,0,0,38,23,0,22,0,0,0,13,0
68,0500000US02016,0,45,0,0,136,2130,4,3,0,0,26,0,6,49,0,0,0,79,0
69,0500000US02020,17,917,58,74,1010,19202,157,1077,17,319,4242,0,4892,2734,11,85,110,2545,0
70,0500000US02050,0,0,0,0,0,85,0,0,0,0,170,0,0,0,0,0,0,4,0
71,0500000US02060,0,0,0,0,0,70,0,0,0,0,0,0,0,2,0,0,0,14,0
72,0500000US02063,0,34,0,0,180,337,0,0,0,0,0,0,0,18,0,0,39,17,0
73,0500000US02066,0,0,0,0,0,3,0,0,0,0,7,0,0,0,0,0,0,0,0
74,0500000US02068,0,0,0,0,50,81,0,0,0,0,0,0,0,0,0,0,0,60,0
75,0500000US02070,0,0,0,0,0,34,0,0,0,0,7,0,0,37,0,0,0,7,0
76,0500000US02090,0,118,28,0,18,1478,12,25,0,0,1368,42,193,1400,0,35,116,450,0
77,0500000US02100,0,16,0,0,10,47,0,0,0,0,0,0,0,81,0,0,0,40,0
78,0500000US02105,0,15,0,0,0,48,0,0,0,0,0,0,0,17,0,0,0,12,0
79,0500000US02110,0,123,0,0,60,2696,45,0,7,2,148,7,0,198,0,0,2,481,0
80,0500000US02122,0,18,0,0,65,832,0,0,0,0,183,12,0,352,0,8,0,192,0
81,0500000US02130,0,11,0,0,28,1254,0,0,0,0,16,0,0,14,0,0,0,62,0
82,0500000US02150,0,11,0,0,22,2928,0,15,0,0,26,0,0,187,0,0,0,110,0
83,0500000US02158,0,0,0,0,9,15,0,0,0,0,0,0,0,0,0,0,0,9,0
84,0500000US02164,0,0,0,0,0,24,0,0,0,0,0,0,0,0,0,0,0,0,0
85,0500000US02170,0,103,16,0,158,1684,46,3,0,110,380,0,521,517,0,0,0,784,0
86,0500000US02180,0,6,0,0,45,91,0,0,0,26,50,0,0,0,0,0,0,14,0
87,0500000US02185,0,0,78,0,0,697,0,0,0,0,24,0,0,5,0,0,0,8,0
88,0500000US02188,0,10,0,0,10,181,0,0,0,0,10,0,0,57,0,0,0,1,0
89,0500000US02195,0,0,0,0,43,248,0,0,0,60,27,0,0,153,0,0,0,45,0
90,0500000US02198,0,0,0,15,11,188,5,0,0,0,6,0,0,20,0,0,6,0,0
91,0500000US02220,0,12,0,0,25,611,0,5,0,0,98,0,0,71,0,0,0,31,0
92,0500000US02230,0,0,0,0,0,18,0,0,0,0,0,0,0,90,0,19,0,35,0
93,0500000US02240,0,20,0,0,6,101,0,0,0,0,0,0,0,26,0,0,0,6,0
94,0500000US02275,0,20,0,0,0,97,0,0,0,0,14,5,0,0,0,0,0,3,0
95,0500000US02282,0,6,0,0,0,15,0,0,0,0,0,0,12,31,0,0,0,0,0
96,0500000US02290,0,0,0,0,0,74,0,0,0,0,0,0,0,0,0,0,0,0,0
97,0500000US04001,0,4,0,0,6,302,0,0,0,0,2,0,0,23,0,0,0,88,0
98,0500000US04003,0,63,0,0,308,1485,46,42,13,106,1295,68,15,683,0,91,53,533,0
99,0500000US04005,0,101,8,0,151,1736,41,9,37,0,651,0,0,605,0,46,22,1015,0
100,0500000US04007,0,12,0,0,43,248,28,0,0,0,101,0,0,64,0,0,0,12,0
101,0500000US04009,0,0,0,0,8,311,0,0,0,0,80,0,0,15,0,0,0,22,0
102,0500000US04011,0,46,0,0,0,6,0,0,0,1,11,0,0,0,0,0,0,0,0
103,0500000US04012,0,0,0,0,0,108,0,0,0,0,0,0,0,16,0,0,0,0,0
104,0500000US04013,136,5790,339,0,30869,59448,2401,2507,3530,4167,20250,282,315,20821,20,202,3227,47589,45
105,0500000US04015,0,327,0,0,231,1876,52,12,0,42,353,27,0,404,0,0,17,148,0
106,0500000US04017,0,0,0,0,85,387,145,0,0,5,18,0,0,125,0,0,0,287,0
107,0500000US04019,18,1802,69,0,4753,12168,250,425,157,282,4816,31,0,4793,91,30,528,11319,0
108,0500000US04021,0,240,0,0,1071,5168,368,208,131,153,1282,23,84,1584,0,4,44,1094,0
109,0500000US04023,0,19,0,0,0,28,28,0,0,0,1,0,0,33,0,0,0,36,0
110,0500000US04025,0,197,0,0,458,1195,62,8,0,112,507,33,0,901,0,0,25,755,0
111,0500000US04027,0,38,35,0,430,1783,9,0,0,51,236,0,41,618,0,14,0,370,110
112,0500000US05001,0,0,0,0,0,0,0,0,0,0,0,0,0,0,0,0,0,11,0
113,0500000US05003,0,0,0,0,1,13,0,0,0,0,0,0,0,0,0,0,0,10,0
114,0500000US05005,0,1,0,0,6,152,0,35,0,0,50,0,0,4,0,0,35,9,0
115,0500000US05007,0,144,82,0,1425,1577,6,858,28,93,578,42,547,623,0,84,182,1232,0
116,0500000US05009,0,0,0,0,14,91,30,0,0,0,0,0,0,224,0,0,0,32,0
117,0500000US05011,0,8,0,0,0,3,0,0,0,0,0,0,0,7,0,0,0,0,0
118,0500000US05013,0,0,0,0,0,0,0,0,0,0,0,0,0,0,0,0,0,0,0
119,0500000US05015,0,0,0,0,2,381,0,0,126,16,64,0,17,2,0,0,4,44,0
120,0500000US05017,0,0,0,0,0,36,0,0,0,0,0,0,0,7,0,0,0,8,0
121,0500000US05019,0,0,0,0,9,5,0,0,0,0,3,0,0,41,0,0,0,62,0
122,0500000US05021,0,0,0,0,3,7,0,0,0,0,0,0,0,0,0,0,0,0,0
123,0500000US05023,0,0,0,0,0,2,0,0,0,0,23,0,0,27,0,0,0,0,0
124,0500000US05025,0,0,0,0,0,0,0,0,0,0,0,0,0,16,0,0,0,0,0
125,0500000US05027,0,0,75,0,14,1,0,0,0,0,0,0,86,8,0,0,0,0,0
126,0500000US05029,0,0,0,0,0,44,0,0,0,0,0,0,0,0,0,0,0,126,0
127,0500000US05031,0,2,0,0,481,611,6,148,0,0,98,0,0,46,0,0,0,632,0
128,0500000US05033,0,105,0,0,43,110,0,280,0,0,175,0,0,0,0,0,0,55,0
129,0500000US05035,0,0,0,0,10,147,0,0,0,0,152,0,0,11,0,0,0,100,0
130,0500000US05037,0,0,0,0,0,0,0,0,0,0,4,0,0,0,0,0,0,10,0
131,0500000US05039,0,0,0,0,0,7,0,12,0,0,0,0,0,0,0,0,0,0,0
132,0500000US05041,0,0,0,0,0,0,0,0,0,0,0,0,0,0,0,0,0,8,0
133,0500000US05043,0,0,0,0,0,36,0,0,0,0,0,0,0,0,0,0,0,57,0
134,0500000US05045,0,21,0,0,67,423,0,30,0,161,487,0,0,269,0,0,0,240,0
135,0500000US05047,0,0,0,0,0,77,0,9,0,0,6,0,69,77,0,0,0,25,0
136,0500000US05049,0,13,0,0,0,4,0,0,0,0,0,0,0,1,0,0,0,0,0
137,0500000US05051,0,140,0,0,166,261,0,9,0,0,58,0,94,110,0,0,3,166,0
138,0500000US05053,0,0,0,0,28,27,1,18,0,0,0,0,0,0,0,0,51,0,0
139,0500000US05055,0,0,0,0,0,22,0,0,0,0,0,0,35,18,0,0,0,58,0
140,0500000US05057,0,19,0,0,8,6,13,6,0,0,54,0,0,15,0,0,9,0,0
141,0500000US05059,0,72,0,0,0,26,0,27,0,0,109,0,0,17,0,0,7,11,0
142,0500000US05061,0,0,0,0,0,4,0,0,0,0,0,0,0,16,0,0,0,72,0
143,0500000US05063,0,0,0,0,129,143,0,0,0,14,0,0,0,0,0,0,0,0,0
144,0500000US05065,0,0,0,0,4,32,0,0,0,0,28,0,0,9,0,0,0,0,0
145,0500000US05067,0,30,0,0,0,0,0,0,0,0,6,0,0,0,0,0,0,0,0
146,0500000US05069,0,0,0,0,37,110,0,14,0,0,45,0,0,30,0,0,0,128,0
147,0500000US05071,0,0,0,0,98,227,0,0,362,0,54,0,17,56,0,0,0,29,0
148,0500000US05073,0,0,0,0,0,0,0,0,0,59,0,10,0,0,0,0,0,0,0
149,0500000US05075,0,0,0,0,0,34,1,0,0,0,0,0,0,0,0,0,0,0,0
150,0500000US05077,0,0,0,0,17,0,0,0,0,0,0,0,0,0,0,0,0,7,0
151,0500000US05079,0,47,0,0,0,0,0,0,0,0,0,0,0,0,0,0,0,20,0
152,0500000US05081,0,0,0,0,8,19,0,0,0,0,0,0,0,17,0,0,0,0,0
153,0500000US05083,0,0,0,0,0,147,0,102,8,0,40,0,133,0,0,0,0,68,0
154,0500000US05085,0,0,0,0,130,469,0,95,0,0,98,0,0,126,0,0,10,80,0
155,0500000US05087,0,0,0,0,39,32,0,2,0,0,27,0,0,14,0,0,0,11,0
156,0500000US05089,0,9,0,0,0,9,0,0,0,0,0,58,0,10,0,0,0,4,0
157,0500000US05091,0,0,0,0,69,0,0,0,0,35,33,0,0,14,0,0,0,0,0
158,0500000US05093,0,0,0,0,29,8,0,0,0,131,0,0,0,9,0,0,0,33,0
159,0500000US05095,0,0,0,0,14,6,0,0,0,0,0,0,0,0,0,0,0,46,0
160,0500000US05097,0,0,0,0,18,53,0,0,0,0,0,0,59,0,0,0,0,0,0
161,0500000US05099,0,23,0,0,0,0,0,0,0,0,0,0,0,0,0,0,0,0,0
162,0500000US05101,0,0,0,0,0,0,0,0,0,0,0,0,0,0,0,0,0,0,0
163,0500000US05103,0,0,0,0,3,40,0,0,0,0,10,0,0,58,0,0,0,0,0
164,0500000US05105,0,0,0,0,21,10,0,0,0,0,36,0,0,63,0,0,0,0,0
165,0500000US05107,0,0,0,0,0,98,0,0,0,0,0,0,0,0,0,0,0,58,0
166,0500000US05109,0,0,0,0,8,14,0,0,0,0,5,0,0,0,0,0,0,0,0
167,0500000US05111,0,0,0,0,1,9,0,0,0,0,3,0,0,0,0,0,0,0,0
168,0500000US05113,0,13,0,0,0,8,0,0,0,0,7,0,0,0,0,0,0,24,0
169,0500000US05115,0,25,0,0,390,91,34,37,0,0,100,0,0,55,0,0,27,207,0
170,0500000US05117,0,0,0,0,0,6,0,0,0,0,0,0,0,0,0,0,0,0,0
171,0500000US05119,0,304,20,0,548,2567,251,91,0,102,904,70,126,497,49,29,322,1409,0
172,0500000US05121,0,0,0,0,0,82,0,0,0,0,7,0,0,0,0,0,5,0,0
173,0500000US05123,0,0,0,0,12,0,0,0,0,0,5,0,0,0,0,0,0,0,0
174,0500000US05125,0,105,0,0,412,257,36,197,0,0,448,0,0,110,0,0,0,762,0
175,0500000US05127,0,0,0,0,47,9,0,10,69,0,0,0,0,0,0,0,0,0,0
176,0500000US05129,0,12,0,0,0,0,0,0,0,0,0,0,0,0,0,0,0,13,0
177,0500000US05131,0,153,0,0,2473,535,37,2845,0,14,256,0,289,268,0,0,0,256,0
178,0500000US05133,0,0,0,0,43,11,0,0,0,0,0,0,0,0,0,0,0,1,0
179,0500000US05135,0,0,0,0,21,26,0,2,0,12,24,0,0,17,0,0,0,21,0
180,0500000US05137,0,0,0,0,0,25,0,0,0,12,30,0,0,0,0,0,0,0,0
181,0500000US05139,0,3,0,0,0,0,0,4,0,0,44,0,0,8,0,0,0,209,0
182,0500000US05141,0,0,0,0,4,56,0,0,0,0,0,0,0,35,0,0,0,0,0
183,0500000US05143,166,243,39,0,667,1453,10,1458,234,16,299,8,465,680,0,0,37,1342,0
184,0500000US05145,0,0,0,0,142,65,85,20,0,0,33,0,0,121,0,0,20,193,0
185,0500000US05147,0,0,0,0,0,0,0,0,0,0,0,0,0,0,0,0,0,0,0
186,0500000US05149,0,7,4,0,16,6,0,110,36,0,17,0,80,0,0,0,0,52,0
187,0500000US06001,510,3187,966,1616,42076,109583,3071,2936,4178,5857,24205,1668,1143,24822,10,92,10712,198692,29
188,0500000US06003,0,0,0,0,0,1,0,0,0,0,5,0,0,3,0,0,0,0,0
189,0500000US06005,0,0,0,11,245,804,23,0,0,87,83,0,6,230,0,14,0,261,0
190,0500000US06007,0,128,0,477,956,2499,236,501,35,133,639,0,5400,1353,0,0,146,1620,0
191,0500000US06009,0,0,0,0,3,633,0,0,0,36,22,0,0,220,0,0,164,206,0
192,0500000US06011,0,10,0,0,3,169,90,9,0,0,0,0,0,0,0,0,0,39,0
193,0500000US06013,343,2083,360,1158,14288,76578,2307,3369,738,2030,13072,805,263,16728,0,10,4709,67249,0
194,0500000US06015,0,444,0,0,208,266,0,471,0,9,137,0,132,208,0,0,0,126,0
195,0500000US06017,38,177,0,0,892,5592,152,11,54,370,885,0,22,1735,0,35,124,2756,0
196,0500000US06019,0,833,22,248,5845,20182,864,8097,304,8133,3232,0,37291,7090,0,106,247,9850,17
197,0500000US06021,0,1,0,0,110,114,0,108,0,0,7,0,0,191,0,0,0,384,0
198,0500000US06023,0,53,0,0,332,1285,39,143,0,33,431,0,1500,1334,0,139,116,1186,29
199,0500000US06025,0,3,0,0,168,1262,0,10,0,169,614,0,42,313,0,0,0,860,0
200,0500000US06027,0,0,0,0,7,228,7,0,0,13,32,0,6,93,0,0,0,51,0
201,0500000US06029,0,597,16,22,3338,25416,366,512,182,1490,2548,140,466,2789,0,0,159,6937,0
202,0500000US06031,0,266,0,0,287,4511,0,107,0,130,269,0,576,612,0,20,0,1045,0
203,0500000US06033,0,79,0,0,38,598,0,53,0,52,40,29,0,436,0,0,0,549,0
204,0500000US06035,0,0,0,38,50,263,38,0,0,60,56,0,16,110,0,6,0,179,0
205,0500000US06037,698,29074,1725,327,130974,416221,15107,5078,9040,40264,224630,3847,1339,145836,78,720,43648,519936,305
206,0500000US06039,0,16,0,148,515,1256,5,112,29,31,59,0,152,487,0,17,0,1046,0
207,0500000US06041,11,518,27,0,1882,4639,161,34,51,363,1968,25,19,3355,0,43,251,7211,0
208,0500000US06043,0,28,0,0,30,138,0,0,0,0,17,0,7,53,0,0,0,163,0
209,0500000US06045,0,150,0,0,339,695,54,37,9,12,144,0,12,271,0,0,21,916,0
210,0500000US06047,0,1251,12,1123,825,4206,80,699,0,162,637,58,6762,1029,156,0,80,1313,38
211,0500000US06049,0,0,0,0,4,13,0,0,0,69,15,0,0,7,0,0,0,17,0
212,0500000US06051,0,0,0,0,15,71,0,0,0,76,27,0,0,114,0,0,0,2,0
213,0500000US06053,0,323,20,0,1878,15878,87,84,130,113,2807,78,229,3888,25,0,316,5366,0
214,0500000US06055,4,63,8,0,618,8609,111,6,0,15,563,0,14,1167,0,0,122,1826,0
215,0500000US06057,0,134,0,0,189,1007,138,50,0,140,117,0,0,662,0,0,67,872,4
216,0500000US06059,213,7532,854,36,240511,113094,6621,4109,824,11792,116566,293,2125,57152,14,210,18394,147312,61
217,0500000US06061,77,495,79,377,2850,17296,371,207,138,254,2411,531,222,4825,0,118,383,8165,16
218,0500000US06063,0,0,0,0,0,185,0,0,0,0,2,0,0,0,0,0,0,10,0
219,0500000US06065,28,3118,95,23,23591,87912,3314,2439,383,4236,14445,33,954,16079,6,90,3192,37349,0
220,0500000US06067,29,2774,137,5420,39885,72859,1342,7810,419,4795,11078,256,34954,21445,31,7,1943,62174,72
221,0500000US06069,0,0,0,0,49,2808,21,36,0,4,162,0,0,722,0,0,1,395,0
222,0500000US06071,31,4386,464,84,18691,67572,7100,1254,932,4390,17822,64,615,13330,0,39,5644,59250,40
223,0500000US06073,243,5780,584,207,60828,203285,3965,9555,1798,8551,32948,413,1449,40421,43,340,7478,86137,21
224,0500000US06075,245,2949,330,10,20165,44252,1232,960,1098,1973,14922,840,470,16368,0,112,4678,193694,25
225,0500000US06077,0,1343,0,397,10724,58252,611,3530,464,16323,1803,0,7106,5533,0,23,491,16459,44
226,0500000US06079,10,146,29,0,1339,5033,231,57,12,120,1463,0,14,3037,0,0,461,3542,0
227,0500000US06081,258,1985,462,102,8150,78858,1646,115,2876,1182,10747,291,716,15353,0,164,3504,111541,36
228,0500000US06083,41,458,0,9,2748,10528,369,174,100,533,2479,22,399,3977,0,0,670,7894,42
229,0500000US06085,527,3113,1138,102,152550,104063,2889,2385,1853,5872,41985,665,1378,36839,0,49,20840,244593,288
230,0500000US06087,6,321,122,0,939,4402,81,37,7,175,1385,17,85,2947,0,0,305,4862,0
231,0500000US06089,0,107,0,1344,432,2534,42,596,30,11,610,0,345,397,0,0,151,1248,0
232,0500000US06091,0,0,0,0,0,0,0,0,0,0,0,0,0,0,0,0,0,0,0
233,0500000US06093,0,29,0,0,18,392,2,147,0,12,33,0,46,273,0,0,0,261,0
234,0500000US06095,0,1055,134,435,4053,61800,505,898,58,476,3563,0,371,5489,0,39,228,10741,103
235,0500000US06097,33,466,16,0,4059,9998,423,712,145,1026,1581,0,68,3242,0,85,511,7215,0
236,0500000US06099,6,310,0,172,2579,10940,208,1105,102,3811,2014,0,807,2257,0,7,218,4822,0
237,0500000US06101,0,94,0,33,413,1695,8,30,40,82,239,22,810,934,0,0,27,352,0
238,0500000US06103,0,0,0,0,126,446,2,429,0,3,47,0,270,96,0,0,0,202,0
239,0500000US06105,0,26,0,0,0,88,0,4,0,0,0,0,305,78,0,0,0,39,0
240,0500000US06107,0,201,0,762,874,7990,201,1833,0,203,1086,60,1643,1519,0,0,11,2257,0
241,0500000US06109,0,4,0,6,61,518,16,0,0,7,118,0,82,449,0,0,9,234,0
242,0500000US06111,25,952,43,92,5953,26992,960,148,75,918,6256,73,166,9468,0,73,1147,14868,0
243,0500000US06113,19,479,40,214,2872,7227,159,319,125,670,2758,44,304,3025,0,0,626,13809,41
244,0500000US06115,0,65,0,0,473,1355,25,88,0,38,137,0,3975,553,0,0,53,888,0
245,0500000US08001,0,594,35,0,5449,4119,357,600,1283,649,2476,0,2517,2206,0,0,131,4303,0
246,0500000US08003,0,20,0,0,18,33,0,0,0,0,56,0,0,22,0,0,0,23,0
247,0500000US08005,165,747,56,0,7566,7242,1090,611,869,984,8382,317,83,3962,0,11,424,8619,0
248,0500000US08007,0,0,0,0,0,0,0,0,0,0,0,40,0,47,0,0,0,19,0
249,0500000US08009,0,0,0,0,54,33,0,0,0,0,0,0,0,0,0,0,0,0,0
250,0500000US08011,0,0,0,0,3,5,0,0,0,0,0,0,0,6,0,0,0,0,0
251,0500000US08013,0,360,35,0,1182,2230,133,30,48,426,2178,0,302,2728,0,20,405,6099,0
252,0500000US08014,6,75,53,0,741,981,82,77,0,96,517,54,64,508,0,0,4,1422,0
253,0500000US08015,9,15,0,0,84,0,0,0,0,0,104,0,17,7,0,0,0,15,0
254,0500000US08017,0,0,0,0,0,0,0,0,0,0,5,0,0,0,0,0,0,0,0
255,0500000US08019,0,6,0,0,2,55,45,0,0,0,25,0,0,0,0,0,0,23,0
256,0500000US08021,0,0,0,0,21,2,0,0,0,0,15,0,0,7,0,0,0,0,0
257,0500000US08023,0,6,0,0,0,1,0,0,0,0,0,0,0,45,0,0,0,0,0
258,0500000US08025,0,0,0,0,200,50,0,0,0,0,12,0,0,4,0,0,0,0,0
259,0500000US08027,0,0,0,0,8,25,0,0,0,0,0,0,0,18,0,0,0,0,0
260,0500000US08029,0,50,0,0,40,139,0,0,119,0,0,0,0,29,0,0,35,5,0
261,0500000US08031,24,724,186,0,7183,5088,583,251,242,816,4261,627,78,3682,0,8,528,7305,0
262,0500000US08033,0,0,0,0,0,0,0,0,0,0,0,0,0,0,0,0,0,0,0
263,0500000US08035,0,577,51,0,1933,3495,232,283,0,24,4321,201,178,2411,0,0,214,4239,0
264,0500000US08037,0,0,0,0,30,118,0,0,0,0,83,0,0,59,0,0,0,115,0
265,0500000US08039,0,14,0,0,33,170,51,25,0,0,138,0,0,66,0,0,0,43,0
266,0500000US08041,32,1157,0,0,2616,10341,385,245,37,85,8617,191,74,4678,0,26,411,5829,0
267,0500000US08043,0,0,0,0,193,62,0,0,0,0,51,0,0,52,0,0,0,118,0
268,0500000US08045,0,14,0,0,62,184,0,0,0,14,89,0,0,85,0,0,0,335,0
269,0500000US08047,0,11,0,0,17,14,0,0,0,0,8,4,0,12,0,0,0,10,0
270,0500000US08049,0,0,0,0,0,0,0,0,0,0,0,0,0,33,0,0,0,1,0
271,0500000US08051,0,10,0,0,24,28,0,0,0,0,59,0,0,73,0,0,0,43,0
272,0500000US08053,0,0,0,0,0,30,0,0,0,0,0,0,0,0,0,0,0,0,0
273,0500000US08055,0,0,0,0,0,0,0,0,0,0,0,0,0,0,0,0,0,0,0
274,0500000US08057,0,0,0,0,0,0,0,0,0,0,0,0,0,0,0,0,0,0,0
275,0500000US08059,12,542,9,0,4472,3045,189,300,38,258,2699,135,341,3252,18,45,406,5118,0
276,0500000US08061,0,0,0,0,0,0,0,0,0,0,0,0,0,0,0,0,0,0,0
277,0500000US08063,0,0,0,0,0,45,0,0,0,0,28,0,0,22,0,0,0,0,0
278,0500000US08065,0,0,0,0,0,7,0,0,0,0,21,0,0,9,0,13,0,25,0
279,0500000US08067,0,7,0,0,90,170,12,0,0,0,56,7,0,169,0,0,0,126,0
280,0500000US08069,0,470,35,0,1004,1473,192,37,7,91,1694,0,11,1404,0,0,128,2846,0
281,0500000US08071,0,96,22,0,0,75,35,0,0,0,121,0,0,0,0,0,0,42,0
282,0500000US08073,0,0,0,0,0,0,0,0,0,0,0,0,0,0,0,0,0,0,0
283,0500000US08075,0,0,0,0,18,26,0,0,0,17,73,0,0,58,0,0,0,56,0
284,0500000US08077,0,68,0,0,372,821,0,0,0,0,327,0,0,625,0,0,27,459,0
285,0500000US08079,0,0,0,0,0,0,0,0,0,0,0,34,0,11,0,0,0,0,0
286,0500000US08081,0,0,0,0,0,80,0,0,0,0,24,0,0,35,0,0,0,0,0
287,0500000US08083,0,21,0,0,0,42,8,0,0,16,0,0,0,19,0,3,0,173,0
288,0500000US08085,0,0,0,0,39,150,0,0,0,21,67,0,0,155,0,0,0,65,0
289,0500000US08087,0,0,0,0,2,63,0,0,0,0,51,0,0,95,0,0,0,71,0
290,0500000US08089,0,0,0,0,32,24,0,0,0,0,41,34,0,24,0,0,0,5,0
291,0500000US08091,0,0,0,0,73,0,11,0,0,0,4,0,0,0,0,0,0,16,0
292,0500000US08093,0,0,0,0,0,83,0,0,0,0,85,0,0,17,0,0,0,25,0
293,0500000US08095,0,0,0,0,0,6,0,0,0,0,4,0,0,0,0,0,0,0,0
294,0500000US08097,0,101,0,0,0,60,216,0,0,0,3,0,0,2,0,0,0,110,0
295,0500000US08099,0,0,0,0,0,46,0,0,0,0,48,0,0,0,0,0,0,9,0
296,0500000US08101,25,147,0,0,139,934,59,0,0,0,546,0,0,443,0,0,6,254,0
297,0500000US08103,0,0,0,0,0,0,0,0,0,0,7,0,0,9,0,0,0,12,92
298,0500000US08105,0,0,0,0,0,0,0,0,0,0,2,0,0,11,0,0,0,0,0
299,0500000US08107,0,4,0,0,42,104,7,0,3,0,10,0,0,75,0,0,0,117,0
300,0500000US08109,0,0,0,0,0,82,0,0,0,0,0,0,0,0,0,0,0,0,0
301,0500000US08111,0,0,0,0,0,0,0,0,0,0,0,0,0,5,0,0,0,9,0
302,0500000US08113,0,0,0,0,0,16,0,0,0,0,0,0,2,0,0,0,0,17,0
303,0500000US08115,0,0,0,0,0,4,0,0,0,0,9,0,0,28,0,0,0,19,0
304,0500000US08117,0,81,0,0,16,0,0,0,0,0,37,0,0,107,0,0,0,129,0
305,0500000US08119,0,109,0,0,25,31,103,0,0,0,90,0,0,20,0,0,0,46,0
306,0500000US08121,0,0,0,0,1,8,0,0,0,11,9,0,0,7,0,0,0,0,0
307,0500000US08123,0,336,18,0,905,1932,26,118,346,284,676,68,928,1368,6,18,341,1278,0
308,0500000US08125,0,0,0,0,0,20,0,0,0,0,0,0,0,0,0,0,0,45,0
309,0500000US09110,43,422,165,0,4616,4701,174,974,206,304,3694,30,2,1844,0,12,512,12467,0
310,0500000US09120,25,169,122,0,1963,2120,95,1426,135,978,1240,131,0,356,0,0,50,3661,0
311,0500000US09130,11,73,8,0,489,716,7,44,0,430,354,23,8,361,13,0,93,2130,0
312,0500000US09140,18,102,114,0,1686,2115,248,255,19,1739,1972,0,0,499,0,0,124,5537,0
313,0500000US09150,0,40,0,0,65,778,57,89,0,0,293,0,21,163,0,0,0,398,0
314,0500000US09160,2,25,0,0,277,471,165,201,29,215,578,0,0,270,0,0,5,638,0
315,0500000US09170,13,475,95,0,1904,3386,129,586,5,346,3194,30,0,903,15,0,432,8771,55
316,0500000US09180,0,290,0,0,606,3831,177,178,0,30,607,0,6,554,6,5,9,4030,0
317,0500000US09190,27,299,58,0,1240,4081,104,387,75,823,2807,170,0,1924,0,0,652,11130,0
318,0500000US10001,0,382,2,0,325,1675,15,27,0,14,702,0,64,422,0,0,18,505,0
319,0500000US10003,0,179,60,0,1824,4547,271,82,33,45,2031,14,0,1150,0,0,531,7868,0
320,0500000US10005,0,93,0,0,646,1071,9,97,11,14,398,0,0,256,0,0,38,516,0
321,0500000US11001,19,357,97,0,2618,4081,548,36,243,133,4914,6,4,2330,5,39,851,9623,14
322,0500000US12001,0,18,38,0,1578,4260,305,28,0,41,1875,0,0,878,0,0,258,5223,0
323,0500000US12003,0,36,0,0,8,91,0,0,0,24,18,0,0,18,0,0,0,103,0
324,0500000US12005,0,559,0,0,1554,1781,18,21,0,0,742,8,0,295,0,0,56,378,0
325,0500000US12007,0,47,0,0,10,33,4,0,0,0,4,0,0,0,0,0,0,0,0
326,0500000US12009,33,1042,0,14,2808,6797,108,270,0,226,1560,0,0,2375,0,168,198,4965,12
327,0500000US12011,73,990,155,0,7585,12810,277,252,171,226,2967,0,52,3223,10,0,671,20314,0
328,0500000US12013,0,23,0,0,19,54,0,0,0,0,12,0,0,0,0,0,0,0,0
329,0500000US12015,0,137,23,0,338,1424,81,31,0,140,113,0,0,450,0,0,0,605,0
330,0500000US12017,0,101,0,0,154,1666,0,75,0,0,244,0,72,597,0,0,0,287,0
331,0500000US12019,0,184,156,0,387,6221,35,0,56,18,366,44,0,952,0,0,23,859,0
332,0500000US12021,0,50,10,0,973,1912,118,0,99,13,525,0,0,488,0,21,89,1771,0
333,0500000US12023,0,36,0,0,135,315,0,0,0,0,79,0,0,34,0,0,0,58,0
334,0500000US12027,0,0,0,0,0,0,0,0,0,10,18,0,0,12,0,0,0,53,0
335,0500000US12029,0,0,0,0,0,4,0,0,0,0,15,0,0,43,0,0,0,11,0
336,0500000US12031,17,910,14,0,5285,23613,84,812,2769,1925,2521,0,131,2011,8,24,306,5957,0
337,0500000US12033,0,161,26,12,1878,7076,143,100,22,167,973,9,58,1536,0,17,92,2948,0
338,0500000US12035,0,248,0,0,393,1084,67,0,26,50,116,105,0,279,0,0,0,637,0
339,0500000US12037,0,22,0,0,0,8,0,0,0,0,0,0,0,0,0,0,0,0,0
340,0500000US12039,0,0,0,0,0,42,13,0,0,0,0,0,0,10,0,0,0,27,0
341,0500000US12041,0,0,0,0,12,119,0,0,0,0,9,0,0,0,0,0,0,0,0
342,0500000US12043,0,0,0,0,0,46,0,0,0,0,0,0,0,0,0,0,0,40,0
343,0500000US12045,0,0,0,0,0,7,0,0,0,0,35,0,0,0,0,0,0,0,0
344,0500000US12047,0,14,0,0,5,60,0,0,0,0,51,0,0,0,0,0,0,0,0
345,0500000US12049,0,37,0,0,4,122,0,0,43,0,0,0,92,0,0,0,0,74,0
346,0500000US12051,0,0,40,0,0,24,0,0,0,0,0,0,0,0,0,0,0,127,0
347,0500000US12053,0,256,0,0,506,1072,53,26,250,0,132,0,0,348,0,0,0,513,0
348,0500000US12055,0,40,3,0,122,780,0,0,0,0,59,0,78,89,0,0,59,146,0
349,0500000US12057,0,2437,20,0,10511,12830,231,304,305,592,4715,30,262,3274,0,4,702,11549,5
350,0500000US12059,0,26,0,0,15,96,0,0,0,0,5,0,0,0,0,0,0,32,0
351,0500000US12061,0,196,22,0,665,684,0,17,39,19,268,0,90,350,0,0,0,559,0
352,0500000US12063,0,58,0,0,27,97,0,0,0,22,0,0,0,46,0,0,0,33,0
353,0500000US12065,0,0,0,0,0,102,0,0,0,0,0,0,0,13,0,0,0,0,0
354,0500000US12067,0,0,0,0,0,5,0,0,0,0,0,0,0,0,0,0,0,0,0
355,0500000US12069,0,233,26,0,2124,1771,109,0,19,37,687,0,0,896,0,0,0,1837,0
356,0500000US12071,29,308,36,0,2465,4405,138,643,188,185,561,20,0,828,0,0,111,4255,0
357,0500000US12073,0,365,23,0,1069,2291,8,13,56,54,892,0,0,816,0,0,121,3004,0
358,0500000US12075,0,0,0,0,0,102,0,0,0,9,6,0,0,75,0,0,0,137,0
359,0500000US12077,0,0,0,0,70,0,0,0,0,0,0,0,0,4,0,0,0,0,0
360,0500000US12079,0,0,0,0,2,0,0,0,0,0,21,0,0,0,0,0,0,1,0
361,0500000US12081,65,224,13,0,2819,2095,0,153,6,278,969,6,62,491,0,7,78,2264,0
362,0500000US12083,0,638,45,0,874,1149,85,12,0,116,753,0,0,995,0,0,196,1655,0
363,0500000US12085,0,284,0,0,316,947,0,0,16,27,186,0,0,59,0,0,0,697,0
364,0500000US12086,28,1647,90,0,3352,8261,409,422,192,154,2871,38,41,2537,0,0,848,18191,90
365,0500000US12087,0,9,0,0,121,582,0,0,0,0,55,0,0,66,9,0,18,355,0
366,0500000US12089,0,0,9,0,213,609,15,0,0,0,62,0,0,43,0,0,0,582,0
367,0500000US12091,0,1525,0,0,1055,4656,90,0,0,0,1046,0,82,875,0,19,59,677,0
368,0500000US12093,0,7,0,0,79,256,0,5,0,0,5,0,0,41,0,0,0,76,0
369,0500000US12095,77,1765,95,0,16083,14591,291,656,339,1136,3751,18,64,3930,0,37,713,17997,0
370,0500000US12097,0,130,0,0,1039,4709,0,785,29,161,365,0,0,252,0,0,47,2517,0
371,0500000US12099,0,1924,25,0,7466,8155,301,100,326,316,2633,0,0,2514,16,13,320,11015,33
372,0500000US12101,0,596,0,0,3724,5423,368,205,51,106,994,49,159,1190,0,16,95,3122,0
373,0500000US12103,36,1133,83,0,12447,8007,141,2019,402,1608,2255,20,197,1894,5,15,163,4427,12
374,0500000US12105,0,427,47,0,1065,4557,136,787,362,248,1107,0,94,840,0,0,102,2224,0
375,0500000US12107,0,15,0,0,39,109,0,250,0,0,32,0,0,32,0,0,0,40,0
376,0500000US12109,13,163,0,0,616,2625,166,32,12,34,745,0,14,1106,0,0,89,2363,0
377,0500000US12111,77,217,0,0,974,2876,5,50,0,67,337,0,0,530,0,0,0,1033,0
378,0500000US12113,0,171,40,0,695,2877,0,64,15,80,1231,35,0,1306,0,0,19,711,0
379,0500000US12115,0,626,66,0,1962,2063,140,51,204,46,661,0,0,473,0,0,27,2199,0
380,0500000US12117,0,614,38,0,4237,4637,173,192,167,76,2025,0,0,796,40,31,678,5113,0
381,0500000US12119,0,42,0,0,294,691,0,0,84,42,94,0,0,250,0,0,0,177,0
382,0500000US12121,0,0,0,0,11,82,0,0,0,0,4,0,0,0,0,0,0,138,0
383,0500000US12123,0,0,0,0,0,18,0,0,0,0,79,0,0,6,0,0,0,0,0
384,0500000US12125,0,0,0,0,3,87,0,15,0,0,18,0,0,4,0,0,0,6,0
385,0500000US12127,0,409,28,0,2820,3528,51,126,95,45,1156,0,138,785,0,0,135,2375,0
386,0500000US12129,0,7,0,0,7,117,0,0,0,0,0,0,0,151,0,0,13,56,0
387,0500000US12131,0,169,0,0,142,424,68,27,0,0,397,14,0,124,0,0,0,188,0
388,0500000US12133,0,24,0,0,71,77,11,0,0,0,52,0,0,6,0,0,0,33,0
389,0500000US13001,0,0,0,0,0,69,0,0,0,0,0,0,0,0,0,0,0,46,0
390,0500000US13003,0,0,0,0,0,0,0,0,0,0,0,0,0,42,0,0,0,0,0
391,0500000US13005,0,0,0,0,9,39,0,0,0,0,0,0,0,0,0,0,0,0,0
392,0500000US13007,0,0,0,0,152,9,0,0,0,0,0,0,0,0,0,0,0,0,0
393,0500000US13009,0,13,0,0,0,7,12,0,0,0,505,0,0,9,0,0,61,47,0
394,0500000US13011,0,0,0,0,166,73,0,0,0,0,65,0,0,0,0,0,0,60,0
395,0500000US13013,0,11,0,0,260,261,34,155,0,95,276,0,2179,25,0,0,0,155,0
396,0500000US13015,0,0,33,0,254,711,0,7,0,91,81,0,0,109,0,0,28,49,0
397,0500000US13017,0,0,0,0,0,0,0,0,0,0,10,0,0,17,0,0,0,23,0
398,0500000US13019,0,0,0,0,74,13,0,0,162,0,97,0,0,0,0,0,0,0,0
399,0500000US13021,0,178,1,0,648,424,0,189,33,0,683,0,0,130,0,0,21,429,0
400,0500000US13023,0,0,0,0,14,34,0,0,12,0,30,0,0,3,0,0,0,51,0
401,0500000US13025,0,0,0,0,27,0,0,0,0,0,0,0,0,0,0,0,0,0,0
402,0500000US13027,0,0,0,0,0,91,0,0,0,0,4,0,0,61,0,0,0,0,0
403,0500000US13029,0,95,0,0,74,260,0,0,0,0,396,0,0,186,0,0,0,162,0
404,0500000US13031,0,65,3,0,137,394,0,0,0,0,89,0,6,101,0,0,3,300,0
405,0500000US13033,0,0,0,0,0,22,0,0,0,0,107,0,0,7,0,0,0,0,0
406,0500000US13035,0,0,0,0,6,6,0,0,0,0,0,0,0,5,0,0,0,24,0
407,0500000US13037,0,0,0,0,0,22,0,0,0,0,0,0,2,4,0,0,0,0,0
408,0500000US13039,0,40,0,0,63,585,8,0,0,124,142,0,0,281,0,0,0,177,0
409,0500000US13043,0,0,0,0,17,57,0,0,0,0,21,0,0,14,0,0,0,19,0
410,0500000US13045,0,190,0,0,109,346,39,105,43,81,83,0,0,119,0,0,1,185,0
411,0500000US13047,0,0,0,0,93,246,0,96,0,13,183,0,0,123,0,4,0,254,0
412,0500000US13049,0,0,0,0,0,17,0,0,0,0,0,0,0,3,0,0,0,1,0
413,0500000US13051,0,389,38,0,1854,2318,118,539,69,64,1089,0,0,488,0,0,0,3027,0
414,0500000US13053,0,3,0,0,0,256,0,0,0,17,43,0,16,13,0,0,8,66,0
415,0500000US13055,0,0,0,0,11,14,0,0,0,0,11,0,0,80,0,0,0,1,0
416,0500000US13057,0,80,0,0,615,1623,112,0,0,422,706,0,0,810,0,0,90,1329,0
417,0500000US13059,0,87,40,0,461,544,13,86,572,7,882,0,92,190,0,0,50,1514,0
418,0500000US13061,0,0,0,0,0,0,0,0,0,0,0,0,0,0,0,0,0,0,0
419,0500000US13063,0,280,25,0,9929,1283,49,1107,4,982,422,0,0,386,0,0,0,1302,0
420,0500000US13065,0,0,0,0,5,9,0,0,0,0,0,0,0,0,0,0,0,3,0
421,0500000US13067,44,589,113,0,5270,4624,236,528,144,573,4471,6,0,2002,0,0,599,6580,0
422,0500000US13069,0,105,0,0,58,2,0,0,0,0,15,0,0,67,0,0,0,8,0
423,0500000US13071,0,0,0,0,245,58,0,0,0,0,75,0,0,0,0,0,0,19,0
424,0500000US13073,0,92,0,0,1581,1375,0,0,0,46,1869,75,0,764,0,19,134,954,0
425,0500000US13075,0,0,0,0,26,117,0,0,0,0,24,0,0,0,0,0,0,8,0
426,0500000US13077,0,15,0,0,782,519,0,16,0,13,783,0,0,570,0,0,11,847,0
427,0500000US13079,0,0,0,0,0,81,0,0,0,0,0,0,0,0,0,0,0,11,0
428,0500000US13081,0,0,0,0,63,0,0,0,0,0,59,0,0,32,0,0,0,54,0
429,0500000US13083,0,0,0,0,9,2,0,0,0,0,4,0,0,6,0,0,0,4,0
430,0500000US13085,0,0,0,0,0,235,0,0,0,0,90,0,0,0,0,0,0,10,0
431,0500000US13087,0,9,0,0,0,46,0,0,0,0,0,0,0,0,0,0,0,0,0
432,0500000US13089,76,1176,185,0,4670,3505,212,230,3047,423,4688,0,36,1979,0,19,565,9680,7
433,0500000US13091,0,0,0,0,0,0,0,0,0,0,0,0,0,0,0,0,0,3,0
434,0500000US13093,0,0,0,0,0,0,0,0,0,0,0,0,0,0,0,0,0,0,0
435,0500000US13095,0,21,0,0,84,298,0,0,0,0,62,0,0,183,0,0,62,273,0
436,0500000US13097,0,55,0,0,763,422,0,0,0,0,137,0,0,64,0,0,0,153,0
437,0500000US13099,0,0,0,0,0,0,0,0,0,0,0,0,0,0,0,0,0,31,0
438,0500000US13101,0,0,0,0,0,0,0,0,0,0,46,0,0,0,0,0,0,187,0
439,0500000US13103,0,272,0,0,122,332,6,0,0,0,72,18,0,111,0,0,0,199,0
440,0500000US13105,0,0,0,0,86,12,0,0,0,0,46,0,0,9,0,0,0,0,0
441,0500000US13107,0,0,4,0,6,6,0,0,0,0,7,0,0,0,0,0,0,0,0
442,0500000US13109,0,0,0,0,6,34,0,0,0,0,0,0,0,0,0,0,0,1,0
443,0500000US13111,0,10,0,0,39,90,0,0,0,0,39,0,0,0,0,0,5,39,0
444,0500000US13113,0,122,30,0,519,959,60,178,0,451,1084,0,0,1066,0,0,32,878,0
445,0500000US13115,0,74,0,0,314,103,0,8,0,0,216,8,0,118,0,8,0,281,0
446,0500000US13117,0,89,31,0,1541,1977,60,185,20,155,3945,16,34,645,0,33,172,6077,0
447,0500000US13119,0,0,0,0,313,32,25,0,0,0,29,0,0,9,0,0,0,3,0
448,0500000US13121,24,682,256,0,3478,6677,681,274,87,202,10729,34,79,4113,0,0,1179,19519,0
449,0500000US13123,0,0,0,0,81,102,0,0,0,68,0,0,0,73,0,0,0,33,0
450,0500000US13125,0,0,0,0,0,0,0,0,0,0,0,0,0,0,0,0,0,0,0
451,0500000US13127,0,19,17,0,397,613,0,42,0,13,327,83,0,217,0,0,0,80,0
452,0500000US13129,0,29,0,0,356,203,0,0,0,0,0,0,0,54,0,0,0,300,0
453,0500000US13131,0,0,0,0,0,37,0,0,0,0,0,0,0,0,0,0,0,0,0
454,0500000US13133,0,0,0,0,21,131,0,0,0,33,1,0,0,0,0,0,0,11,0
455,0500000US13135,13,707,107,26,27096,5928,1276,1948,1948,1733,30053,32,1351,2923,0,107,1071,20259,0
456,0500000US13137,0,0,0,0,206,332,0,415,0,28,13,0,0,49,0,0,0,15,0
457,0500000US13139,0,25,0,0,2042,784,67,108,0,33,573,0,0,514,0,31,123,399,0
458,0500000US13141,0,0,0,0,11,0,0,0,0,0,9,0,0,0,0,0,0,1,0
459,0500000US13143,0,0,0,0,0,60,0,0,0,0,0,0,0,37,0,0,0,133,0
460,0500000US13145,0,10,0,0,32,90,0,0,0,0,167,0,0,252,0,0,0,32,0
461,0500000US13147,0,0,0,0,235,53,0,0,0,11,36,0,0,33,0,0,0,0,0
462,0500000US13149,0,0,0,0,78,0,0,0,0,0,29,0,0,0,0,0,0,5,0
463,0500000US13151,0,94,0,0,3601,1252,5,119,8,274,359,0,0,371,0,7,14,660,0
464,0500000US13153,0,429,0,0,1351,2336,0,108,156,44,1280,0,20,240,0,0,42,615,0
465,0500000US13155,0,12,0,0,0,0,0,0,0,0,0,0,0,108,0,0,0,0,0
466,0500000US13157,0,25,0,0,215,537,61,54,0,0,242,0,575,46,0,0,0,298,0
467,0500000US13159,0,0,0,0,0,0,0,0,0,29,0,6,0,0,0,0,0,0,0
468,0500000US13161,0,0,0,0,0,104,0,0,0,0,1,0,0,0,0,0,0,8,0
469,0500000US13163,0,0,0,0,0,1,0,0,0,0,0,0,0,8,0,0,0,60,0
470,0500000US13165,0,0,0,0,0,2,0,0,0,0,0,0,0,0,0,0,0,0,0
471,0500000US13167,0,0,0,0,13,34,0,0,0,0,0,0,0,0,0,0,0,13,0
472,0500000US13169,0,0,0,0,8,56,0,0,0,0,16,0,0,0,0,0,0,33,0
473,0500000US13171,0,119,0,0,11,0,0,0,0,0,19,0,0,0,0,0,0,31,0
474,0500000US13173,0,0,0,0,0,19,0,0,0,0,65,0,0,24,0,0,0,0,0
475,0500000US13175,0,0,0,0,0,217,0,0,0,0,0,0,0,0,0,0,8,57,0
476,0500000US13177,0,84,0,0,149,226,0,0,0,0,365,0,0,0,0,0,0,16,0
477,0500000US13179,0,5,0,0,198,443,4,16,0,14,685,0,0,369,0,0,0,77,0
478,0500000US13181,0,0,0,0,8,0,0,0,0,0,0,0,0,0,0,0,0,0,0
479,0500000US13183,0,0,0,0,12,0,0,0,0,0,176,0,0,44,0,0,0,0,0
480,0500000US13185,0,298,0,0,216,1183,6,95,0,0,556,0,0,103,0,0,18,458,0
481,0500000US13187,0,3,0,0,11,14,0,0,0,0,34,0,13,220,0,0,0,115,0
482,0500000US13189,0,0,0,0,0,0,27,75,0,0,19,0,0,10,0,0,0,0,0
483,0500000US13191,0,0,0,0,12,24,0,0,0,6,0,0,0,0,0,0,0,6,0
484,0500000US13193,0,0,0,0,0,105,0,0,0,0,0,0,0,0,0,0,0,7,0
485,0500000US13195,0,0,0,0,97,87,3,0,473,0,0,0,0,48,0,0,0,32,0
486,0500000US13197,0,0,0,0,0,60,0,0,0,0,0,0,0,0,0,0,0,0,0
487,0500000US13199,0,6,0,0,0,0,0,0,0,0,85,0,0,0,0,0,0,2,0
488,0500000US13201,0,0,0,0,8,11,0,0,8,8,8,0,0,0,0,0,0,1,0
489,0500000US13205,0,0,0,0,0,0,0,0,0,0,1,0,0,12,0,0,0,0,0
490,0500000US13207,0,0,0,0,0,129,0,0,0,0,1,0,0,1,0,0,0,244,0
491,0500000US13209,0,0,0,0,7,0,0,0,0,0,21,0,0,0,0,0,0,2,0
492,0500000US13211,0,0,0,0,2,54,0,0,0,0,32,0,0,10,0,0,0,1,0
493,0500000US13213,35,0,0,0,16,0,0,0,0,0,23,0,0,0,0,0,0,0,0
494,0500000US13215,0,366,14,0,570,1441,0,37,51,0,1989,10,0,485,0,0,99,264,0
495,0500000US13217,0,20,140,0,173,369,0,0,0,239,333,0,0,168,0,0,0,317,0
496,0500000US13219,0,10,0,0,85,137,0,13,0,16,367,0,7,201,0,0,66,760,0
497,0500000US13221,0,0,0,0,134,0,0,0,0,0,0,0,0,0,0,0,0,0,0
498,0500000US13223,0,19,0,0,260,783,41,0,0,105,204,0,0,292,0,22,14,616,0
499,0500000US13225,0,0,0,0,0,118,0,0,0,0,24,0,0,0,0,0,17,227,0
500,0500000US13227,0,0,0,0,23,20,0,0,0,0,15,0,0,113,0,0,0,58,0
501,0500000US13229,0,0,0,0,0,0,0,0,0,0,0,0,0,0,0,0,0,0,0
502,0500000US13231,0,0,0,0,66,0,0,0,0,0,15,0,0,0,0,12,0,22,0
503,0500000US13233,0,0,0,0,0,0,0,0,0,0,0,0,0,34,0,0,0,0,0
504,0500000US13235,0,0,0,0,0,23,0,0,0,0,0,0,0,30,0,0,0,3,0
505,0500000US13237,0,35,0,0,0,36,0,0,0,0,40,35,36,54,0,0,0,7,0
506,0500000US13239,0,0,0,0,0,0,0,0,0,0,0,0,0,0,0,0,0,0,0
507,0500000US13241,0,0,0,0,57,3,0,0,0,0,0,0,0,19,0,0,2,0,0
508,0500000US13243,0,0,0,0,0,0,0,0,0,0,14,0,0,0,0,0,0,9,0
509,0500000US13245,0,67,0,0,269,1398,15,72,0,28,1247,38,0,380,0,0,15,1044,0
510,0500000US13247,0,51,0,0,769,391,0,0,0,104,485,0,0,158,0,0,59,82,0
511,0500000US13249,0,0,0,0,0,0,0,0,0,0,0,0,0,0,0,0,0,0,0
512,0500000US13251,0,0,0,0,0,0,0,0,0,0,0,0,0,12,0,0,0,0,0
513,0500000US13253,0,0,0,0,0,11,0,0,0,0,0,0,0,0,0,0,0,2,0
514,0500000US13255,0,1,0,0,23,184,0,0,0,0,216,0,0,204,0,0,0,54,0
515,0500000US13257,0,0,0,0,11,0,0,0,0,0,34,0,0,18,0,0,3,36,0
516,0500000US13259,0,0,0,0,9,0,0,0,0,0,0,0,0,0,0,0,0,28,0
517,0500000US13261,0,0,0,0,12,84,0,5,0,0,7,0,0,103,0,0,0,29,0
518,0500000US13263,0,0,0,0,0,8,0,0,0,0,0,0,0,0,0,0,0,0,0
519,0500000US13265,0,0,0,0,0,0,0,0,0,0,1,0,0,17,0,0,0,0,0
520,0500000US13267,0,0,0,0,0,158,0,0,0,0,7,0,0,0,0,0,0,190,0
521,0500000US13269,0,0,0,0,0,0,0,0,0,0,26,0,0,28,0,0,0,0,0
522,0500000US13271,0,0,0,0,0,0,0,0,0,0,10,0,0,0,0,0,0,0,0
523,0500000US13273,0,0,0,0,15,0,0,0,0,0,0,0,0,93,0,0,0,0,0
524,0500000US13275,0,12,0,0,18,43,0,0,0,0,82,0,0,100,0,0,0,96,0
525,0500000US13277,0,0,0,0,246,81,35,0,0,0,28,0,0,0,0,0,0,76,0
526,0500000US13279,0,0,0,0,0,53,0,0,0,0,4,0,0,0,0,0,0,181,0
527,0500000US13281,0,0,0,0,1,25,0,0,0,0,0,0,0,0,0,0,0,21,0
528,0500000US13283,0,0,0,0,0,0,0,0,0,0,0,0,0,0,0,0,0,0,0
529,0500000US13285,0,25,0,0,75,194,0,0,0,0,578,0,0,29,0,0,0,154,0
530,0500000US13287,0,0,0,0,0,0,0,0,0,0,0,0,0,0,0,0,0,0,0
531,0500000US13289,0,0,0,0,0,0,0,0,0,0,13,0,0,0,0,0,0,43,0
532,0500000US13291,0,0,0,0,0,123,7,0,0,0,0,0,0,10,0,0,0,21,0
533,0500000US13293,0,38,0,0,0,28,0,0,0,0,28,0,0,87,0,0,0,18,0
534,0500000US13295,0,0,0,0,3,94,0,0,0,0,291,0,0,72,0,0,0,52,0
535,0500000US13297,0,16,0,0,329,151,0,173,53,88,3,0,286,133,0,0,22,139,0
536,0500000US13299,0,0,19,0,0,98,0,0,144,0,10,0,0,0,0,0,0,18,0
537,0500000US13301,0,0,0,0,0,0,0,0,0,0,13,0,0,0,0,0,0,0,0
538,0500000US13303,0,0,0,0,0,6,31,0,0,0,0,0,0,0,0,0,0,26,0
539,0500000US13305,0,0,0,0,0,23,0,0,240,0,38,0,0,12,0,0,0,14,0
540,0500000US13307,0,0,0,0,0,0,0,0,0,0,0,0,0,0,0,0,0,0,0
541,0500000US13309,0,0,0,0,0,1,0,0,0,0,0,0,0,0,0,0,0,0,0
542,0500000US13311,0,0,0,0,114,58,0,13,0,0,5,0,0,11,0,0,0,0,0
543,0500000US13313,0,28,0,0,281,133,0,0,0,0,348,0,0,210,0,0,0,215,0
544,0500000US13315,0,0,0,0,0,1,0,0,0,0,0,0,0,0,0,0,0,0,0
545,0500000US13317,0,0,0,0,0,0,0,0,0,0,19,0,0,0,0,0,0,0,0
546,0500000US13319,0,0,0,0,1,0,0,0,0,0,0,0,0,0,0,0,0,0,0
547,0500000US13321,0,11,0,0,0,82,0,0,0,0,11,0,0,21,0,0,0,31,0
548,0500000US15001,0,1116,2,0,712,45708,557,341,54,31,4220,83,2,35037,0,685,107,26467,0
549,0500000US15003,34,4188,161,165,15228,252247,771,2510,134,943,43762,248,184,245289,0,9879,1953,169208,38
550,0500000US15005,0,0,0,0,0,12,1,0,0,0,0,0,0,2,0,0,0,4,0
551,0500000US15007,0,121,15,0,164,23323,26,0,0,24,1645,0,0,14405,0,295,25,7277,0
552,0500000US15009,7,542,25,0,1252,48189,138,84,51,44,2893,13,12,24360,0,672,65,17863,0
553,0500000US16001,40,571,66,0,1416,4485,242,897,159,99,2733,12,9,5234,0,27,178,3920,72
554,0500000US16003,0,0,0,0,0,0,0,0,0,0,0,0,0,3,0,0,0,0,0
555,0500000US16005,0,89,0,0,128,465,208,0,35,0,103,0,0,688,0,0,67,199,0
556,0500000US16007,0,0,0,0,0,36,0,0,6,0,4,0,0,0,0,0,0,0,0
557,0500000US16009,0,3,0,0,0,8,0,0,4,0,3,0,0,0,0,0,0,8,0
558,0500000US16011,0,0,0,0,16,112,0,0,0,0,198,0,0,313,0,0,0,33,0
559,0500000US16013,0,0,0,0,0,19,0,0,0,0,0,0,0,56,0,0,0,117,0
560,0500000US16015,0,0,0,0,0,26,11,0,0,0,0,0,0,114,0,0,0,0,0
561,0500000US16017,0,61,0,0,30,211,12,0,0,0,91,0,0,295,0,1,0,131,0
562,0500000US16019,0,102,0,0,41,568,0,0,0,14,123,0,0,806,0,0,8,548,0
563,0500000US16021,0,12,0,0,0,36,0,0,0,0,31,0,0,14,0,0,0,100,0
564,0500000US16023,0,0,0,0,0,0,0,0,0,0,0,0,0,0,0,0,0,0,0
565,0500000US16025,0,0,0,0,0,0,0,0,0,0,0,0,0,0,0,0,0,0,0
566,0500000US16027,0,345,9,0,317,1583,27,152,0,0,623,0,0,772,253,53,12,710,0
567,0500000US16029,0,0,0,0,0,3,0,0,0,0,0,0,0,0,0,0,0,9,0
568,0500000US16031,0,0,0,0,0,85,27,0,36,0,17,0,0,44,0,0,0,17,0
569,0500000US16033,0,0,0,0,0,0,0,0,0,0,0,0,0,3,0,0,0,0,0
570,0500000US16035,0,0,0,0,8,49,0,0,0,0,4,0,0,4,0,0,0,26,0
571,0500000US16037,0,0,0,0,0,134,0,0,0,0,1,0,0,37,0,0,0,0,0
572,0500000US16039,76,36,0,0,34,933,0,5,0,3,40,0,0,166,0,0,0,362,0
573,0500000US16041,0,14,0,0,0,27,0,0,0,0,0,0,0,6,0,0,0,0,0
574,0500000US16043,0,0,0,0,0,0,0,0,0,0,4,0,0,0,0,0,0,7,0
575,0500000US16045,0,0,0,0,12,24,0,0,0,0,34,0,0,169,0,0,0,35,0
576,0500000US16047,0,0,0,0,0,17,0,0,0,0,0,0,0,20,0,0,0,25,0
577,0500000US16049,0,0,0,0,0,120,0,0,0,0,19,9,2,15,0,0,0,10,0
578,0500000US16051,0,0,0,0,0,188,0,0,0,0,25,0,15,58,0,0,0,24,0
579,0500000US16053,0,0,0,0,0,55,0,0,0,0,97,0,0,0,0,0,0,9,0
580,0500000US16055,25,339,3,0,305,1420,27,0,0,41,219,0,0,377,0,0,18,499,0
581,0500000US16057,0,117,15,0,162,287,0,0,0,0,308,0,0,196,0,0,50,253,0
582,0500000US16059,0,9,0,0,0,15,2,0,0,0,0,0,0,11,0,0,0,6,0
583,0500000US16061,0,0,0,0,12,25,0,0,0,0,6,0,0,6,0,0,0,36,0
584,0500000US16063,0,15,0,0,0,30,0,0,0,0,0,0,0,14,0,0,0,31,0
585,0500000US16065,0,23,0,0,15,236,26,0,0,0,204,0,133,86,0,0,117,423,0
586,0500000US16067,0,39,0,0,0,61,0,0,23,0,2,0,0,113,0,0,0,0,0
587,0500000US16069,0,0,0,0,102,56,46,0,0,0,9,0,0,171,0,0,0,45,0
588,0500000US16071,0,0,0,0,0,0,0,0,0,0,0,0,0,0,0,0,0,0,0
589,0500000US16073,0,0,0,0,0,3,0,0,0,0,4,0,0,7,0,0,0,6,0
590,0500000US16075,0,0,0,0,0,167,7,0,0,0,119,0,0,73,0,0,0,144,0
591,0500000US16077,0,0,0,0,0,0,0,0,0,0,0,0,0,3,0,0,0,0,0
592,0500000US16079,0,0,0,0,0,59,39,0,0,0,1,0,0,0,0,0,0,24,0
593,0500000US16081,0,0,0,0,0,0,0,0,0,0,0,0,0,122,0,0,0,6,0
594,0500000US16083,0,15,0,0,90,216,25,36,153,0,169,19,0,456,0,0,0,77,0
595,0500000US16085,0,0,0,0,0,16,0,0,0,0,0,0,0,5,0,0,0,0,0
596,0500000US16087,0,24,0,0,6,12,0,0,0,0,1,0,0,37,0,0,0,0,0
597,0500000US17001,0,11,0,0,115,375,14,23,0,0,103,0,0,40,0,0,6,80,0
598,0500000US17003,0,0,0,0,0,15,0,0,0,0,0,0,0,2,0,0,0,7,0
599,0500000US17005,0,0,0,0,0,43,0,0,0,0,7,0,0,0,0,0,0,4,0
600,0500000US17007,0,0,0,0,24,479,0,88,0,0,148,0,0,72,0,0,0,222,0
601,0500000US17009,0,0,0,0,0,0,0,0,0,2,0,0,0,0,0,0,0,0,0
602,0500000US17011,0,0,0,25,12,235,4,5,0,2,0,0,34,23,0,1,0,36,0
603,0500000US17013,0,0,0,0,0,0,0,0,0,0,0,0,0,2,0,0,0,0,0
604,0500000US17015,0,0,0,0,3,12,0,0,0,0,19,0,0,23,0,0,3,3,0
605,0500000US17017,0,0,0,0,0,53,0,0,61,0,0,0,0,0,0,0,0,28,0
606,0500000US17019,10,584,63,0,1646,2410,56,348,177,41,2702,138,7,1013,0,0,580,8983,0
607,0500000US17021,0,0,0,0,51,1,0,14,0,21,31,0,0,46,0,0,4,12,0
608,0500000US17023,0,15,0,0,1,0,0,0,0,0,0,0,0,0,0,0,0,0,0
609,0500000US17025,0,0,0,0,9,24,0,0,0,0,0,0,0,0,0,0,6,0,0
610,0500000US17027,0,37,0,0,12,75,0,0,0,6,56,0,0,44,0,0,0,50,0
611,0500000US17029,0,15,0,0,31,348,0,0,0,18,71,0,0,54,0,0,0,82,0
612,0500000US17031,206,8213,829,40,20322,91315,1346,1571,2502,2893,41343,5326,366,20573,67,126,4701,96025,280
613,0500000US17033,0,0,0,0,5,95,0,0,0,0,0,0,0,17,0,0,0,1,0
614,0500000US17035,0,0,0,0,0,10,0,0,0,0,0,0,0,0,0,0,0,0,0
615,0500000US17037,0,82,0,0,158,1197,27,87,35,20,241,15,0,302,0,0,0,296,0
616,0500000US17039,0,0,0,0,0,0,0,0,0,0,17,0,0,40,0,0,4,0,0
617,0500000US17041,0,0,0,0,0,129,0,0,0,0,1,0,0,22,0,0,0,0,0
618,0500000US17043,66,1242,29,0,4435,20680,450,668,2330,1177,5793,308,83,3260,12,0,1498,16919,249
619,0500000US17045,0,1,0,0,0,45,0,5,0,0,0,0,0,63,0,0,0,8,0
620,0500000US17047,0,0,0,0,13,34,0,0,0,0,17,0,0,0,0,0,0,0,0
621,0500000US17049,0,20,0,0,0,166,0,0,0,0,0,0,0,8,0,0,0,41,0
622,0500000US17051,0,4,0,0,0,20,0,0,0,0,3,0,0,0,0,61,0,19,0
623,0500000US17053,0,3,0,0,0,12,22,0,0,0,0,0,0,10,0,0,0,22,0
624,0500000US17055,0,8,0,0,71,160,0,0,0,0,14,0,0,0,0,0,0,4,0
625,0500000US17057,0,3,0,0,13,17,0,9,0,0,27,0,0,32,0,2,0,66,0
626,0500000US17059,0,0,0,0,0,12,0,0,0,0,0,0,0,7,0,0,0,0,0
627,0500000US17061,0,30,0,0,0,0,0,0,0,0,0,0,0,0,0,0,0,2,0
628,0500000US17063,0,144,0,0,51,315,0,0,0,2,18,0,0,49,0,0,0,132,0
629,0500000US17065,0,0,0,0,0,137,0,12,0,0,0,0,0,0,0,0,0,0,0
630,0500000US17067,0,11,0,0,10,36,0,0,6,0,1,0,0,13,0,0,0,0,0
631,0500000US17069,0,0,0,0,0,0,0,0,0,0,0,0,0,0,0,0,0,0,0
632,0500000US17071,0,0,0,0,0,2,0,0,0,0,3,0,0,0,0,0,0,5,0
633,0500000US17073,0,0,21,0,57,158,0,0,0,50,33,0,0,3,0,0,0,117,0
634,0500000US17075,0,0,0,0,2,147,0,0,0,0,30,0,0,13,0,0,0,0,0
635,0500000US17077,0,19,23,0,10,226,28,0,0,0,313,15,0,149,0,0,17,376,14
636,0500000US17079,0,22,0,0,0,1,0,0,0,0,0,0,0,12,0,0,0,0,0
637,0500000US17081,0,4,0,0,59,285,0,0,0,0,48,0,47,12,0,0,0,109,0
638,0500000US17083,0,0,0,0,0,45,6,0,0,0,23,0,1,100,0,0,0,23,0
639,0500000US17085,0,1,0,0,154,154,0,0,0,0,79,0,0,111,0,2,0,53,0
640,0500000US17087,0,0,0,0,16,16,0,0,0,0,2,0,0,2,0,0,0,7,0
641,0500000US17089,0,619,26,0,777,7672,324,1737,84,114,1661,68,61,1156,0,0,157,2214,0
642,0500000US17091,0,0,0,0,75,539,28,0,0,43,171,3,0,83,0,0,0,167,0
643,0500000US17093,0,162,0,0,208,1465,0,149,1,134,430,6,8,274,0,0,0,782,0
644,0500000US17095,0,16,0,0,99,156,0,24,0,0,13,0,0,54,0,0,0,141,0
645,0500000US17097,21,475,249,0,1665,14692,173,114,64,725,6943,453,104,2678,0,10,610,11249,0
646,0500000US17099,0,25,0,0,116,397,0,0,0,8,70,0,0,283,0,0,98,66,0
647,0500000US17101,0,0,0,0,14,17,0,0,0,0,0,0,0,0,0,0,0,43,0
648,0500000US17103,0,0,0,0,2,202,0,0,0,0,19,5,0,15,0,0,0,71,0
649,0500000US17105,0,0,0,0,33,237,0,0,0,0,38,0,0,15,0,0,0,18,0
650,0500000US17107,0,0,0,0,0,138,21,0,1,0,49,0,0,0,0,0,25,51,0
651,0500000US17109,0,0,9,0,0,206,9,0,0,0,85,0,0,119,0,0,0,114,0
652,0500000US17111,0,245,0,0,485,4481,43,43,143,157,1692,62,0,752,0,0,49,1038,13
653,0500000US17113,0,34,0,0,542,1146,6,40,223,0,814,0,0,230,0,0,47,1472,0
654,0500000US17115,0,59,0,0,175,380,12,0,0,0,150,0,0,122,0,0,0,263,0
655,0500000US17117,0,0,0,0,3,61,0,0,0,0,145,0,0,38,0,0,0,54,0
656,0500000US17119,0,32,0,0,620,981,14,82,25,0,606,0,0,412,0,12,0,938,0
657,0500000US17121,0,9,0,0,29,49,5,0,0,0,81,0,0,34,0,0,0,64,0
658,0500000US17123,0,0,0,0,0,6,0,0,0,0,0,0,0,10,0,0,0,9,0
659,0500000US17125,0,0,0,0,0,32,0,0,0,0,0,0,0,7,0,0,0,0,0
660,0500000US17127,0,0,0,0,0,2,0,0,0,12,35,0,0,7,0,3,0,4,0
661,0500000US17129,0,0,0,0,0,74,0,0,0,0,0,0,0,0,0,0,0,57,0
662,0500000US17131,0,3,0,0,18,42,5,12,0,0,26,0,0,6,0,0,0,3,0
663,0500000US17133,0,0,0,0,0,63,0,0,0,0,135,0,0,34,0,0,0,93,0
664,0500000US17135,0,0,0,0,0,46,0,0,0,0,4,0,0,0,0,0,4,12,0
665,0500000US17137,0,0,0,0,26,154,0,0,0,0,62,0,0,0,0,0,19,57,0
666,0500000US17139,0,0,0,0,0,0,0,0,0,0,0,0,0,0,0,0,0,19,0
667,0500000US17141,0,0,0,0,0,90,0,12,0,0,64,0,0,44,0,0,5,162,0
668,0500000US17143,0,24,39,0,812,1161,0,36,0,0,557,11,3,237,0,0,129,2062,0
669,0500000US17145,0,0,0,0,8,17,0,0,0,0,1,0,0,16,0,0,0,21,0
670,0500000US17147,0,0,0,0,0,43,0,0,0,0,6,0,0,1,0,0,0,3,0
671,0500000US17149,0,0,0,0,0,32,0,0,0,0,14,0,0,0,0,0,0,8,0
672,0500000US17151,0,0,0,0,0,0,0,0,0,0,0,0,0,1,0,0,0,0,0
673,0500000US17153,0,7,0,0,0,5,0,0,0,0,0,0,0,0,0,0,0,0,0
674,0500000US17155,0,0,0,0,0,17,0,0,0,0,0,0,0,3,0,0,0,15,0
675,0500000US17157,0,0,0,0,0,14,0,0,0,0,0,0,0,7,0,0,0,39,0
676,0500000US17159,0,0,0,0,57,35,0,0,0,0,41,0,0,0,0,0,0,32,0
677,0500000US17161,0,101,0,0,235,699,0,69,1116,57,269,0,0,94,0,0,27,399,137
678,0500000US17163,0,274,0,0,276,1930,103,56,48,63,1000,0,0,690,0,11,0,891,0
679,0500000US17165,0,0,0,0,24,76,0,0,0,0,69,0,0,0,0,0,0,44,0
680,0500000US17167,0,90,0,0,285,1568,0,0,23,47,326,0,0,166,0,0,203,737,0
681,0500000US17169,0,0,0,0,0,49,0,0,0,0,0,0,0,0,0,0,0,0,0
682,0500000US17171,0,0,0,0,1,4,0,0,0,0,1,0,0,0,0,0,0,0,0
683,0500000US17173,0,0,0,0,7,88,0,0,0,0,31,0,0,17,0,0,0,0,0
684,0500000US17175,0,8,0,0,0,45,0,0,0,0,0,0,0,0,0,0,0,0,0
685,0500000US17177,0,0,0,0,24,158,0,0,0,0,67,0,0,33,0,3,0,44,0
686,0500000US17179,0,11,22,0,85,352,0,0,38,1,249,0,0,184,0,0,0,519,0
687,0500000US17181,0,0,0,0,14,53,0,0,0,0,1,0,0,9,0,0,0,21,0
688,0500000US17183,0,0,6,0,65,134,95,0,0,0,114,0,0,26,0,0,5,19,0
689,0500000US17185,0,0,0,0,12,53,0,0,0,0,107,0,0,0,0,0,0,10,0
690,0500000US17187,0,0,0,0,0,28,0,0,307,0,10,0,0,45,0,0,0,18,0
691,0500000US17189,0,0,0,0,0,2,0,0,0,0,21,0,0,0,0,0,0,10,0
692,0500000US17191,0,17,0,0,0,88,0,0,0,0,0,0,0,0,0,0,0,16,0
693,0500000US17193,0,0,0,0,0,52,0,0,0,0,30,0,0,2,0,0,0,10,0
694,0500000US17195,0,10,0,0,53,184,8,0,0,0,53,0,0,54,0,0,0,116,0
695,0500000US17197,199,543,139,0,1549,12302,457,446,364,128,3089,188,95,1071,0,29,273,6271,0
696,0500000US17199,0,5,0,0,169,271,55,0,0,40,41,0,0,32,0,0,16,372,0
697,0500000US17201,54,147,68,0,764,2079,12,1788,574,28,629,122,0,118,0,0,54,1387,0
698,0500000US17203,0,11,0,0,4,91,0,0,0,57,55,0,0,58,0,0,0,67,0
699,0500000US18001,0,0,0,0,45,9,0,0,0,0,103,0,0,20,0,0,0,1,0
700,0500000US18003,9,761,310,0,1901,2180,20,339,9102,53,1421,0,0,691,0,0,129,1718,0
701,0500000US18005,47,0,13,0,211,234,81,0,67,0,395,0,0,341,41,0,0,671,0
702,0500000US18007,0,0,0,0,0,26,0,0,0,0,9,0,0,0,0,0,0,0,0
703,0500000US18009,0,0,0,0,12,0,0,0,0,0,0,0,0,0,0,0,0,23,0
704,0500000US18011,0,19,0,0,181,240,84,0,0,0,77,0,0,184,0,0,0,1046,0
705,0500000US18013,0,0,0,0,0,43,0,0,53,0,16,0,0,0,0,0,0,0,0
706,0500000US18015,0,0,0,0,0,46,0,0,0,0,0,0,0,0,0,0,0,12,0
707,0500000US18017,0,0,0,93,11,134,14,205,119,0,26,0,0,33,0,0,0,131,0
708,0500000US18019,0,10,0,0,150,352,0,10,0,33,179,64,0,140,0,0,16,564,0
709,0500000US18021,0,0,0,0,23,40,0,0,0,0,0,0,0,0,0,0,0,0,0
710,0500000US18023,0,0,0,0,8,14,0,0,0,0,18,0,0,1,0,0,0,24,0
711,0500000US18025,0,0,0,0,0,0,0,0,0,0,14,0,0,0,0,0,0,0,0
712,0500000US18027,0,0,0,0,5,51,0,0,0,0,6,0,0,50,0,26,0,19,0
713,0500000US18029,0,10,0,0,15,35,0,16,55,0,5,0,0,39,0,0,0,0,0
714,0500000US18031,0,0,4,0,0,15,0,0,0,1,0,0,0,0,0,0,0,18,0
715,0500000US18033,0,0,0,0,0,121,0,0,0,0,103,0,0,15,0,0,0,54,0
716,0500000US18035,0,33,22,0,460,288,0,0,0,0,158,0,26,110,0,0,6,405,0
717,0500000US18037,0,0,0,0,0,23,0,19,0,0,0,0,0,5,0,0,0,0,0
718,0500000US18039,0,97,0,0,97,697,38,439,0,91,439,32,0,212,0,0,4,522,0
719,0500000US18041,0,0,0,0,16,41,0,0,0,0,1,0,0,0,0,0,0,0,0
720,0500000US18043,15,102,0,0,38,163,56,1,1,58,171,14,0,78,15,0,27,200,0
721,0500000US18045,0,0,0,0,0,81,0,0,0,0,0,0,0,0,0,11,0,1,0
722,0500000US18047,0,0,0,0,108,0,0,0,0,0,7,0,0,26,0,0,0,0,0
723,0500000US18049,0,0,0,0,0,7,3,3,0,0,9,0,0,0,0,0,0,0,0
724,0500000US18051,0,19,5,0,5,102,16,0,26,0,3,0,0,57,0,0,0,11,0
725,0500000US18053,0,4,0,0,109,75,0,0,21,1,144,0,0,28,0,0,0,399,0
726,0500000US18055,0,0,0,0,28,104,0,0,0,0,9,0,0,0,0,0,0,15,0
727,0500000US18057,16,173,36,0,984,2042,295,79,149,390,2483,0,284,1754,0,0,123,6792,0
728,0500000US18059,0,12,0,0,164,149,3,0,0,0,184,0,0,380,0,0,0,30,0
729,0500000US18061,0,9,0,0,5,151,0,0,0,138,8,0,0,0,0,0,0,24,0
730,0500000US18063,0,0,0,0,263,772,298,41,132,0,281,4,15,102,0,0,63,1041,0
731,0500000US18065,0,0,0,0,5,105,0,0,14,0,45,0,0,27,0,0,0,142,0
732,0500000US18067,0,0,0,0,435,274,0,0,0,192,87,0,0,88,0,1,0,331,0
733,0500000US18069,0,0,0,0,12,62,0,9,0,0,18,0,0,29,0,0,0,200,0
734,0500000US18071,0,0,0,0,37,221,27,0,0,0,4,0,0,624,0,0,0,2,0
735,0500000US18073,0,0,0,0,0,0,44,0,0,0,31,0,0,53,0,0,0,105,0
736,0500000US18075,0,0,0,0,10,35,0,0,55,0,9,0,0,4,0,0,0,0,0
737,0500000US18077,0,0,0,0,0,133,0,0,0,0,77,0,0,138,0,0,0,86,0
738,0500000US18079,0,0,0,0,0,16,0,0,7,0,16,0,0,134,0,0,0,85,0
739,0500000US18081,0,284,16,0,266,1120,0,0,1208,85,237,0,0,757,0,164,62,455,0
740,0500000US18083,0,0,0,0,0,160,0,0,0,0,0,3,0,2,0,0,4,245,0
741,0500000US18085,0,35,0,0,38,136,0,28,44,0,54,0,0,117,0,0,24,129,0
742,0500000US18087,0,0,0,0,0,15,0,0,0,0,21,0,0,0,0,0,3,0,0
743,0500000US18089,0,261,0,0,1102,2615,35,0,236,22,844,21,0,532,0,0,80,1580,0
744,0500000US18091,0,18,18,0,131,362,0,0,2,0,36,7,0,136,0,0,0,67,0
745,0500000US18093,0,0,0,0,77,28,0,0,0,0,65,0,0,6,0,14,6,3,14
746,0500000US18095,0,29,0,0,100,299,0,11,17,0,235,0,0,28,0,0,13,156,0
747,0500000US18097,0,613,129,0,1499,5325,85,545,16584,489,2205,0,203,1479,0,18,95,5091,0
748,0500000US18099,0,0,0,0,25,46,0,0,16,0,25,0,0,46,0,0,0,188,0
749,0500000US18101,0,0,0,0,0,34,0,0,0,0,5,0,0,35,0,0,0,1,0
750,0500000US18103,0,0,0,0,33,2,0,0,0,0,3,0,0,33,0,1,0,148,0
751,0500000US18105,78,48,123,0,534,1038,0,0,91,0,1190,47,11,550,7,0,264,3513,0
752,0500000US18107,0,29,0,0,0,49,17,0,0,0,22,0,0,18,0,0,0,55,0
753,0500000US18109,0,62,27,0,5,244,0,19,44,0,48,0,0,60,0,0,0,167,0
754,0500000US18111,0,0,0,0,0,0,0,0,0,0,48,7,0,5,0,0,0,8,0
755,0500000US18113,0,0,0,0,134,72,0,12,0,0,47,0,0,21,0,0,2,55,0
756,0500000US18115,0,0,0,0,32,0,0,0,0,0,0,0,0,55,0,0,0,0,0
757,0500000US18117,0,0,0,0,0,21,0,0,0,0,15,0,0,34,0,0,18,12,0
758,0500000US18119,0,11,0,0,33,39,0,0,0,0,31,0,0,14,0,0,0,61,0
759,0500000US18121,0,0,0,0,0,4,0,0,0,0,0,0,0,0,0,0,0,0,0
760,0500000US18123,0,0,0,0,7,10,18,0,0,0,7,0,0,55,0,0,0,0,0
761,0500000US18125,0,0,0,0,0,6,0,0,0,0,0,0,0,3,0,0,0,0,0
762,0500000US18127,0,160,0,0,255,996,9,0,2,92,192,11,0,350,0,0,0,667,0
763,0500000US18129,0,0,0,0,13,40,0,0,0,0,7,0,0,112,0,0,0,16,0
764,0500000US18131,0,0,0,0,7,118,0,0,0,0,7,0,0,6,0,0,0,0,0
765,0500000US18133,0,0,0,0,25,61,0,0,0,0,51,0,0,68,0,0,0,243,0
766,0500000US18135,0,24,0,0,0,0,73,0,0,0,25,0,0,9,0,0,0,2,0
767,0500000US18137,0,0,0,0,76,126,0,0,0,0,218,0,0,50,0,0,0,9,0
768,0500000US18139,0,0,0,0,0,46,0,0,0,0,0,0,0,0,0,0,0,0,0
769,0500000US18141,0,171,0,0,743,1462,17,51,292,44,1253,9,0,545,0,0,0,2352,0
770,0500000US18143,0,0,0,0,0,0,0,0,0,0,0,0,0,26,0,0,0,4,0
771,0500000US18145,0,0,0,0,31,186,0,0,0,0,1,0,0,240,0,0,0,43,0
772,0500000US18147,0,0,0,0,8,18,0,0,5,0,9,0,0,0,0,0,0,46,0
773,0500000US18149,0,0,0,0,0,96,0,0,0,0,8,0,0,6,0,0,0,11,0
774,0500000US18151,0,31,0,0,0,58,0,0,0,2,17,0,0,0,0,0,0,2,0
775,0500000US18153,0,0,0,0,0,15,0,6,0,0,65,0,6,22,0,0,0,52,0
776,0500000US18155,0,0,0,0,16,72,0,0,0,0,0,0,0,3,0,0,0,40,0
777,0500000US18157,16,390,60,0,874,1443,282,67,0,101,1469,0,0,1151,0,3,366,4932,0
778,0500000US18159,0,0,0,0,0,17,0,0,0,0,0,0,0,0,0,0,0,0,0
779,0500000US18161,0,0,0,0,0,5,0,0,0,0,16,0,0,0,0,0,0,37,0
780,0500000US18163,0,41,93,0,380,775,0,0,38,47,364,0,0,303,0,0,35,985,0
781,0500000US18165,0,0,0,0,0,25,0,0,0,0,8,0,0,42,0,0,0,0,0
782,0500000US18167,28,13,0,0,36,521,17,0,1,4,236,8,0,172,174,0,104,637,0
783,0500000US18169,0,0,0,0,13,51,0,0,9,0,0,15,0,56,0,0,8,64,0
784,0500000US18171,0,10,0,0,15,30,0,0,0,0,0,0,0,0,0,0,0,0,0
785,0500000US18173,0,107,0,0,83,321,0,0,0,0,87,0,0,67,0,0,0,264,0
786,0500000US18175,0,2,0,0,0,20,0,0,0,0,72,0,0,8,0,0,0,0,0
787,0500000US18177,0,0,0,0,61,181,0,0,36,12,75,0,0,89,0,0,11,377,0
788,0500000US18179,0,9,0,0,0,28,0,112,0,9,16,0,0,37,0,0,0,1,0
789,0500000US18181,0,0,0,0,0,132,8,0,0,0,4,0,0,0,0,0,0,1,0
790,0500000US18183,0,9,0,0,28,27,0,0,2,17,12,0,0,65,0,0,0,66,0
791,0500000US19001,0,0,0,0,0,41,3,0,0,0,0,0,0,5,0,0,0,0,0
792,0500000US19003,0,0,0,0,0,0,0,0,0,0,0,0,0,0,0,0,0,4,0
793,0500000US19005,0,0,0,0,0,16,0,0,0,0,0,0,0,19,0,0,0,67,0
794,0500000US19007,0,3,0,0,0,19,0,0,0,0,38,0,0,54,0,0,0,0,0
795,0500000US19009,0,0,0,0,0,0,0,0,0,0,3,0,0,0,0,0,0,0,0
796,0500000US19011,0,3,0,0,17,18,0,7,0,0,71,0,0,0,0,0,0,23,0
797,0500000US19013,0,85,0,0,445,457,0,176,867,27,610,8,0,365,0,0,71,298,2
798,0500000US19015,0,44,0,0,0,0,0,31,0,0,0,0,0,0,0,0,0,27,0
799,0500000US19017,0,41,0,0,2,120,0,5,0,35,62,3,0,40,0,0,0,44,0
800,0500000US19019,0,3,0,0,0,106,4,0,0,0,0,0,0,15,0,0,0,4,0
801,0500000US19021,0,35,0,0,0,65,0,693,527,0,44,0,796,24,0,0,0,14,0
802,0500000US19023,0,0,0,0,0,97,0,0,22,0,39,0,0,16,0,0,0,0,0
803,0500000US19025,0,4,0,0,4,29,0,1,0,1,10,0,3,0,0,0,0,2,0
804,0500000US19027,0,0,0,0,0,1,2,0,18,0,66,0,9,0,0,0,0,57,0
805,0500000US19029,0,0,0,0,48,23,0,0,0,0,48,0,0,0,0,0,0,53,0
806,0500000US19031,0,0,0,0,0,64,0,0,0,0,68,0,0,6,0,0,0,9,0
807,0500000US19033,0,4,0,0,91,70,2,93,0,0,34,0,0,12,0,25,0,265,0
808,0500000US19035,0,0,0,0,0,0,0,0,0,0,0,0,0,103,0,0,0,4,0
809,0500000US19037,0,0,0,0,0,28,0,0,0,0,0,0,0,0,0,0,0,0,0
810,0500000US19039,0,0,0,0,0,25,0,39,0,0,0,0,0,9,0,0,0,0,0
811,0500000US19041,0,0,0,0,0,63,0,10,0,0,80,0,0,0,0,0,0,4,0
812,0500000US19043,0,0,0,0,0,77,0,0,0,0,0,0,0,14,0,0,0,0,0
813,0500000US19045,0,0,0,0,0,103,0,126,0,0,54,0,0,51,0,0,0,97,0
814,0500000US19047,0,166,0,0,3,22,0,0,112,0,75,0,0,33,0,0,0,0,0
815,0500000US19049,0,7,75,0,563,577,38,380,0,0,670,0,0,56,0,0,37,676,0
816,0500000US19051,0,0,0,0,0,0,0,0,0,0,0,0,0,2,0,0,0,33,0
817,0500000US19053,0,0,0,0,0,0,8,0,5,0,36,0,0,7,1,0,0,10,0
818,0500000US19055,0,1,0,0,0,13,0,0,0,0,15,0,0,0,0,0,0,0,0
819,0500000US19057,0,0,0,0,0,160,0,0,0,0,90,0,0,0,0,0,0,57,0
820,0500000US19059,0,4,0,0,16,146,0,0,0,0,25,0,0,16,0,0,0,74,0
821,0500000US19061,0,109,0,0,119,671,17,13,0,0,73,0,0,153,0,0,0,225,0
822,0500000US19063,0,0,0,0,6,10,0,0,0,0,3,0,0,0,0,0,0,11,0
823,0500000US19065,0,3,0,0,0,22,0,0,0,15,51,0,0,11,0,0,0,72,0
824,0500000US19067,0,0,0,0,19,104,0,113,0,0,15,0,0,12,0,0,0,0,0
825,0500000US19069,0,0,0,0,0,31,0,0,0,0,3,0,0,31,0,0,0,0,0
826,0500000US19071,0,0,0,0,18,18,0,13,0,0,0,0,0,22,0,0,0,0,0
827,0500000US19073,0,0,13,0,17,31,0,0,0,0,16,0,0,0,0,0,0,0,0
828,0500000US19075,0,0,0,0,0,6,0,0,0,0,10,0,0,0,0,0,0,21,0
829,0500000US19077,0,0,0,0,0,14,0,0,0,0,0,0,0,31,0,0,0,0,0
830,0500000US19079,0,0,0,0,0,222,0,141,0,0,33,9,0,4,0,0,0,32,0
831,0500000US19081,0,8,0,0,30,0,0,8,0,0,2,0,0,0,0,0,0,1,0
832,0500000US19083,0,0,0,0,52,67,0,0,0,0,48,0,1,1,0,0,0,98,0
833,0500000US19085,0,0,0,0,0,30,0,0,0,0,100,0,0,25,0,0,0,5,0
834,0500000US19087,0,66,0,0,0,54,0,99,0,0,7,0,0,29,0,0,0,58,0
835,0500000US19089,0,0,0,0,0,17,0,0,0,0,12,0,0,17,0,0,0,0,0
836,0500000US19091,0,0,0,0,7,15,0,0,0,0,42,0,0,0,0,0,0,10,0
837,0500000US19093,0,0,0,0,0,0,0,0,0,0,20,0,0,0,0,0,0,8,0
838,0500000US19095,0,30,19,0,0,3,0,0,0,0,0,0,0,17,0,0,0,0,0
839,0500000US19097,0,0,0,0,23,13,0,0,0,3,51,0,0,11,0,0,0,0,0
840,0500000US19099,0,0,0,0,44,84,0,16,0,0,3,0,18,37,0,0,0,174,0
841,0500000US19101,0,19,0,0,176,13,11,0,17,0,0,128,0,8,0,0,0,35,0
842,0500000US19103,42,143,0,0,1220,1018,5,300,12,12,1564,0,124,430,0,0,74,3505,0
843,0500000US19105,0,2,0,0,73,95,0,0,0,35,0,0,0,1,0,0,0,179,0
844,0500000US19107,0,0,0,0,4,37,0,0,0,0,0,0,0,0,0,0,0,15,0
845,0500000US19109,0,0,0,0,0,44,0,0,0,0,72,0,0,0,0,0,0,0,0
846,0500000US19111,0,0,0,0,12,98,0,0,0,0,23,0,0,25,0,0,0,94,18
847,0500000US19113,0,187,0,0,496,765,164,354,364,31,595,0,29,238,0,0,0,649,0
848,0500000US19115,0,0,0,0,2,9,0,0,198,0,0,0,0,0,0,0,0,0,0
849,0500000US19117,0,0,0,0,0,69,0,0,0,0,0,0,0,0,0,0,0,0,0
850,0500000US19119,0,0,0,0,3,0,0,5,0,0,29,0,0,0,0,0,0,45,0
851,0500000US19121,0,0,0,0,24,69,0,53,0,0,36,0,0,0,0,0,0,0,0
852,0500000US19123,0,28,0,0,0,124,7,68,0,9,84,0,0,185,0,0,0,16,0
853,0500000US19125,0,0,0,0,9,63,0,67,45,8,99,0,0,77,0,0,0,28,0
854,0500000US19127,0,0,0,0,219,80,0,5,1299,0,31,0,0,27,0,0,4,239,0
855,0500000US19129,0,0,0,0,11,96,0,0,0,0,11,0,0,0,0,0,0,5,0
856,0500000US19131,0,1,0,0,3,26,0,1,0,0,19,0,0,3,0,0,0,4,0
857,0500000US19133,0,0,0,0,0,0,0,0,0,0,0,0,0,0,0,0,0,0,0
858,0500000US19135,0,0,0,0,0,50,0,0,0,0,0,0,0,0,0,0,0,0,0
859,0500000US19137,0,0,0,0,0,52,0,0,0,0,1,0,0,21,0,0,0,5,0
860,0500000US19139,0,11,0,0,96,122,0,22,38,15,19,0,0,0,0,0,0,55,0
861,0500000US19141,0,10,0,0,0,0,0,85,0,0,5,0,0,15,0,0,0,9,0
862,0500000US19143,0,0,0,0,2,7,0,41,0,0,5,0,0,3,0,0,0,0,0
863,0500000US19145,0,11,0,0,54,90,0,10,0,0,50,0,0,0,0,0,0,0,0
864,0500000US19147,0,0,0,0,14,78,0,0,0,0,0,0,0,0,0,0,16,0,0
865,0500000US19149,0,3,0,0,49,119,0,53,0,0,8,0,0,6,0,0,0,0,0
866,0500000US19151,0,0,0,0,0,14,0,0,0,0,0,0,0,17,0,0,0,0,0
867,0500000US19153,0,650,66,0,4625,1761,26,2955,4119,1002,2363,0,231,479,0,0,134,3083,0
868,0500000US19155,0,154,0,0,114,297,0,35,0,0,142,0,0,181,0,0,0,388,0
869,0500000US19157,0,0,0,0,16,7,0,0,0,0,154,0,0,58,0,0,28,108,0
870,0500000US19159,0,0,0,0,0,0,0,0,0,0,0,0,0,0,0,0,0,0,0
871,0500000US19161,0,6,0,0,0,0,0,8,0,0,32,0,31,4,0,0,8,5,0
872,0500000US19163,0,69,0,0,1076,516,48,11,168,117,876,0,0,337,0,0,9,1292,0
873,0500000US19165,0,0,0,0,0,26,0,0,0,0,9,0,0,0,0,0,0,65,0
874,0500000US19167,0,0,0,0,33,48,4,13,0,0,22,0,0,81,0,0,0,38,0
875,0500000US19169,0,132,137,0,458,692,95,142,0,0,1372,69,81,430,0,0,13,2585,0
876,0500000US19171,0,0,0,0,0,51,11,3,0,0,7,0,0,7,0,0,0,64,0
877,0500000US19173,0,3,0,0,0,0,0,0,0,0,0,0,0,0,0,0,0,0,0
878,0500000US19175,0,0,0,0,0,67,0,0,0,0,0,0,0,0,0,0,0,0,0
879,0500000US19177,0,0,0,0,0,11,0,0,0,0,1,0,0,0,0,0,0,0,0
880,0500000US19179,0,10,0,0,21,261,0,130,0,0,123,0,0,47,0,0,0,50,0
881,0500000US19181,0,13,0,0,143,136,0,13,7,0,117,0,0,39,0,0,0,76,0
882,0500000US19183,0,5,0,0,58,39,0,0,0,0,20,0,0,4,0,0,0,65,0
883,0500000US19185,0,0,0,0,0,40,0,0,0,18,23,0,0,0,0,0,0,10,0
884,0500000US19187,0,9,0,0,16,105,0,0,16,4,305,0,0,7,0,0,0,89,0
885,0500000US19189,0,2,0,0,33,182,0,0,0,0,3,0,0,0,0,0,0,10,0
886,0500000US19191,0,1,0,0,20,38,7,6,22,0,47,0,0,16,0,0,0,12,0
887,0500000US19193,0,21,0,0,1518,424,0,517,30,159,373,0,0,215,0,0,0,190,0
888,0500000US19195,0,0,0,0,0,35,0,0,0,0,0,0,0,15,0,0,0,0,0
889,0500000US19197,0,0,0,0,0,1,0,0,0,0,29,0,0,73,0,0,0,6,0
890,0500000US20001,0,0,0,0,0,3,0,0,0,0,30,0,0,5,0,0,0,52,0
891,0500000US20003,0,0,0,0,0,0,0,0,0,0,0,0,0,0,0,0,0,0,0
892,0500000US20005,0,20,0,0,11,137,0,0,0,0,0,0,0,19,0,0,0,60,0
893,0500000US20007,0,0,0,0,21,0,0,0,0,13,5,0,0,0,0,0,0,0,0
894,0500000US20009,0,0,0,0,0,0,0,3,0,0,52,20,0,6,0,0,0,19,0
895,0500000US20011,0,0,0,0,25,25,0,6,0,37,0,0,19,21,0,0,0,0,0
896,0500000US20013,0,0,0,0,0,4,0,0,0,0,0,0,0,1,0,0,0,53,0
897,0500000US20015,0,45,0,0,62,316,0,0,11,4,161,0,0,64,0,0,0,309,0
898,0500000US20017,0,7,0,0,1,0,0,0,0,0,10,0,0,0,0,0,0,9,0
899,0500000US20019,0,0,0,0,0,0,0,0,0,0,0,0,0,0,0,0,0,5,0
900,0500000US20021,0,0,0,0,15,0,0,0,0,0,0,0,0,22,0,0,0,67,0
901,0500000US20023,0,0,0,0,0,0,0,0,0,0,0,0,0,0,0,0,0,0,0
902,0500000US20025,0,0,0,0,0,24,0,0,0,0,0,0,0,0,0,0,0,0,0
903,0500000US20027,0,0,0,0,2,1,0,15,0,0,3,0,5,30,0,0,0,12,0
904,0500000US20029,0,0,0,0,11,0,0,0,0,0,0,0,0,13,0,0,0,18,0
905,0500000US20031,0,0,0,0,26,2,0,0,0,0,4,0,0,3,0,0,0,20,0
906,0500000US20033,0,0,0,0,0,0,0,0,0,0,0,0,0,0,0,0,0,0,0
907,0500000US20035,0,0,0,0,271,81,0,293,0,0,8,0,0,62,0,0,0,46,0
908,0500000US20037,0,197,0,0,126,216,0,0,0,0,11,0,0,36,0,0,0,222,0
909,0500000US20039,0,0,0,0,0,18,0,0,0,0,0,0,0,12,0,0,0,0,0
910,0500000US20041,0,0,0,0,33,86,0,0,0,0,120,0,0,0,0,0,0,0,0
911,0500000US20043,0,0,0,0,0,0,0,0,0,0,0,0,0,10,0,0,0,7,0
912,0500000US20045,0,199,32,0,1048,623,0,539,0,75,689,0,0,396,0,0,35,2282,0
913,0500000US20047,0,3,0,0,0,9,0,0,0,0,0,0,0,0,0,0,0,0,0
914,0500000US20049,0,0,0,0,0,11,0,0,0,0,0,0,0,23,0,0,0,0,0
915,0500000US20051,0,0,0,0,56,150,0,0,0,0,48,0,0,46,0,0,0,247,0
916,0500000US20053,0,0,0,0,0,25,0,4,0,0,0,0,0,12,0,0,0,0,0
917,0500000US20055,0,0,32,0,853,71,0,170,374,0,0,0,0,1,0,0,0,7,0
918,0500000US20057,0,17,0,0,64,69,0,17,0,0,352,0,0,48,0,0,0,55,0
919,0500000US20059,0,0,0,0,0,76,0,20,0,0,27,0,0,21,0,0,0,40,0
920,0500000US20061,0,68,0,0,163,972,0,6,1,0,701,0,151,74,0,7,23,130,0
921,0500000US20063,0,0,0,0,0,14,0,0,0,0,0,0,0,0,0,0,0,3,0
922,0500000US20065,0,0,0,0,28,0,0,0,0,0,0,0,0,0,0,0,0,0,0
923,0500000US20067,0,0,0,0,0,239,0,0,0,0,0,0,0,0,0,0,0,17,0
924,0500000US20069,0,0,0,0,0,14,0,0,53,0,0,0,0,0,0,0,0,0,0
925,0500000US20071,0,0,0,0,0,0,0,0,0,0,0,0,0,0,0,0,0,0,0
926,0500000US20073,0,0,0,0,0,0,0,0,0,0,8,0,0,1,0,0,0,0,0
927,0500000US20075,0,0,0,0,0,0,0,0,0,0,0,0,0,0,0,0,0,0,0
928,0500000US20077,0,4,0,0,1,12,0,0,0,0,0,0,0,0,0,0,0,0,0
929,0500000US20079,0,126,0,0,183,87,0,0,3,90,0,0,0,141,0,0,0,46,0
930,0500000US20081,0,0,0,0,0,11,0,0,0,0,0,0,0,0,0,0,0,0,0
931,0500000US20083,0,0,0,0,0,0,0,0,0,0,0,0,0,0,0,0,0,0,0
932,0500000US20085,0,0,0,0,34,47,0,0,0,0,7,0,0,0,0,0,0,1,0
933,0500000US20087,0,0,0,0,0,16,0,8,0,22,0,32,0,32,0,0,0,4,0
934,0500000US20089,0,0,0,0,0,4,0,0,0,0,17,0,0,1,0,0,0,0,0
935,0500000US20091,0,930,127,0,3071,2891,535,1381,322,245,3273,0,276,2665,0,5,699,7999,0
936,0500000US20093,0,0,0,0,0,23,0,0,0,0,10,0,0,0,0,0,0,0,0
937,0500000US20095,0,0,0,0,0,0,1,0,0,0,0,0,0,7,0,0,0,0,0
938,0500000US20097,0,0,0,0,0,1,0,0,0,0,9,0,0,1,0,0,0,1,0
939,0500000US20099,0,0,0,0,0,0,0,0,0,0,70,0,2,96,0,0,0,0,0
940,0500000US20101,0,0,0,0,0,0,0,0,0,0,0,0,0,0,0,0,0,7,0
941,0500000US20103,0,66,0,0,104,306,0,52,0,0,667,0,0,488,0,0,11,256,0
942,0500000US20105,0,0,0,0,0,2,0,0,0,0,0,0,0,21,0,0,0,0,0
943,0500000US20107,0,1,0,0,7,20,0,0,0,0,0,0,0,0,0,0,0,5,0
944,0500000US20109,0,0,0,0,0,8,0,0,0,0,0,0,0,2,0,0,0,0,0
945,0500000US20111,0,30,0,0,295,226,0,39,0,0,15,0,0,125,0,0,66,71,0
946,0500000US20113,0,22,0,0,30,230,11,9,0,0,12,0,0,160,0,0,0,113,0
947,0500000US20115,0,0,0,0,38,52,0,0,2,0,15,0,0,28,0,0,12,16,0
948,0500000US20117,0,0,0,0,9,17,0,0,0,0,2,0,0,39,0,0,0,0,0
949,0500000US20119,0,0,0,0,0,0,0,0,0,0,0,0,0,0,0,0,0,0,0
950,0500000US20121,0,71,0,0,0,75,0,0,0,0,0,0,0,40,0,0,24,40,0
951,0500000US20123,0,0,0,0,12,0,0,0,0,0,0,0,0,0,0,0,0,12,0
952,0500000US20125,0,5,0,0,0,122,0,0,0,0,15,0,0,179,0,0,0,17,0
953,0500000US20127,0,0,0,0,13,11,0,0,0,0,0,0,0,3,0,0,0,0,0
954,0500000US20129,0,0,0,0,0,36,0,0,0,0,5,0,0,0,0,0,0,0,0
955,0500000US20131,0,0,0,0,0,27,0,0,0,0,2,0,0,5,0,0,0,0,0
956,0500000US20133,0,0,0,0,0,79,0,0,0,0,22,0,0,7,0,0,0,34,0
957,0500000US20135,0,0,0,0,0,3,0,0,0,0,8,0,0,2,0,0,0,0,0
958,0500000US20137,0,0,0,0,0,6,0,0,0,0,0,0,0,0,0,0,0,3,0
959,0500000US20139,0,0,0,0,0,14,0,5,0,12,3,0,0,12,0,0,0,40,0
960,0500000US20141,0,0,0,0,0,4,0,0,0,0,7,0,0,5,0,0,0,9,0
961,0500000US20143,0,3,0,0,0,0,0,0,0,0,5,0,0,4,0,0,0,0,0
962,0500000US20145,0,0,0,0,0,0,0,0,0,0,0,0,0,0,0,0,0,0,0
963,0500000US20147,0,0,0,0,53,24,0,0,0,0,3,0,0,0,0,0,0,9,0
964,0500000US20149,0,0,0,0,5,156,40,0,0,0,188,0,0,35,0,0,0,84,0
965,0500000US20151,0,0,0,0,34,153,0,0,0,0,0,0,0,5,0,0,0,0,0
966,0500000US20153,0,0,0,0,0,7,0,0,4,0,2,0,0,1,0,0,0,0,0
967,0500000US20155,0,0,0,0,35,117,3,0,0,0,74,0,0,51,0,0,0,256,0
968,0500000US20157,0,0,0,0,25,0,0,0,0,0,0,0,0,0,0,0,0,0,0
969,0500000US20159,0,34,0,0,25,17,0,0,0,0,0,0,0,42,0,0,0,0,0
970,0500000US20161,0,109,0,0,395,703,116,8,0,48,653,9,37,339,0,0,67,859,0
971,0500000US20163,0,0,0,0,0,0,0,0,0,0,0,0,0,0,0,0,0,10,0
972,0500000US20165,0,0,0,0,0,8,0,0,0,0,0,0,0,51,0,0,0,0,0
973,0500000US20167,0,4,0,0,0,5,0,0,0,0,0,0,0,9,0,0,0,8,0
974,0500000US20169,0,406,0,0,292,293,15,105,25,295,349,0,0,198,0,0,11,138,0
975,0500000US20171,0,0,0,0,0,0,0,0,0,0,0,0,0,0,0,0,0,0,0
976,0500000US20173,14,677,178,0,11099,3788,171,2488,346,1745,846,0,143,1190,0,0,229,2567,0
977,0500000US20175,0,0,0,0,254,0,0,97,4,58,23,0,0,41,0,0,0,16,0
978,0500000US20177,0,32,0,0,251,871,0,18,4,25,387,0,0,620,0,0,0,678,0
979,0500000US20179,0,0,0,0,0,0,0,0,0,0,0,0,0,0,0,0,0,0,0
980,0500000US20181,0,1,0,0,1,18,0,1,0,0,31,0,0,0,0,0,0,0,0
981,0500000US20183,0,0,0,0,1,0,0,0,0,0,0,0,0,17,0,0,0,15,0
982,0500000US20185,0,0,0,0,0,0,0,0,0,0,0,0,0,0,0,0,0,0,0
983,0500000US20187,0,0,0,0,0,4,0,0,0,0,0,0,0,0,0,0,0,0,0
984,0500000US20189,0,0,0,0,0,15,0,0,0,0,0,0,0,0,0,0,0,0,0
985,0500000US20191,0,0,0,0,0,51,0,0,0,4,0,0,2,31,0,2,34,43,0
986,0500000US20193,0,0,0,0,0,19,0,0,0,0,0,0,0,0,0,0,0,0,0
987,0500000US20195,0,0,0,0,0,12,0,0,0,0,0,0,0,0,0,0,0,9,0
988,0500000US20197,0,4,0,0,0,3,0,0,0,0,0,0,0,12,0,0,0,21,0
989,0500000US20199,0,0,0,0,7,0,0,0,9,0,0,0,0,0,0,0,0,0,0
990,0500000US20201,0,0,0,0,0,17,0,0,0,0,12,0,0,9,0,0,0,3,0
991,0500000US20203,0,0,0,0,0,0,0,0,0,0,0,0,0,0,0,0,0,0,0
992,0500000US20205,0,0,0,0,0,10,0,0,0,0,2,0,0,0,0,0,0,4,0
993,0500000US20207,0,0,0,0,0,0,0,0,0,0,0,0,0,0,0,0,0,0,0
994,0500000US20209,0,136,12,0,455,771,3,228,3327,4,170,0,2116,117,0,0,0,747,0
995,0500000US21001,0,0,0,0,0,27,0,0,0,0,19,0,0,0,0,0,0,0,0
996,0500000US21003,0,0,0,0,0,0,0,0,0,0,5,0,0,4,0,0,0,0,0
997,0500000US21005,0,0,0,0,0,0,0,0,0,0,0,0,0,0,0,0,0,31,0
998,0500000US21007,0,0,0,0,17,13,0,0,0,0,0,0,0,11,0,0,0,0,0
999,0500000US21009,0,0,0,0,11,149,0,0,0,0,87,0,0,138,0,0,0,24,0
1000,0500000US21011,0,0,0,0,0,0,0,0,0,0,18,0,0,0,0,0,0,0,0
1001,0500000US21013,0,15,0,0,0,20,0,0,0,0,5,0,0,26,0,0,0,0,0
1002,0500000US21015,0,73,15,0,460,891,0,0,8,44,352,0,16,420,0,0,65,531,0
1003,0500000US21017,0,0,26,0,0,11,18,0,0,0,0,0,0,13,0,0,0,31,0
1004,0500000US21019,0,16,0,0,15,188,0,59,0,0,7,0,0,51,0,0,0,33,0
1005,0500000US21021,0,51,13,0,39,178,0,0,5,0,104,0,0,56,0,0,0,251,0
1006,0500000US21023,0,0,0,0,0,0,0,0,0,0,0,0,0,0,0,0,0,0,0
1007,0500000US21025,0,0,0,0,0,0,0,0,0,0,40,0,0,0,0,0,0,52,0
1008,0500000US21027,0,0,0,0,0,0,0,0,0,0,0,0,0,13,0,0,0,0,0
1009,0500000US21029,0,14,0,0,151,28,0,0,44,0,126,0,0,156,0,0,0,49,0
1010,0500000US21031,0,0,0,0,2,11,0,0,0,0,1,0,0,1,0,0,0,28,0
1011,0500000US21033,0,0,0,0,0,0,0,0,0,0,0,0,0,0,0,0,0,0,0
1012,0500000US21035,0,0,0,0,1,227,127,0,0,11,74,0,0,54,0,0,11,82,0
1013,0500000US21037,0,8,17,0,21,190,33,18,0,76,145,0,0,127,0,0,0,155,0
1014,0500000US21039,0,3,0,0,0,0,0,0,0,0,14,0,0,0,0,0,0,0,0
1015,0500000US21041,0,0,0,0,0,1,0,0,0,0,0,0,0,0,0,0,0,0,0
1016,0500000US21043,0,0,0,0,0,3,0,0,0,0,96,0,0,0,0,0,0,0,0
1017,0500000US21045,0,1,0,0,0,162,0,0,0,0,0,0,0,0,0,0,0,0,0
1018,0500000US21047,0,67,0,0,224,342,0,0,0,0,146,0,0,309,0,15,0,78,0
1019,0500000US21049,0,0,0,0,0,147,0,0,0,0,13,20,0,0,0,0,0,92,0
1020,0500000US21051,0,0,0,0,0,0,0,0,0,0,0,0,0,6,0,0,0,18,0
1021,0500000US21053,0,0,0,0,0,0,0,0,13,0,0,0,0,0,0,0,0,0,0
1022,0500000US21055,0,0,0,0,0,5,0,0,0,0,0,0,0,23,0,0,0,0,0
1023,0500000US21057,0,0,0,0,0,58,0,0,0,0,0,0,0,0,0,0,0,0,0
1024,0500000US21059,0,16,0,0,64,178,36,0,1529,0,148,0,0,32,0,0,9,69,0
1025,0500000US21061,0,0,0,0,0,18,38,0,0,0,3,0,0,0,0,0,0,0,0
1026,0500000US21063,0,0,0,0,0,0,0,0,0,0,0,0,0,0,0,0,0,0,0
1027,0500000US21065,0,0,0,0,0,0,0,0,0,0,0,0,0,0,0,0,0,136,0
1028,0500000US21067,14,373,11,0,488,1661,95,20,28,432,1198,46,0,1466,0,0,164,4018,0
1029,0500000US21069,0,0,0,0,13,0,0,0,0,0,9,0,0,0,0,0,0,80,0
1030,0500000US21071,0,0,0,0,3,36,0,0,0,0,0,0,0,33,0,0,0,9,0
1031,0500000US21073,0,58,0,0,3,332,0,0,0,0,0,0,0,4,0,0,0,83,0
1032,0500000US21075,0,0,0,0,0,0,0,0,0,0,0,0,0,0,0,0,0,0,0
1033,0500000US21077,0,37,0,0,0,2,0,37,0,37,7,0,0,0,0,0,0,0,0
1034,0500000US21079,0,12,0,0,0,0,0,0,0,0,32,0,0,0,0,0,0,0,0
1035,0500000US21081,0,7,0,0,0,81,0,0,0,22,8,0,0,0,0,0,0,25,0
1036,0500000US21083,0,10,0,0,0,121,0,0,0,0,0,0,0,0,0,0,0,42,0
1037,0500000US21085,0,0,0,0,0,27,0,0,0,0,11,0,0,0,0,0,0,0,0
1038,0500000US21087,0,0,0,0,0,0,0,0,0,0,0,0,0,0,0,0,0,0,0
1039,0500000US21089,0,7,0,0,4,43,0,0,0,0,7,0,0,31,0,0,0,10,0
1040,0500000US21091,0,14,0,0,0,22,0,0,0,0,3,0,0,0,0,0,0,0,0
1041,0500000US21093,0,75,0,0,135,1167,0,130,0,54,1304,0,0,383,0,21,103,213,0
1042,0500000US21095,0,0,0,0,31,13,0,0,0,0,0,0,0,0,0,0,0,5,0
1043,0500000US21097,0,0,0,0,0,0,0,0,0,0,0,0,0,9,0,0,0,0,0
1044,0500000US21099,0,0,0,0,18,32,0,0,0,0,14,0,0,0,0,0,0,57,0
1045,0500000US21101,0,0,0,0,0,0,0,38,0,0,35,8,0,163,0,0,0,69,0
1046,0500000US21103,0,0,0,0,0,7,0,0,0,0,75,0,0,9,0,0,0,2,0
1047,0500000US21105,0,0,0,0,0,0,0,0,0,0,0,0,0,49,0,0,0,0,0
1048,0500000US21107,0,0,0,0,19,79,0,0,0,34,14,0,0,15,0,0,0,276,0
1049,0500000US21109,0,0,0,0,0,0,0,0,0,0,0,0,0,0,0,0,0,14,0
1050,0500000US21111,0,314,48,0,3382,4770,24,256,1217,384,2590,95,121,1344,24,13,97,3377,24
1051,0500000US21113,0,77,6,0,38,50,105,0,0,230,85,0,0,13,0,0,151,23,0
1052,0500000US21115,0,0,0,0,0,0,49,0,0,0,0,0,0,0,0,0,0,123,0
1053,0500000US21117,0,88,9,0,417,512,23,0,122,0,429,0,20,293,0,0,43,675,0
1054,0500000US21119,0,0,0,0,0,46,0,0,0,0,1,0,0,0,0,0,0,8,0
1055,0500000US21121,0,0,0,0,0,16,0,0,0,30,0,0,0,90,0,0,0,0,0
1056,0500000US21123,0,0,0,0,0,3,0,0,0,3,0,0,0,23,0,0,0,0,0
1057,0500000US21125,0,30,0,0,31,37,0,0,0,0,0,0,0,38,0,0,0,248,0
1058,0500000US21127,160,0,0,0,0,0,0,0,0,0,0,0,0,0,0,0,0,30,0
1059,0500000US21129,0,0,0,0,0,0,0,0,0,0,0,0,0,0,0,0,0,0,0
1060,0500000US21131,0,0,0,0,0,33,0,0,0,0,0,0,0,0,0,0,0,0,0
1061,0500000US21133,0,0,0,0,5,2,25,0,0,0,6,0,0,0,0,15,0,20,0
1062,0500000US21135,0,0,0,0,0,38,0,0,0,0,0,0,0,0,0,0,0,8,0
1063,0500000US21137,0,15,0,0,12,39,0,0,0,0,0,0,0,26,0,0,0,57,0
1064,0500000US21139,0,0,0,0,0,0,0,0,0,0,6,0,0,0,0,0,0,2,0
1065,0500000US21141,0,0,0,0,0,43,0,47,0,0,0,0,0,15,0,0,0,25,0
1066,0500000US21143,0,0,0,0,7,37,0,0,0,0,0,0,0,47,0,0,0,0,0
1067,0500000US21145,0,0,0,0,135,249,0,0,0,0,62,0,0,283,0,89,8,190,0
1068,0500000US21147,0,0,0,0,0,25,0,0,0,0,0,0,0,0,0,0,0,0,0
1069,0500000US21149,0,0,0,0,0,40,0,0,0,0,29,0,0,0,0,0,0,24,0
1070,0500000US21151,0,171,0,0,196,247,0,11,0,80,100,0,0,56,0,0,2,190,0
1071,0500000US21153,0,0,0,0,0,0,0,0,0,0,0,0,0,0,0,0,0,13,0
1072,0500000US21155,0,0,0,0,0,48,0,0,0,0,0,0,0,27,0,0,0,77,0
1073,0500000US21157,0,0,0,0,0,141,0,0,0,0,33,0,0,25,0,0,0,18,0
1074,0500000US21159,0,0,0,0,0,8,0,0,0,0,0,0,0,0,0,0,0,0,0
1075,0500000US21161,0,0,0,0,0,0,0,0,0,0,58,0,0,104,0,0,0,11,0
1076,0500000US21163,0,19,0,0,0,67,0,19,0,0,160,0,0,44,0,0,0,34,0
1077,0500000US21165,0,0,0,0,0,0,0,0,0,0,0,0,0,0,0,0,0,0,0
1078,0500000US21167,0,0,0,0,0,20,0,0,0,0,27,0,0,10,0,0,0,14,0
1079,0500000US21169,0,0,0,0,1,0,0,0,0,0,0,0,0,0,0,0,0,0,0
1080,0500000US21171,0,0,0,0,0,0,0,0,0,0,0,0,0,0,0,0,0,21,0
1081,0500000US21173,0,0,0,0,0,3,0,0,0,0,10,0,0,0,0,0,2,0,0
1082,0500000US21175,0,0,0,0,0,78,0,0,0,0,11,0,0,11,0,0,0,25,0
1083,0500000US21177,0,0,0,0,11,71,0,0,0,0,0,0,0,0,0,0,230,24,0
1084,0500000US21179,0,0,0,0,88,8,0,0,0,0,48,0,0,181,0,0,0,32,0
1085,0500000US21181,0,0,0,0,0,0,0,0,0,0,0,0,0,0,0,0,0,0,0
1086,0500000US21183,0,0,0,0,0,12,0,0,0,0,13,0,0,41,0,0,0,10,0
1087,0500000US21185,0,0,0,0,78,227,0,0,0,27,218,0,0,139,0,0,89,381,0
1088,0500000US21187,0,0,0,0,0,18,0,0,0,0,2,0,0,0,0,0,0,0,0
1089,0500000US21189,0,0,0,0,0,0,0,0,0,0,0,0,0,0,0,0,0,0,0
1090,0500000US21191,0,0,0,0,0,6,0,0,0,0,5,0,0,0,0,0,0,41,0
1091,0500000US21193,0,0,0,0,111,111,0,0,0,0,0,0,0,26,0,0,0,21,0
1092,0500000US21195,0,0,0,0,0,113,0,0,0,0,0,0,10,42,0,0,0,28,0
1093,0500000US21197,0,0,0,0,0,0,0,0,0,0,0,0,0,0,0,0,0,0,0
1094,0500000US21199,0,0,0,0,62,32,0,0,0,78,59,0,0,0,0,0,30,26,0
1095,0500000US21201,0,0,0,0,0,0,0,0,0,0,0,0,0,0,0,0,0,22,0
1096,0500000US21203,0,0,0,0,15,0,0,0,0,0,0,0,0,0,0,0,0,0,0
1097,0500000US21205,0,0,0,0,26,61,0,0,0,0,56,0,0,8,0,0,0,52,0
1098,0500000US21207,0,0,0,0,0,6,0,0,0,0,0,0,0,0,0,0,0,17,0
1099,0500000US21209,0,0,0,0,74,247,0,0,0,0,220,0,0,207,0,0,0,259,0
1100,0500000US21211,0,0,0,0,0,155,0,0,0,158,108,0,0,40,0,0,100,108,0
1101,0500000US21213,0,0,0,0,0,147,0,0,0,0,26,0,0,16,0,0,8,0,0
1102,0500000US21215,0,0,0,0,0,43,0,0,0,0,7,0,0,0,0,0,6,48,0
1103,0500000US21217,0,98,0,0,0,28,0,0,0,14,14,0,0,8,0,0,0,36,0
1104,0500000US21219,0,0,0,0,0,15,0,0,0,0,9,0,0,0,0,0,0,3,0
1105,0500000US21221,0,0,0,0,27,24,0,0,30,0,0,0,0,0,0,0,0,0,0
1106,0500000US21223,0,0,0,0,0,106,1,0,0,0,0,0,0,6,0,0,0,0,0
1107,0500000US21225,0,0,0,0,15,37,0,0,0,0,0,0,0,40,0,0,0,0,0
1108,0500000US21227,0,45,0,0,478,553,0,147,3020,44,587,17,0,381,0,0,38,411,0
1109,0500000US21229,0,7,0,0,48,0,0,0,0,0,0,0,0,34,0,0,0,0,0
1110,0500000US21231,0,6,0,0,0,0,0,0,0,0,0,0,0,0,0,0,0,0,0
1111,0500000US21233,0,0,0,0,0,0,0,0,0,0,4,0,0,0,0,0,0,1,0
1112,0500000US21235,0,111,0,0,0,23,0,0,0,0,8,0,0,22,0,0,0,21,0
1113,0500000US21237,0,0,0,0,0,0,0,0,0,0,0,0,0,4,0,0,0,0,0
1114,0500000US21239,0,0,23,0,0,55,0,0,0,1,75,0,0,68,0,0,0,31,0
1115,0500000US22001,0,0,0,0,39,21,84,21,0,0,0,0,0,38,0,0,0,40,0
1116,0500000US22003,0,5,0,0,0,0,0,0,0,0,4,0,0,106,0,0,0,2,0
1117,0500000US22005,0,63,0,0,443,637,0,16,0,0,118,0,0,220,0,0,64,274,0
1118,0500000US22007,0,0,0,0,140,118,0,0,0,0,9,0,0,0,0,0,0,0,0
1119,0500000US22009,0,0,0,0,68,114,0,0,0,0,7,0,0,7,0,0,0,87,0
1120,0500000US22011,0,60,0,0,6,134,0,49,0,14,34,0,0,21,0,0,1,9,0
1121,0500000US22013,0,30,0,0,0,3,0,0,0,0,0,0,0,1,0,0,0,0,0
1122,0500000US22015,0,161,0,0,873,1063,34,0,72,0,127,0,0,332,0,0,11,579,0
1123,0500000US22017,0,63,0,0,360,1392,0,0,0,172,338,0,0,115,0,0,0,1123,0
1124,0500000US22019,0,56,0,0,494,393,0,140,0,213,134,0,61,333,0,0,8,63,0
1125,0500000US22021,0,26,0,0,0,4,0,0,0,0,0,0,0,4,0,0,0,0,0
1126,0500000US22023,0,0,0,0,0,0,0,0,0,116,0,0,0,0,0,0,0,0,0
1127,0500000US22025,0,0,0,0,0,22,0,0,0,0,0,0,0,0,0,0,0,0,0
1128,0500000US22027,0,0,0,0,0,0,0,20,0,0,0,0,0,0,0,0,0,0,0
1129,0500000US22029,0,0,0,0,3,14,0,0,0,0,0,0,0,0,0,0,0,0,0
1130,0500000US22031,0,20,0,0,43,0,0,0,0,0,0,0,0,0,0,0,0,0,0
1131,0500000US22033,0,169,54,0,4552,2206,254,472,0,0,958,0,0,592,0,0,58,3272,0
1132,0500000US22035,0,0,0,0,0,0,0,0,0,0,0,0,0,0,0,0,0,0,0
1133,0500000US22037,0,0,0,0,16,8,0,0,0,0,13,0,0,50,0,0,0,0,0
1134,0500000US22039,0,0,0,0,23,19,0,0,0,35,1,0,0,0,0,0,0,4,0
1135,0500000US22041,0,0,0,0,50,0,0,0,0,0,0,0,0,17,0,0,0,0,0
1136,0500000US22043,0,0,0,0,16,45,0,0,0,0,0,0,2,26,0,0,0,101,0
1137,0500000US22045,0,0,0,0,117,121,0,1343,0,0,19,0,0,14,0,0,5,175,0
1138,0500000US22047,0,0,0,0,0,0,0,0,0,17,6,0,0,51,0,0,0,6,0
1139,0500000US22049,0,0,0,0,2,8,0,0,0,0,0,0,0,0,0,0,0,1,0
1140,0500000US22051,0,282,15,0,8552,3192,261,45,71,209,335,10,0,745,137,0,153,4155,0
1141,0500000US22053,0,0,0,0,22,8,0,0,0,0,0,0,0,30,0,0,0,0,0
1142,0500000US22055,0,45,16,0,1998,358,68,294,19,53,434,0,0,153,0,2,41,743,0
1143,0500000US22057,12,0,7,0,281,334,0,49,0,0,76,0,0,71,0,0,0,58,0
1144,0500000US22059,0,0,0,0,0,106,0,0,0,53,0,0,0,0,0,0,0,14,0
1145,0500000US22061,0,0,8,0,151,115,15,0,0,0,231,0,0,72,0,0,13,78,0
1146,0500000US22063,0,0,0,0,307,249,13,0,0,0,269,0,0,200,0,0,0,548,0
1147,0500000US22065,0,0,0,0,0,0,0,0,0,0,0,0,0,0,0,0,0,0,0
1148,0500000US22067,0,28,0,0,27,22,0,0,0,0,30,0,0,37,0,0,12,153,0
1149,0500000US22069,0,0,0,0,17,110,0,0,0,0,30,0,0,24,0,0,0,76,0
1150,0500000US22071,0,351,28,0,5823,1577,38,97,67,2,637,7,0,698,0,0,98,2179,0
1151,0500000US22073,0,84,0,86,439,221,0,103,0,14,132,0,0,73,0,0,3,278,0
1152,0500000US22075,0,50,0,0,534,12,0,0,0,193,51,0,0,10,0,0,107,58,0
1153,0500000US22077,0,0,0,0,62,0,0,0,0,0,1,0,0,0,0,0,0,53,0
1154,0500000US22079,0,146,0,0,196,624,0,207,0,34,29,0,0,122,0,0,0,369,0
1155,0500000US22081,0,0,0,0,0,0,0,0,0,0,0,0,0,0,0,0,0,0,0
1156,0500000US22083,0,0,0,0,0,3,0,0,0,0,4,0,0,0,0,0,0,0,0
1157,0500000US22085,0,50,0,0,17,4,0,0,0,0,1,0,0,26,0,0,0,29,0
1158,0500000US22087,0,0,0,0,550,229,13,0,0,101,0,0,0,0,0,0,0,353,0
1159,0500000US22089,0,0,0,0,127,212,0,0,0,17,15,0,0,22,0,0,0,295,0
1160,0500000US22091,0,0,0,0,0,33,0,0,0,0,0,0,0,0,0,0,0,43,0
1161,0500000US22093,0,0,0,0,0,6,0,0,0,0,0,0,0,0,0,0,0,13,0
1162,0500000US22095,0,25,0,0,32,422,0,0,0,0,0,0,0,26,0,0,0,59,0
1163,0500000US22097,0,0,0,0,16,0,3,0,0,0,22,0,0,28,0,0,0,44,0
1164,0500000US22099,0,0,0,0,275,57,0,73,0,0,1,0,0,19,0,0,0,121,0
1165,0500000US22101,0,0,0,0,640,570,0,0,0,0,23,0,0,0,0,0,0,34,0
1166,0500000US22103,0,0,0,0,1494,1205,1,37,19,0,156,12,0,433,0,0,14,855,0
1167,0500000US22105,0,15,0,0,284,384,0,0,469,0,10,0,0,35,0,7,15,161,0
1168,0500000US22107,0,0,0,0,0,0,0,0,0,0,0,0,0,0,0,0,0,0,0
1169,0500000US22109,0,78,0,0,402,328,9,0,0,0,235,0,0,89,0,0,0,222,0
1170,0500000US22111,0,0,0,0,5,46,0,0,0,0,45,0,0,0,0,0,0,39,0
1171,0500000US22113,0,0,0,0,880,85,69,0,0,0,0,0,0,32,0,0,0,164,0
1172,0500000US22115,0,56,0,0,193,395,0,0,0,0,377,0,0,89,0,0,4,124,0
1173,0500000US22117,0,0,0,0,26,140,0,0,0,0,0,0,0,0,0,0,0,16,0
1174,0500000US22119,0,63,0,0,8,68,0,11,0,0,0,0,0,49,0,0,0,0,0
1175,0500000US22121,0,0,0,0,0,17,0,0,0,0,0,0,0,0,0,0,16,0,0
1176,0500000US22123,0,0,0,0,0,2,0,0,0,0,0,0,0,0,0,0,0,62,0
1177,0500000US22125,0,0,0,0,32,33,0,0,0,0,0,0,0,0,0,0,0,23,0
1178,0500000US22127,0,1,0,0,0,7,0,0,0,0,75,0,0,0,0,0,0,59,0
1179,0500000US23001,0,48,0,0,128,554,0,41,0,0,321,0,0,121,0,0,40,452,0
1180,0500000US23003,0,59,0,0,38,92,8,0,0,0,71,0,0,147,0,0,0,75,0
1181,0500000US23005,0,431,41,0,1242,1665,91,5,10,969,1193,0,0,979,0,0,133,2381,0
1182,0500000US23007,0,23,0,0,74,99,0,0,0,0,11,0,0,33,0,0,5,31,0
1183,0500000US23009,0,50,0,0,36,139,22,0,0,8,192,0,0,86,0,0,0,194,0
1184,0500000US23011,0,68,0,0,344,263,29,0,10,0,414,0,0,91,0,0,56,372,0
1185,0500000US23013,0,63,0,0,53,22,17,0,0,15,20,0,0,46,0,0,51,86,0
1186,0500000US23015,0,1,0,0,65,115,0,0,0,0,10,0,0,17,0,0,10,86,0
1187,0500000US23017,0,79,0,0,85,94,0,9,0,8,84,0,0,125,0,0,0,146,0
1188,0500000US23019,0,19,63,0,241,661,6,0,18,28,195,1,5,220,0,4,16,743,0
1189,0500000US23021,0,3,0,0,54,118,0,0,0,0,0,0,0,35,0,0,0,122,0
1190,0500000US23023,0,14,0,0,3,200,0,0,0,0,35,0,0,82,0,0,0,58,0
1191,0500000US23025,0,16,0,0,4,243,0,0,0,11,26,0,0,12,0,0,0,83,0
1192,0500000US23027,0,41,13,0,35,57,0,18,0,3,2,0,0,24,0,0,70,30,0
1193,0500000US23029,0,0,0,0,28,70,0,0,0,17,28,12,0,13,0,0,0,42,0
1194,0500000US23031,0,164,0,0,480,701,122,54,0,494,322,29,0,178,0,142,82,765,0
1195,0500000US24001,0,7,0,0,150,222,0,0,0,0,61,0,0,31,0,0,19,280,0
1196,0500000US24003,0,825,0,0,1938,10393,35,110,428,83,5010,38,60,2049,0,25,185,4522,0
1197,0500000US24005,8,459,4,0,2832,9118,35,163,3161,343,4739,118,0,1920,57,12,606,8671,19
1198,0500000US24009,0,205,0,0,245,1044,10,0,0,0,326,0,0,521,0,0,0,197,0
1199,0500000US24011,0,46,0,0,47,49,0,0,0,0,7,0,0,59,0,0,0,85,0
1200,0500000US24013,15,145,0,0,289,1140,65,0,110,43,826,0,0,246,0,0,61,941,0
1201,0500000US24015,0,0,0,0,78,540,0,0,0,0,126,0,0,306,0,0,32,495,0
1202,0500000US24017,0,116,145,0,470,3394,8,0,0,192,364,0,10,613,0,0,116,1221,0
1203,0500000US24019,0,42,0,0,8,16,13,0,0,235,5,0,0,15,0,0,0,76,0
1204,0500000US24021,0,326,0,0,1074,2632,130,49,740,352,3000,0,0,750,0,0,370,2994,0
1205,0500000US24023,0,0,0,0,0,84,0,0,18,0,22,0,0,26,0,0,0,12,0
1206,0500000US24025,15,602,0,0,1073,2209,363,245,26,273,1618,146,0,722,0,23,123,1801,0
1207,0500000US24027,22,415,96,0,3110,4450,148,25,1070,78,14218,168,16,1628,0,0,720,15307,0
1208,0500000US24029,0,36,0,0,0,18,0,0,0,5,0,0,0,19,0,0,0,81,0
1209,0500000US24031,30,2690,237,57,15063,18934,2169,315,1802,1673,20516,295,104,7272,0,49,3556,46182,46
1210,0500000US24033,14,799,37,0,3408,11668,93,499,267,800,4024,0,33,1431,0,0,346,7087,0
1211,0500000US24035,0,0,0,0,0,219,40,0,0,0,136,4,0,135,0,40,0,321,0
1212,0500000US24037,0,53,0,0,499,2212,10,0,0,0,438,0,0,710,0,0,54,298,0
1213,0500000US24039,0,21,0,0,14,133,0,0,0,0,20,0,0,0,0,0,0,224,0
1214,0500000US24041,0,24,0,0,39,193,1,0,5,0,8,0,0,8,0,0,0,17,0
1215,0500000US24043,0,59,32,0,144,697,369,0,50,39,426,17,0,159,0,0,9,1362,0
1216,0500000US24045,0,0,0,0,348,408,9,13,0,0,700,0,0,167,0,0,105,630,0
1217,0500000US24047,0,0,0,0,195,238,3,8,50,0,72,0,0,138,0,0,21,324,0
1218,0500000US24510,95,201,9,0,1107,2985,369,31,75,35,2639,53,18,964,1,14,494,4690,0
1219,0500000US25001,10,355,10,0,208,578,85,13,0,86,193,0,0,491,0,0,331,1132,0
1220,0500000US25003,0,58,103,0,109,177,28,57,17,78,377,0,0,251,0,0,54,585,0
1221,0500000US25005,5,522,29,0,2252,2091,30,96,97,2252,511,216,0,642,0,0,366,3002,0
1222,0500000US25007,0,0,0,0,0,44,0,6,0,221,3,72,0,86,0,0,6,1,0
1223,0500000US25009,16,352,0,0,3550,2567,205,672,0,5452,2566,7,0,1832,0,0,312,8734,0
1224,0500000US25011,1,23,0,0,137,293,21,13,4,141,91,0,135,115,0,0,9,481,4
1225,0500000US25013,21,130,3,0,2229,898,36,330,161,948,601,9,0,451,0,0,114,2384,0
1226,0500000US25015,5,48,14,0,656,533,25,87,56,390,807,0,0,545,0,0,373,3833,0
1227,0500000US25017,256,1935,623,0,15830,7435,1969,2038,796,18643,15556,173,99,8243,0,17,4889,84772,11
1228,0500000US25019,0,0,0,0,0,13,0,0,0,0,169,0,0,29,0,0,0,13,0
1229,0500000US25021,40,780,192,0,12656,5280,382,61,392,818,5614,104,0,3143,0,0,1389,48015,0
1230,0500000US25023,0,114,10,0,1951,1418,68,0,23,481,1159,7,496,607,0,0,156,3519,0
1231,0500000US25025,42,713,121,0,12506,3831,360,117,383,1379,5309,12,7,2451,0,0,914,35512,0
1232,0500000US25027,7,540,41,0,9099,2567,180,1788,15,1132,3397,72,738,2128,0,0,527,9624,0
1233,0500000US26001,0,0,0,0,0,26,0,0,0,0,23,1,0,11,0,0,0,0,0
1234,0500000US26003,0,0,0,0,0,11,0,0,0,0,11,0,0,7,0,0,0,30,0
1235,0500000US26005,0,75,0,0,110,249,6,111,0,191,149,5,0,194,0,0,0,204,0
1236,0500000US26007,0,0,0,0,0,119,0,0,0,3,15,0,0,7,0,0,0,3,0
1237,0500000US26009,0,0,0,0,10,4,0,0,0,0,24,0,0,9,0,0,0,12,0
1238,0500000US26011,0,0,0,0,0,25,4,0,2,0,24,0,19,54,0,0,0,10,0
1239,0500000US26013,0,0,0,0,0,1,0,0,0,0,17,0,0,1,0,0,0,19,0
1240,0500000US26015,0,0,0,0,125,18,31,0,18,0,152,0,0,195,0,0,0,40,0
1241,0500000US26017,0,0,0,0,64,88,0,0,0,25,239,0,47,233,56,0,10,142,0
1242,0500000US26019,0,0,0,0,23,80,0,0,0,0,0,0,0,63,0,0,0,51,0
1243,0500000US26021,15,53,54,0,110,1222,351,17,55,7,469,0,0,261,2,0,20,528,0
1244,0500000US26023,0,21,0,0,23,104,5,4,0,21,66,0,0,102,0,0,0,113,0
1245,0500000US26025,0,16,78,0,64,518,190,6,1959,5,391,0,0,429,51,81,11,121,0
1246,0500000US26027,0,8,0,0,36,200,0,67,0,0,48,0,4,17,0,0,12,47,0
1247,0500000US26029,0,0,0,0,45,92,0,0,0,0,35,0,41,23,0,0,0,29,0
1248,0500000US26031,0,3,0,0,0,51,0,0,0,0,12,0,4,0,0,0,3,14,0
1249,0500000US26033,0,3,0,0,113,161,0,0,0,2,13,0,0,48,0,0,0,171,0
1250,0500000US26035,0,0,0,0,0,54,0,0,0,0,10,0,0,7,0,0,0,54,0
1251,0500000US26037,0,20,0,0,76,180,17,0,0,16,430,0,63,248,0,0,0,328,0
1252,0500000US26039,0,18,0,0,25,4,0,0,0,0,3,0,0,7,0,0,0,0,0
1253,0500000US26041,0,18,0,0,0,126,0,19,0,0,78,0,9,71,0,0,0,39,0
1254,0500000US26043,0,0,0,0,0,43,0,0,0,0,0,0,0,20,0,0,0,138,0
1255,0500000US26045,0,22,11,0,575,263,36,0,21,3,364,0,295,174,0,0,0,166,0
1256,0500000US26047,0,0,0,0,5,97,0,0,0,0,107,0,0,26,0,0,0,149,0
1257,0500000US26049,0,235,88,0,472,1256,0,81,0,263,749,0,73,664,0,0,33,1169,0
1258,0500000US26051,0,9,0,0,0,109,0,0,0,0,9,0,0,21,0,0,0,55,0
1259,0500000US26053,0,0,0,0,6,7,0,0,0,0,15,0,0,9,0,0,0,8,0
1260,0500000US26055,0,1,0,0,109,216,23,62,0,0,204,79,0,88,0,0,29,178,0
1261,0500000US26057,0,0,1,0,0,11,0,0,0,0,50,0,4,75,0,0,0,52,0
1262,0500000US26059,0,59,0,0,26,157,0,0,0,0,12,0,0,18,0,0,0,81,0
1263,0500000US26061,2,3,0,0,24,115,0,0,0,10,142,0,0,23,0,3,0,348,0
1264,0500000US26063,0,2,0,0,50,47,0,10,0,0,65,11,0,3,0,0,4,61,0
1265,0500000US26065,0,334,10,0,1859,1877,54,94,893,17,2265,0,350,916,0,0,380,5514,0
1266,0500000US26067,0,0,0,0,20,19,0,4,0,0,2,5,0,34,0,0,71,293,0
1267,0500000US26069,0,0,0,0,0,95,0,0,0,0,58,0,0,35,0,2,0,67,0
1268,0500000US26071,0,17,0,0,21,14,6,0,0,0,27,0,0,24,0,0,0,56,0
1269,0500000US26073,0,15,5,0,36,180,0,15,22,30,337,34,61,47,0,0,41,369,0
1270,0500000US26075,0,5,6,0,29,375,52,0,0,1,291,0,29,347,0,0,33,162,0
1271,0500000US26077,11,102,0,0,656,1332,114,4,175,97,686,0,0,445,0,0,78,1279,0
1272,0500000US26079,0,0,0,0,0,46,0,5,0,0,23,0,0,5,0,0,0,57,0
1273,0500000US26081,0,288,1,0,5390,2433,786,79,2143,115,3632,0,221,1423,0,0,103,4331,0
1274,0500000US26083,0,0,0,0,0,0,0,0,0,0,0,0,0,0,0,0,0,0,0
1275,0500000US26085,0,0,0,0,23,4,0,0,0,0,13,0,0,44,0,0,0,0,0
1276,0500000US26087,0,84,0,0,160,309,92,0,0,0,110,0,0,112,0,0,0,91,0
1277,0500000US26089,0,4,0,0,3,45,0,0,0,0,0,0,0,37,0,0,0,49,0
1278,0500000US26091,0,2,0,0,35,327,25,0,0,0,113,4,0,63,0,0,0,182,0
1279,0500000US26093,0,164,0,9,286,434,0,0,0,20,394,0,87,287,0,0,5,614,0
1280,0500000US26095,0,0,0,0,0,8,0,0,0,0,0,0,0,5,0,0,0,0,0
1281,0500000US26097,0,0,0,0,67,51,0,0,0,32,12,0,0,32,0,0,0,32,0
1282,0500000US26099,0,655,18,0,2765,7389,43,442,46,281,2295,0,4941,1420,0,0,397,4414,0
1283,0500000US26101,0,0,10,0,54,84,0,0,0,0,20,0,0,27,0,0,0,6,0
1284,0500000US26103,0,29,0,0,56,266,41,0,0,0,180,21,0,78,0,0,8,173,0
1285,0500000US26105,0,11,0,0,3,187,4,0,0,8,44,0,0,16,0,0,0,9,0
1286,0500000US26107,0,8,0,0,6,115,0,14,15,0,63,0,0,34,0,1,0,136,0
1287,0500000US26109,0,0,0,0,11,31,0,4,0,0,32,0,0,65,0,0,0,26,0
1288,0500000US26111,0,3,0,0,180,218,0,0,0,17,295,0,0,223,0,0,56,318,0
1289,0500000US26113,0,0,0,0,3,18,0,0,0,0,6,0,0,65,0,0,0,19,0
1290,0500000US26115,0,67,19,0,65,287,4,4,0,21,232,0,60,238,0,0,0,97,0
1291,0500000US26117,0,65,0,0,122,111,0,0,0,0,14,0,0,41,0,0,0,27,0
1292,0500000US26119,0,0,0,0,0,36,0,0,0,0,0,0,0,3,0,0,0,14,0
1293,0500000US26121,0,31,0,0,80,388,9,17,0,8,815,0,51,204,0,0,0,153,0
1294,0500000US26123,0,24,0,0,9,146,0,0,0,1,75,0,34,21,0,0,0,11,0
1295,0500000US26125,57,965,188,0,4005,9393,302,775,0,274,11026,60,2005,8921,2,75,1055,19722,14
1296,0500000US26127,0,1,0,0,7,33,0,0,0,3,23,0,0,5,0,0,2,3,0
1297,0500000US26129,0,0,0,0,9,54,0,0,0,0,23,0,0,0,0,0,0,2,0
1298,0500000US26131,0,0,0,0,0,16,0,0,0,0,7,0,0,16,0,0,0,12,0
1299,0500000US26133,5,0,0,0,0,35,0,7,0,2,12,0,23,15,0,0,0,15,0
1300,0500000US26135,0,0,0,0,3,9,0,0,0,0,0,0,0,0,0,0,0,28,0
1301,0500000US26137,0,17,35,0,0,103,0,0,0,0,35,0,18,23,0,0,0,0,0
1302,0500000US26139,0,345,4,36,1153,928,118,2187,29,1657,1404,10,0,297,0,0,60,1632,0
1303,0500000US26141,0,29,0,0,0,11,0,0,0,0,35,0,0,3,0,0,0,0,0
1304,0500000US26143,0,0,0,0,27,0,0,0,0,0,109,19,0,39,0,0,0,49,0
1305,0500000US26145,0,12,15,0,509,286,17,23,34,18,210,0,18,198,0,0,5,433,0
1306,0500000US26147,0,58,0,0,39,600,13,0,37,0,153,0,0,84,0,0,0,193,0
1307,0500000US26149,0,11,76,0,8,154,16,0,0,9,105,0,0,91,0,0,0,77,0
1308,0500000US26151,0,50,0,0,6,72,0,0,0,0,38,1,0,19,0,0,0,45,0
1309,0500000US26153,0,0,0,0,0,14,0,0,0,0,0,0,0,14,0,0,0,0,0
1310,0500000US26155,0,0,0,0,18,164,0,0,44,1,21,0,0,93,0,0,18,35,0
1311,0500000US26157,0,3,0,0,17,150,0,5,0,0,83,0,2,2,0,0,0,110,0
1312,0500000US26159,0,3,0,0,32,190,0,3,0,35,123,0,0,39,0,0,28,91,0
1313,0500000US26161,76,385,109,0,1445,2217,157,69,194,170,4973,19,62,2129,0,2,1354,13287,0
1314,0500000US26163,0,426,75,0,3270,8791,108,173,166,241,3875,22,652,3270,0,15,202,7980,0
1315,0500000US26165,3,7,0,0,29,92,0,7,0,0,95,0,1,38,0,0,0,8,0
1316,0500000US27001,0,10,0,0,3,5,0,0,0,0,27,0,0,18,0,0,0,5,0
1317,0500000US27003,13,492,8,0,3675,1774,16,1042,22,111,1807,0,9977,797,0,0,54,1683,0
1318,0500000US27005,0,0,0,0,32,30,0,39,9,18,68,0,0,39,0,4,0,77,0
1319,0500000US27007,0,18,0,0,58,103,0,18,0,0,105,0,47,45,0,0,0,154,0
1320,0500000US27009,0,0,0,0,141,154,76,0,0,74,45,0,86,26,0,0,0,150,0
1321,0500000US27011,0,0,0,0,0,29,0,0,0,0,8,0,0,8,0,0,0,9,0
1322,0500000US27013,0,37,0,0,377,405,3,36,9,19,380,0,147,100,0,0,15,217,0
1323,0500000US27015,0,0,2,0,37,36,0,0,0,5,40,0,0,9,0,0,0,39,0
1324,0500000US27017,0,2,0,0,5,161,0,9,0,5,5,0,35,78,1,0,0,56,0
1325,0500000US27019,0,49,0,0,657,389,13,103,0,412,564,32,312,177,0,0,12,509,0
1326,0500000US27021,0,6,0,0,6,130,0,0,0,0,51,7,38,33,0,0,0,33,0
1327,0500000US27023,0,0,0,0,0,15,0,22,0,0,0,0,1,13,0,0,0,12,0
1328,0500000US27025,0,30,0,0,55,183,6,85,48,4,92,0,339,141,0,0,12,214,0
1329,0500000US27027,0,8,0,0,415,277,0,16,0,1,77,24,235,46,0,0,2,34,0
1330,0500000US27029,0,0,0,0,8,14,0,0,0,0,10,0,0,35,0,0,0,18,0
1331,0500000US27031,0,0,0,0,11,35,0,0,0,0,0,0,0,0,0,0,5,3,0
1332,0500000US27033,0,21,0,0,98,13,0,290,15,17,1,0,21,0,0,0,0,12,0
1333,0500000US27035,0,7,0,0,72,240,3,10,0,0,124,0,10,33,0,0,0,92,0
1334,0500000US27037,0,473,39,0,3874,3895,14,846,213,2116,2589,0,2245,1523,0,13,276,3515,0
1335,0500000US27039,0,0,0,0,0,129,0,0,0,27,29,0,5,88,0,0,0,65,0
1336,0500000US27041,0,54,0,0,114,17,0,0,0,42,83,0,2,21,0,0,0,36,0
1337,0500000US27043,0,0,0,0,42,28,0,0,0,37,2,0,0,0,0,0,0,0,0
1338,0500000US27045,0,0,0,0,9,76,0,0,0,0,16,0,1,3,0,0,0,57,0
1339,0500000US27047,0,26,0,0,84,147,0,61,652,18,112,0,39,15,0,0,0,7,0
1340,0500000US27049,0,6,0,0,33,25,0,8,0,34,111,0,110,67,0,0,0,90,0
1341,0500000US27051,0,0,0,0,0,10,0,0,0,0,8,0,0,6,0,0,0,0,0
1342,0500000US27053,70,1386,203,0,11392,5911,485,3937,382,1609,8527,63,24903,4261,0,16,1139,16208,0
1343,0500000US27055,0,0,0,0,1,23,0,0,0,0,3,0,147,23,0,0,0,28,0
1344,0500000US27057,0,9,14,0,17,60,0,0,0,0,27,5,0,29,0,0,0,48,0
1345,0500000US27059,0,11,0,0,22,45,0,34,2,35,33,0,615,23,0,0,0,43,0
1346,0500000US27061,0,0,0,0,33,34,0,1,0,20,86,0,32,45,0,0,3,37,0
1347,0500000US27063,5,58,0,0,0,89,0,24,6,0,45,0,0,6,0,0,0,0,0
1348,0500000US27065,0,0,0,0,40,40,0,0,3,7,13,0,52,33,17,0,0,3,0
1349,0500000US27067,0,98,0,0,3,64,35,16,330,2,99,0,8,3,0,0,30,9,0
1350,0500000US27069,0,0,0,0,3,4,4,0,0,3,0,0,6,0,0,0,0,10,0
1351,0500000US27071,0,0,0,0,6,33,29,0,0,0,23,0,29,0,0,0,0,0,0
1352,0500000US27073,0,12,0,0,0,25,0,0,0,0,19,0,0,14,0,0,0,2,0
1353,0500000US27075,0,0,0,0,13,17,0,0,0,0,0,0,35,2,0,0,0,0,0
1354,0500000US27077,0,0,0,0,0,0,0,0,0,0,0,0,0,0,0,0,40,0,0
1355,0500000US27079,0,11,0,0,6,27,0,13,0,0,43,0,36,69,0,0,6,11,0
1356,0500000US27081,0,0,0,0,5,19,0,0,0,0,10,0,4,4,0,0,0,6,0
1357,0500000US27083,0,348,0,0,27,30,0,4,254,8,55,0,459,9,0,0,13,26,0
1358,0500000US27085,0,8,0,0,18,90,0,13,1,0,81,0,0,50,0,0,0,109,0
1359,0500000US27087,0,0,0,0,9,2,0,17,0,1,5,0,7,14,0,0,0,2,0
1360,0500000US27089,0,0,0,0,0,27,1,0,0,0,7,0,0,4,0,0,0,1,0
1361,0500000US27091,0,1,0,0,9,43,0,1,0,0,28,0,0,6,0,0,10,51,0
1362,0500000US27093,0,4,0,0,60,28,0,0,1,0,22,0,0,0,0,0,0,9,0
1363,0500000US27095,0,0,0,0,47,22,6,0,0,0,15,0,95,23,0,0,0,30,0
1364,0500000US27097,0,0,0,0,44,60,0,10,0,31,62,0,8,0,0,0,0,8,0
1365,0500000US27099,0,120,0,0,151,128,0,0,1370,140,92,0,2,26,0,0,0,141,162
1366,0500000US27101,0,7,0,0,0,58,0,0,96,0,2,0,0,19,0,0,0,8,0
1367,0500000US27103,0,0,10,0,73,63,0,15,0,19,203,0,2,98,0,0,15,132,0
1368,0500000US27105,0,192,0,0,57,20,0,1181,439,0,4,0,0,0,0,0,0,1,0
1369,0500000US27107,0,3,0,0,2,21,0,0,0,0,1,0,0,7,0,0,0,33,0
1370,0500000US27109,0,176,8,0,1910,897,0,547,245,1862,613,0,196,331,0,0,133,2189,0
1371,0500000US27111,0,5,0,0,32,89,0,0,0,6,55,0,0,133,0,0,8,233,0
1372,0500000US27113,0,0,0,0,49,70,0,0,23,0,48,0,0,0,0,0,0,13,0
1373,0500000US27115,0,24,0,0,8,56,6,1,0,4,44,0,194,2,0,0,0,33,0
1374,0500000US27117,0,21,0,0,0,49,0,44,0,0,0,0,0,5,0,0,0,0,0
1375,0500000US27119,0,0,0,0,4,89,0,20,0,0,72,0,32,15,0,0,0,112,0
1376,0500000US27121,0,1,0,0,31,42,0,0,0,0,18,0,1,1,0,0,0,4,0
1377,0500000US27123,0,555,86,0,4542,4044,239,1050,10510,1631,3947,60,46816,2076,0,0,256,6731,0
1378,0500000US27125,0,0,0,0,0,3,0,0,0,0,17,0,0,0,0,0,0,4,0
1379,0500000US27127,0,7,0,0,5,3,0,0,4,0,41,0,393,10,0,0,0,15,0
1380,0500000US27129,0,23,0,0,0,48,0,8,9,0,33,0,26,25,0,0,0,0,0
1381,0500000US27131,0,26,5,0,365,197,0,22,0,87,373,0,203,126,0,0,53,366,61
1382,0500000US27133,0,0,0,0,10,11,0,10,0,68,2,0,0,0,0,0,0,2,0
1383,0500000US27135,0,1,0,0,15,101,0,293,0,0,22,0,13,14,0,0,0,30,0
1384,0500000US27137,0,98,0,0,437,562,2,25,24,25,511,29,216,193,0,0,0,625,0
1385,0500000US27139,0,58,0,0,2458,713,111,1226,0,1615,980,0,545,498,0,0,0,1745,0
1386,0500000US27141,0,87,0,0,298,406,28,126,32,74,217,0,166,63,0,0,0,479,0
1387,0500000US27143,0,5,0,0,0,23,1,0,0,0,35,0,0,15,0,0,0,15,0
1388,0500000US27145,0,90,0,0,660,676,0,480,0,42,413,0,647,135,0,0,29,472,0
1389,0500000US27147,0,6,0,0,85,111,0,67,0,10,126,0,37,43,0,0,0,10,0
1390,0500000US27149,0,0,2,0,3,33,0,0,9,0,0,0,71,0,0,0,0,27,0
1391,0500000US27151,0,0,0,0,2,7,0,0,0,0,0,0,0,0,0,0,0,0,0
1392,0500000US27153,0,4,0,0,6,17,0,3,0,4,18,0,0,16,0,0,0,34,0
1393,0500000US27155,0,0,0,0,2,10,0,0,0,0,0,0,0,19,0,0,0,2,0
1394,0500000US27157,0,2,0,0,18,45,0,2,0,1,54,0,45,12,0,0,0,11,0
1395,0500000US27159,0,6,0,0,0,33,0,24,0,0,25,0,14,0,0,0,0,2,0
1396,0500000US27161,0,11,12,0,4,21,0,1,0,0,16,0,2,10,0,0,0,99,0
1397,0500000US27163,34,105,0,51,1754,1055,18,97,21,629,1564,63,10148,489,0,0,143,2386,0
1398,0500000US27165,0,13,0,0,2,15,0,30,0,0,5,0,1,0,0,0,0,3,0
1399,0500000US27167,0,0,0,0,0,1,0,0,0,0,0,0,0,6,0,0,0,3,0
1400,0500000US27169,0,16,0,0,76,191,1,169,0,163,163,0,380,79,0,0,2,185,0
1401,0500000US27171,0,12,0,0,256,565,19,182,91,15,697,0,722,99,0,0,0,613,0
1402,0500000US27173,0,0,0,0,0,0,0,5,0,0,15,0,0,0,0,0,0,13,0
1403,0500000US28001,0,0,0,0,0,8,0,0,0,0,0,0,0,0,0,0,0,139,0
1404,0500000US28003,0,0,0,0,18,20,0,0,0,0,13,0,0,9,0,0,0,2,0
1405,0500000US28005,0,7,0,0,0,4,0,0,0,0,0,0,0,0,0,0,0,0,0
1406,0500000US28007,0,19,0,0,0,7,0,0,0,0,0,0,0,16,0,0,0,27,0
1407,0500000US28009,0,0,0,0,0,31,0,0,0,0,1,0,0,0,0,0,0,0,0
1408,0500000US28011,0,23,8,0,151,4,0,0,0,0,0,0,0,8,0,0,0,18,0
1409,0500000US28013,0,0,0,0,0,1,0,0,0,0,0,0,0,7,0,0,0,0,0
1410,0500000US28015,0,0,0,0,0,22,0,0,0,0,0,0,0,0,0,0,0,0,0
1411,0500000US28017,0,0,0,0,0,12,0,0,0,0,0,0,0,61,0,0,0,54,0
1412,0500000US28019,0,0,0,0,0,44,0,0,0,0,0,0,0,9,0,0,0,0,0
1413,0500000US28021,0,0,0,0,0,0,0,0,0,0,48,0,0,73,0,0,0,0,0
1414,0500000US28023,0,0,0,0,0,0,0,0,0,0,9,0,0,0,0,0,0,3,0
1415,0500000US28025,0,0,0,0,0,13,0,0,0,0,0,0,0,0,0,0,0,0,0
1416,0500000US28027,0,0,0,0,0,0,0,0,0,0,0,0,0,0,0,0,0,0,0
1417,0500000US28029,0,0,0,0,0,67,0,0,0,0,13,0,0,10,0,0,0,31,0
1418,0500000US28031,0,0,0,0,46,51,0,0,0,12,12,0,0,0,0,0,0,27,0
1419,0500000US28033,0,107,0,0,1094,952,169,0,0,59,68,0,0,377,0,0,12,564,0
1420,0500000US28035,0,0,0,0,284,270,4,0,0,20,150,0,0,115,0,0,0,341,0
1421,0500000US28037,0,0,0,0,0,0,0,0,0,0,0,0,0,0,0,0,0,0,0
1422,0500000US28039,0,0,0,0,47,30,0,0,0,0,0,0,0,28,0,0,0,0,0
1423,0500000US28041,0,0,0,0,0,12,0,0,0,0,0,0,0,0,0,0,0,0,0
1424,0500000US28043,0,0,0,0,0,0,0,0,0,0,0,0,0,0,0,0,0,0,0
1425,0500000US28045,0,8,83,0,175,132,0,0,0,15,4,0,0,100,0,0,0,246,0
1426,0500000US28047,0,220,0,0,2374,2416,0,162,114,44,585,9,17,683,0,104,6,743,0
1427,0500000US28049,0,97,0,0,413,90,0,0,15,0,138,0,0,14,0,11,0,456,0
1428,0500000US28051,0,0,0,0,0,3,0,0,0,0,0,0,0,0,0,0,0,4,0
1429,0500000US28053,0,0,0,0,0,0,0,0,0,0,0,0,0,0,0,0,0,0,0
1430,0500000US28055,0,0,0,0,0,0,0,0,0,0,0,0,0,0,0,0,0,0,0
1431,0500000US28057,0,0,0,0,0,0,0,0,0,0,0,0,0,0,0,0,0,0,0
1432,0500000US28059,0,29,6,0,1862,1027,0,0,0,0,770,0,0,113,0,126,20,250,0
1433,0500000US28061,0,0,0,0,0,100,0,0,0,0,0,0,0,0,0,0,0,0,0
1434,0500000US28063,0,0,0,0,0,0,0,0,0,0,0,0,0,0,0,0,0,0,0
1435,0500000US28065,0,0,0,0,0,5,0,0,0,0,0,0,0,0,0,0,0,0,0
1436,0500000US28067,0,0,0,0,114,145,0,0,0,0,20,0,0,0,0,0,0,35,0
1437,0500000US28069,0,0,0,0,0,0,0,0,0,0,0,0,0,0,0,0,0,0,0
1438,0500000US28071,3,48,0,0,218,121,0,0,0,0,39,0,0,103,0,0,0,368,0
1439,0500000US28073,0,0,0,0,74,287,0,0,0,0,268,0,0,159,0,0,0,158,0
1440,0500000US28075,0,89,0,0,60,134,0,32,0,51,11,0,0,34,0,0,0,90,0
1441,0500000US28077,0,0,0,0,19,41,0,0,0,0,0,0,0,3,0,0,0,0,0
1442,0500000US28079,0,0,0,0,0,0,16,0,0,0,0,0,0,0,0,0,0,0,0
1443,0500000US28081,0,134,0,0,402,17,5,23,0,0,115,7,0,25,0,0,0,29,0
1444,0500000US28083,0,0,0,0,0,74,0,0,0,0,0,0,0,1,0,0,0,46,0
1445,0500000US28085,0,0,0,0,32,10,15,0,0,9,0,0,0,0,0,0,0,0,0
1446,0500000US28087,0,0,0,0,51,211,0,0,0,0,28,1,0,87,0,0,20,79,0
1447,0500000US28089,0,32,0,0,296,206,0,30,0,0,103,0,0,188,0,0,0,1185,0
1448,0500000US28091,0,0,0,0,0,6,0,0,0,0,25,0,0,0,0,0,0,5,0
1449,0500000US28093,0,0,10,0,0,0,0,0,0,0,0,0,0,0,0,0,0,0,0
1450,0500000US28095,0,0,0,0,89,38,0,0,0,0,0,0,0,0,0,0,0,0,0
1451,0500000US28097,0,0,0,0,3,0,0,0,0,0,0,0,0,0,0,0,0,0,0
1452,0500000US28099,0,19,0,0,86,98,0,0,0,0,0,0,0,0,0,0,0,14,0
1453,0500000US28101,0,0,0,0,23,37,0,0,0,0,0,0,0,49,0,0,0,8,0
1454,0500000US28103,0,0,0,0,0,0,0,0,0,0,3,0,0,0,0,0,0,0,0
1455,0500000US28105,0,14,0,0,190,184,36,0,0,0,98,0,0,17,0,0,199,367,0
1456,0500000US28107,0,0,0,0,0,105,0,0,0,0,0,0,0,0,0,0,0,0,0
1457,0500000US28109,0,0,0,0,110,151,0,0,0,0,0,0,0,20,0,0,0,37,0
1458,0500000US28111,0,0,0,0,265,6,0,0,0,0,0,0,0,0,0,0,0,265,0
1459,0500000US28113,0,0,0,0,30,125,0,0,0,0,7,0,0,12,0,0,0,53,0
1460,0500000US28115,0,0,0,0,0,0,0,0,0,0,3,0,0,15,0,0,0,0,0
1461,0500000US28117,0,0,0,0,378,213,0,0,0,0,0,0,0,3,0,0,0,28,0
1462,0500000US28119,0,0,0,0,0,10,0,0,0,0,0,0,0,0,0,0,0,0,0
1463,0500000US28121,0,0,45,0,189,434,133,0,0,0,171,0,0,66,0,0,21,286,0
1464,0500000US28123,0,0,0,0,0,45,0,0,0,0,0,0,0,0,0,0,0,0,0
1465,0500000US28125,0,0,0,0,0,0,0,0,0,0,0,0,0,0,0,0,0,0,0
1466,0500000US28127,0,0,0,0,0,19,0,0,0,0,41,0,0,0,0,0,0,10,0
1467,0500000US28129,0,0,0,0,20,5,0,0,0,0,0,0,0,0,0,0,0,1,0
1468,0500000US28131,0,0,0,0,0,0,0,0,0,0,0,0,0,3,0,0,0,72,0
1469,0500000US28133,0,0,0,0,0,10,0,0,0,0,0,0,0,64,0,0,0,32,0
1470,0500000US28135,0,0,0,0,3,0,0,0,0,0,0,0,0,0,0,0,0,0,0
1471,0500000US28137,0,0,0,0,0,5,0,0,0,0,1,0,0,0,0,0,0,17,0
1472,0500000US28139,0,0,5,0,0,47,0,0,0,0,0,0,0,0,0,0,0,37,0
1473,0500000US28141,0,6,0,0,0,1,0,0,0,0,0,0,0,5,0,0,0,2,0
1474,0500000US28143,0,0,0,0,0,0,0,0,0,0,0,0,0,0,0,0,0,0,0
1475,0500000US28145,0,0,0,0,0,38,0,0,0,0,0,0,0,13,0,0,0,0,0
1476,0500000US28147,0,0,0,0,0,0,0,0,0,13,0,0,0,13,0,0,0,0,0
1477,0500000US28149,0,14,0,0,16,21,0,6,0,0,24,0,0,146,0,0,0,7,0
1478,0500000US28151,0,0,0,0,4,11,0,0,0,0,12,0,0,0,0,0,0,84,0
1479,0500000US28153,0,0,0,0,75,0,0,0,0,0,0,0,0,0,0,0,0,0,0
1480,0500000US28155,0,0,0,0,0,18,0,0,0,0,0,0,0,2,0,0,0,35,0
1481,0500000US28157,0,0,0,0,0,0,0,0,0,0,0,0,0,0,0,0,0,0,0
1482,0500000US28159,0,0,0,0,12,0,0,0,0,0,0,0,0,0,0,0,0,0,0
1483,0500000US28161,0,0,0,0,18,0,0,0,0,0,11,0,0,0,0,0,0,0,0
1484,0500000US28163,0,0,0,0,0,1,0,0,0,0,1,0,0,0,0,0,0,0,0
1485,0500000US29001,0,0,0,0,81,119,0,0,0,0,177,0,0,43,0,0,0,241,0
1486,0500000US29003,0,11,0,0,0,34,0,0,0,0,0,0,31,21,0,0,0,3,0
1487,0500000US29005,0,0,0,0,5,4,0,0,0,0,0,0,0,2,0,0,0,0,0
1488,0500000US29007,0,0,0,0,35,122,0,0,0,33,0,0,0,0,0,0,0,34,0
1489,0500000US29009,0,40,0,0,45,4,0,0,223,0,164,0,294,0,0,0,0,27,0
1490,0500000US29011,0,0,0,0,0,0,0,0,0,0,2,0,0,18,0,3,0,0,0
1491,0500000US29013,0,0,0,0,0,54,0,0,0,0,11,0,0,4,0,0,14,5,0
1492,0500000US29015,0,0,0,0,0,34,0,0,0,0,37,0,0,30,0,0,0,54,0
1493,0500000US29017,0,0,0,0,0,4,0,0,0,0,0,0,0,0,0,0,0,3,0
1494,0500000US29019,0,167,0,0,978,904,13,88,95,739,1652,18,0,832,0,0,161,3454,0
1495,0500000US29021,0,24,0,0,263,206,0,0,80,9,85,0,0,373,0,0,0,406,0
1496,0500000US29023,0,0,0,0,158,148,0,0,0,0,208,0,0,17,0,0,0,8,0
1497,0500000US29025,0,11,0,0,1,30,0,0,0,0,0,0,0,15,0,0,0,7,0
1498,0500000US29027,0,7,0,0,22,230,0,0,0,0,46,0,0,12,0,0,0,55,0
1499,0500000US29029,0,0,0,0,0,222,18,0,0,0,70,0,0,71,0,0,12,67,0
1500,0500000US29031,0,7,0,0,108,186,3,39,18,0,151,0,0,506,0,0,0,266,0
1501,0500000US29033,0,0,0,0,6,18,0,0,0,0,0,0,0,0,0,0,0,0,0
1502,0500000US29035,0,3,0,0,0,0,0,0,0,0,0,0,0,0,0,0,0,0,0
1503,0500000US29037,0,93,0,0,123,490,41,0,0,10,176,0,0,207,0,13,51,86,0
1504,0500000US29039,0,0,0,0,0,36,0,0,0,0,0,0,0,0,0,0,0,0,0
1505,0500000US29041,0,0,0,0,0,0,0,0,0,0,0,0,0,0,0,0,0,0,0
1506,0500000US29043,0,0,0,0,236,367,0,0,0,0,200,0,0,157,0,0,0,77,0
1507,0500000US29045,0,0,0,0,4,0,0,0,0,0,0,0,0,0,0,0,0,0,0
1508,0500000US29047,0,93,69,0,2738,1020,20,30,0,367,427,27,0,845,0,0,80,982,0
1509,0500000US29049,0,0,0,0,18,51,0,0,0,0,6,0,0,25,0,0,0,10,0
1510,0500000US29051,0,37,0,0,109,252,0,0,0,14,47,0,0,42,0,0,191,77,0
1511,0500000US29053,0,0,0,0,0,22,0,0,0,0,17,0,0,52,0,0,0,60,0
1512,0500000US29055,0,0,0,0,6,17,0,0,0,0,0,0,0,8,0,0,0,3,0
1513,0500000US29057,0,0,0,0,3,40,0,0,0,0,1,0,0,0,0,0,0,6,0
1514,0500000US29059,0,0,0,0,0,0,1,0,0,0,0,0,0,0,0,0,0,0,0
1515,0500000US29061,0,0,0,0,0,6,0,0,0,0,6,0,0,0,0,0,0,17,0
1516,0500000US29063,0,0,0,0,5,57,0,0,0,0,0,0,0,0,0,0,0,1,0
1517,0500000US29065,0,0,0,0,58,10,0,0,0,0,0,0,0,0,0,0,0,110,0
1518,0500000US29067,0,0,0,0,0,9,0,0,0,0,5,0,0,119,0,0,0,8,0
1519,0500000US29069,0,0,0,0,0,211,0,0,0,0,20,0,0,14,0,0,0,8,0
1520,0500000US29071,0,29,3,0,56,222,0,0,0,0,124,0,0,85,0,0,142,143,0
1521,0500000US29073,0,0,0,0,0,15,0,0,0,0,1,0,0,0,0,0,0,0,0
1522,0500000US29075,0,0,0,0,0,12,0,0,0,0,35,0,0,27,0,0,0,27,0
1523,0500000US29077,0,311,15,0,1291,1685,94,24,69,248,1429,69,630,637,0,39,0,1434,0
1524,0500000US29079,0,0,0,0,9,83,0,0,0,0,6,0,0,1,0,0,0,41,0
1525,0500000US29081,0,0,0,0,1,22,0,0,0,0,11,0,0,0,0,0,0,0,0
1526,0500000US29083,0,0,0,0,1,36,0,0,0,0,0,0,0,84,0,0,0,22,0
1527,0500000US29085,6,0,0,0,0,41,0,0,0,0,0,0,0,0,0,0,0,0,0
1528,0500000US29087,0,6,0,0,8,2,0,0,0,0,3,0,0,1,0,0,1,0,0
1529,0500000US29089,0,0,0,0,0,70,0,0,0,0,0,0,0,6,0,0,0,33,0
1530,0500000US29091,0,0,0,0,88,169,0,0,0,0,5,0,0,35,0,0,0,32,7
1531,0500000US29093,0,0,0,0,5,50,0,0,0,0,13,0,0,0,0,0,0,6,0
1532,0500000US29095,0,776,97,0,2656,3866,68,244,272,249,1977,10,157,1466,0,149,146,2665,0
1533,0500000US29097,0,81,0,0,515,556,0,24,44,20,140,1,20,61,0,0,58,167,0
1534,0500000US29099,0,224,0,0,46,608,38,54,0,65,355,0,0,111,0,6,42,670,0
1535,0500000US29101,0,65,0,0,23,437,0,26,85,0,293,0,0,293,0,0,45,34,0
1536,0500000US29103,0,0,0,0,0,25,0,0,0,0,0,0,1,0,0,0,0,0,0
1537,0500000US29105,0,19,0,0,0,173,4,0,0,0,68,0,0,27,0,0,0,80,0
1538,0500000US29107,0,25,0,0,5,80,0,0,0,0,11,0,0,0,0,0,0,194,0
1539,0500000US29109,0,0,0,0,5,178,16,0,38,0,23,0,0,0,0,0,16,0,0
1540,0500000US29111,0,0,0,0,0,0,0,0,0,0,21,0,0,14,0,0,0,4,0
1541,0500000US29113,0,5,0,0,14,284,0,0,0,30,15,0,0,54,0,0,0,97,0
1542,0500000US29115,0,0,0,0,19,23,22,3,0,0,0,0,0,7,0,0,0,0,0
1543,0500000US29117,0,0,0,0,15,26,0,0,0,0,51,0,0,16,0,0,0,4,0
1544,0500000US29119,0,56,0,0,69,0,13,0,193,0,77,0,107,21,0,0,0,1,0
1545,0500000US29121,0,0,0,0,0,31,0,0,0,0,29,0,0,0,0,0,0,102,0
1546,0500000US29123,0,0,0,0,31,53,0,31,0,0,16,0,1,10,0,0,0,8,0
1547,0500000US29125,0,0,0,0,0,0,0,0,0,0,27,0,0,8,0,0,0,0,0
1548,0500000US29127,0,0,0,0,2,6,27,0,0,0,12,0,0,0,0,0,0,30,0
1549,0500000US29129,0,0,0,0,0,6,0,0,0,0,24,0,0,0,0,0,0,0,0
1550,0500000US29131,0,6,0,0,0,26,0,0,0,0,52,0,0,8,0,0,0,67,0
1551,0500000US29133,0,12,0,0,0,0,0,0,0,0,0,0,0,0,0,0,0,0,0
1552,0500000US29135,0,0,0,0,7,50,0,0,49,0,3,0,0,0,0,0,0,7,0
1553,0500000US29137,0,0,0,0,0,0,4,0,0,0,6,0,0,11,0,0,0,0,0
1554,0500000US29139,0,0,0,0,1,20,0,0,0,0,0,0,0,0,0,0,0,6,0
1555,0500000US29141,0,0,0,0,13,17,0,45,0,0,1,0,0,0,0,0,0,39,0
1556,0500000US29143,0,0,0,0,0,24,0,0,0,0,13,0,0,13,0,0,0,8,0
1557,0500000US29145,0,0,0,0,24,248,0,159,0,0,1,0,448,12,0,0,11,162,0
1558,0500000US29147,0,0,0,0,11,49,0,0,0,24,5,0,0,11,0,0,0,46,0
1559,0500000US29149,0,0,0,0,18,35,0,0,0,0,0,0,0,4,0,0,0,1,0
1560,0500000US29151,0,0,0,0,0,1,0,0,0,0,3,0,0,0,0,0,0,0,0
1561,0500000US29153,0,0,0,0,0,0,0,0,0,0,0,0,0,0,0,0,0,0,0
1562,0500000US29155,0,0,0,0,0,6,0,0,0,0,0,0,0,0,0,0,0,0,0
1563,0500000US29157,0,0,0,0,12,35,0,0,0,0,19,0,0,153,0,0,0,13,0
1564,0500000US29159,0,67,0,0,84,237,7,0,0,5,0,0,0,30,0,0,0,49,0
1565,0500000US29161,0,4,0,0,99,93,0,2,22,0,179,0,0,30,0,0,46,984,0
1566,0500000US29163,0,3,0,0,0,28,0,0,0,0,7,0,0,5,0,0,0,15,0
1567,0500000US29165,0,30,72,0,370,995,59,123,0,19,621,0,0,456,0,0,28,491,0
1568,0500000US29167,0,0,0,0,0,83,0,0,0,37,112,0,0,4,0,0,0,180,0
1569,0500000US29169,0,165,0,0,196,922,10,0,0,0,769,10,0,214,0,30,22,127,0
1570,0500000US29171,0,0,0,0,0,0,0,0,0,0,0,0,0,0,0,0,0,0,0
1571,0500000US29173,0,0,0,0,0,26,0,0,0,0,0,0,0,0,0,0,0,0,0
1572,0500000US29175,0,0,0,0,0,45,0,0,0,0,0,0,0,34,0,0,0,51,0
1573,0500000US29177,0,1,0,0,6,2,0,0,0,0,99,0,0,3,0,0,0,7,0
1574,0500000US29179,0,0,0,0,7,1,0,0,0,1,0,0,0,20,0,0,0,2,0
1575,0500000US29181,0,0,0,0,0,39,0,0,0,0,0,0,0,16,0,0,0,0,0
1576,0500000US29183,8,426,11,0,1928,2742,0,40,0,0,1655,0,20,996,0,0,78,2469,0
1577,0500000US29185,0,0,0,0,18,16,0,0,0,0,2,0,0,15,0,0,0,0,0
1578,0500000US29186,0,0,0,0,9,61,0,0,0,0,0,0,0,0,28,0,0,0,0
1579,0500000US29187,0,24,0,0,2,143,0,0,0,0,44,0,0,72,0,0,18,7,0
1580,0500000US29189,11,979,145,0,4416,5905,186,177,159,217,3895,52,17,2321,20,7,1340,12796,9
1581,0500000US29195,0,0,0,0,68,9,0,0,0,4,1,0,0,103,0,0,0,149,0
1582,0500000US29197,0,0,0,0,16,4,0,0,0,0,0,0,0,0,0,0,0,1,0
1583,0500000US29199,0,66,0,0,0,0,0,0,0,0,0,0,0,0,0,0,0,0,0
1584,0500000US29201,0,2,0,0,17,98,0,0,0,0,56,0,0,17,0,0,0,11,0
1585,0500000US29203,0,0,2,0,24,4,0,0,0,0,0,0,0,0,0,0,0,0,0
1586,0500000US29205,0,0,0,0,0,50,0,0,0,20,0,0,0,24,0,0,0,0,0
1587,0500000US29207,0,8,0,0,12,0,0,0,0,0,0,0,0,3,0,0,0,71,0
1588,0500000US29209,0,0,0,0,9,9,4,0,59,0,19,0,0,21,0,0,0,122,0
1589,0500000US29211,0,0,0,0,0,56,0,0,0,0,0,0,0,29,0,0,0,0,0
1590,0500000US29213,0,208,0,0,13,203,0,0,47,0,50,0,0,9,0,0,0,108,0
1591,0500000US29215,0,0,0,0,5,100,0,0,0,0,1,0,0,97,0,0,0,0,0
1592,0500000US29217,0,0,0,0,0,107,0,1,0,0,0,17,0,25,0,0,0,17,0
1593,0500000US29219,0,0,0,0,135,37,0,0,0,0,0,0,0,82,0,0,0,0,0
1594,0500000US29221,0,0,0,0,2,59,0,0,0,0,39,13,0,17,0,0,0,0,0
1595,0500000US29223,0,0,0,0,3,0,0,0,0,0,0,0,0,0,0,0,0,25,0
1596,0500000US29225,0,26,0,0,2,147,0,0,0,0,3,0,0,48,0,0,0,20,0
1597,0500000US29227,0,0,0,0,0,0,0,0,0,0,0,0,0,0,0,0,0,0,0
1598,0500000US29229,0,0,0,0,0,33,0,0,0,0,0,0,0,76,0,0,0,0,0
1599,0500000US29510,0,176,161,0,2002,1741,5,138,423,78,1119,0,0,731,0,0,250,2734,0
1600,0500000US30001,0,0,0,0,0,67,0,0,0,0,0,0,0,17,0,0,0,9,0
1601,0500000US30003,0,0,0,0,0,257,0,0,0,0,0,0,0,26,0,0,0,0,0
1602,0500000US30005,0,0,0,0,0,0,0,0,0,0,0,0,0,0,0,0,0,0,0
1603,0500000US30007,0,0,0,0,0,36,0,0,0,0,0,0,0,0,0,0,0,31,0
1604,0500000US30009,0,0,0,0,0,52,0,0,0,0,0,0,0,0,0,0,0,0,0
1605,0500000US30011,0,0,0,0,0,0,0,0,0,0,0,0,0,0,0,0,0,0,0
1606,0500000US30013,0,0,0,0,41,794,11,0,0,12,135,0,0,299,0,0,0,252,0
1607,0500000US30015,0,0,0,0,0,33,0,0,0,0,8,0,0,0,0,0,0,3,0
1608,0500000US30017,0,0,0,0,19,32,0,0,0,0,7,0,0,62,0,0,0,29,0
1609,0500000US30019,0,2,0,0,0,0,0,0,0,0,24,0,0,0,0,0,0,2,0
1610,0500000US30021,0,0,0,0,0,46,0,0,0,0,0,0,0,21,0,0,0,1,0
1611,0500000US30023,0,0,0,0,0,24,0,0,0,0,6,0,80,12,0,0,0,16,0
1612,0500000US30025,0,0,0,0,0,0,0,0,0,0,0,0,0,0,0,0,0,0,0
1613,0500000US30027,0,0,0,0,0,0,0,0,0,0,81,0,0,0,0,0,0,2,0
1614,0500000US30029,0,0,0,0,117,574,0,0,0,156,154,41,0,155,0,0,166,328,0
1615,0500000US30031,0,30,0,0,25,496,86,0,0,0,447,0,0,454,0,0,0,1175,0
1616,0500000US30033,0,0,0,0,0,0,0,0,0,0,0,0,0,0,0,0,0,0,0
1617,0500000US30035,0,8,0,0,0,56,0,0,0,0,8,0,0,8,0,0,0,0,0
1618,0500000US30037,0,0,0,0,0,0,0,0,0,0,0,0,0,0,0,0,0,0,0
1619,0500000US30039,0,0,0,0,0,0,0,0,0,0,4,0,0,0,0,0,0,18,0
1620,0500000US30041,0,0,0,0,30,32,0,0,0,0,0,0,0,142,0,0,18,51,0
1621,0500000US30043,0,0,0,0,0,0,0,0,0,0,79,0,0,16,0,0,0,21,0
1622,0500000US30045,0,0,0,0,0,0,0,0,0,0,0,0,0,0,0,0,0,0,0
1623,0500000US30047,0,4,0,0,79,229,0,0,0,3,18,5,0,53,0,0,0,30,0
1624,0500000US30049,0,157,0,0,18,202,49,0,5,1,210,0,0,195,0,0,23,77,0
1625,0500000US30051,0,0,0,0,0,0,0,0,0,0,0,0,0,0,0,0,0,0,0
1626,0500000US30053,0,0,0,0,0,54,0,0,0,0,0,0,0,26,0,0,0,70,0
1627,0500000US30055,0,0,0,0,0,7,0,0,0,0,41,0,0,0,0,0,0,0,0
1628,0500000US30057,0,0,0,0,0,5,19,0,0,0,0,0,0,62,0,0,0,7,0
1629,0500000US30059,0,0,0,0,0,6,0,0,0,0,0,0,0,0,0,0,0,0,0
1630,0500000US30061,0,2,0,0,17,2,0,0,0,0,7,0,0,14,0,0,0,0,0
1631,0500000US30063,0,190,34,0,108,1062,63,42,0,2,318,0,410,548,0,21,74,501,0
1632,0500000US30065,0,8,0,0,0,0,0,0,0,0,0,0,0,11,0,0,0,29,0
1633,0500000US30067,0,0,0,0,0,15,0,0,0,0,20,0,0,26,0,0,0,47,0
1634,0500000US30069,0,0,0,0,0,0,0,0,0,0,0,0,0,3,0,0,0,0,0
1635,0500000US30071,0,0,0,0,0,0,0,0,0,0,0,0,0,0,0,0,0,0,0
1636,0500000US30073,0,0,0,0,0,0,0,0,0,5,0,0,0,5,0,0,0,0,0
1637,0500000US30075,0,0,0,0,0,8,0,0,0,0,0,0,0,37,0,0,0,0,0
1638,0500000US30077,0,0,0,0,0,71,0,0,0,0,0,0,0,3,0,0,0,54,0
1639,0500000US30079,0,0,0,0,0,0,0,0,0,0,38,0,0,11,0,0,0,0,0
1640,0500000US30081,0,20,0,0,69,244,0,22,0,0,31,0,53,26,0,0,0,24,0
1641,0500000US30083,0,23,3,0,0,48,0,0,0,0,0,26,0,0,0,0,0,4,0
1642,0500000US30085,0,0,0,0,0,68,0,0,0,0,20,0,0,11,0,0,0,18,0
1643,0500000US30087,0,0,0,0,0,17,0,0,0,0,0,0,0,0,0,0,0,25,0
1644,0500000US30089,0,2,0,0,6,25,0,0,0,0,32,0,0,21,0,0,0,8,0
1645,0500000US30091,0,15,0,0,0,3,0,0,0,0,0,0,0,0,0,0,0,5,0
1646,0500000US30093,0,22,0,0,2,297,0,0,0,0,206,0,0,52,0,0,0,36,0
1647,0500000US30095,0,0,0,0,0,7,0,0,0,0,2,0,0,33,0,0,0,31,0
1648,0500000US30097,0,0,0,0,0,2,0,0,0,0,0,0,0,0,0,0,0,0,0
1649,0500000US30099,0,0,0,0,0,33,0,0,0,4,0,0,0,0,0,0,0,10,0
1650,0500000US30101,0,0,0,0,0,25,0,0,0,0,0,0,0,16,0,0,0,17,0
1651,0500000US30103,0,0,0,0,0,21,0,0,0,0,0,0,0,0,0,0,0,0,0
1652,0500000US30105,0,0,0,0,0,22,0,0,0,0,12,7,0,26,0,0,0,5,0
1653,0500000US30107,0,0,0,0,0,0,0,0,0,0,0,0,0,0,0,0,0,0,0
1654,0500000US30109,0,0,0,0,0,0,0,0,0,0,0,0,0,0,0,0,0,1,0
1655,0500000US30111,0,0,8,0,402,593,0,114,0,4,218,0,0,654,0,0,0,613,0
1656,0500000US31001,0,12,0,0,209,65,0,0,12,0,33,0,0,58,0,0,0,37,0
1657,0500000US31003,0,0,0,0,0,8,0,0,0,0,0,0,0,8,0,0,0,5,0
1658,0500000US31005,0,0,0,0,0,2,0,0,0,0,0,0,0,0,0,0,0,0,0
1659,0500000US31007,0,0,0,0,0,0,0,0,0,0,7,0,0,0,0,0,0,0,0
1660,0500000US31009,0,0,0,0,0,0,0,0,0,0,0,0,0,0,0,0,0,0,0
1661,0500000US31011,0,0,0,0,0,6,0,0,0,0,11,0,0,0,0,0,0,0,0
1662,0500000US31013,0,0,0,0,0,77,0,0,0,0,16,0,0,36,0,0,0,0,0
1663,0500000US31015,0,0,0,0,0,0,0,0,0,0,0,0,0,0,0,0,0,0,0
1664,0500000US31017,0,1,0,0,0,8,0,0,0,0,0,0,0,0,0,0,0,0,0
1665,0500000US31019,0,17,8,0,69,4,0,0,0,0,187,0,0,165,0,0,0,422,0
1666,0500000US31021,0,0,0,0,0,0,0,0,0,0,6,0,0,37,0,0,0,12,0
1667,0500000US31023,0,0,0,0,0,64,0,0,0,0,0,0,0,43,0,0,0,0,0
1668,0500000US31025,0,1,0,0,0,112,0,0,0,0,17,0,0,30,0,0,0,66,0
1669,0500000US31027,0,0,0,0,22,22,0,22,0,0,0,0,0,20,0,0,0,35,0
1670,0500000US31029,0,0,0,0,0,81,0,0,0,0,0,0,0,0,0,0,0,0,0
1671,0500000US31031,0,0,0,0,63,2,0,0,0,0,0,0,0,0,0,0,0,0,0
1672,0500000US31033,0,0,0,0,0,63,0,0,0,0,0,0,0,10,0,0,0,0,0
1673,0500000US31035,0,1,0,0,0,6,0,0,1,0,0,0,0,0,0,0,0,3,0
1674,0500000US31037,0,0,0,0,0,36,0,0,0,0,0,0,0,0,0,0,0,3,0
1675,0500000US31039,0,10,0,0,0,10,0,0,0,0,0,0,0,0,0,0,0,0,0
1676,0500000US31041,0,0,0,0,0,0,0,1,0,0,11,0,0,2,0,0,0,0,0
1677,0500000US31043,0,118,0,0,0,103,0,170,0,0,25,0,77,12,0,0,86,142,0
1678,0500000US31045,0,0,0,0,0,5,0,67,0,0,25,0,0,18,0,0,34,2,0
1679,0500000US31047,0,0,0,0,40,179,0,0,0,7,16,56,0,16,0,0,0,0,0
1680,0500000US31049,0,0,0,0,0,9,0,0,0,0,0,0,0,6,0,0,0,0,0
1681,0500000US31051,0,0,0,0,0,8,0,0,0,0,0,0,0,0,0,0,0,0,0
1682,0500000US31053,0,17,0,0,26,124,0,17,2,0,71,0,0,89,0,0,0,54,0
1683,0500000US31055,0,1117,3,0,2680,2652,162,134,4758,167,1770,98,50,1525,0,14,281,3441,99
1684,0500000US31057,0,0,0,0,0,0,0,0,0,0,0,0,0,0,0,0,0,0,0
1685,0500000US31059,0,0,0,0,0,10,0,0,0,0,10,0,0,0,0,0,0,1,0
1686,0500000US31061,0,0,0,0,0,2,0,0,0,0,1,0,0,0,0,0,0,0,0
1687,0500000US31063,0,0,0,0,0,1,0,0,0,0,0,0,0,0,0,0,0,0,0
1688,0500000US31065,0,0,0,0,0,3,0,0,0,0,1,0,0,2,0,0,0,3,0
1689,0500000US31067,0,0,0,0,0,64,0,0,0,0,0,0,0,29,0,0,0,94,0
1690,0500000US31069,0,0,0,0,0,1,0,0,0,0,0,0,0,4,0,0,0,0,0
1691,0500000US31071,0,0,0,0,0,0,0,0,0,0,0,0,0,0,0,0,0,0,0
1692,0500000US31073,0,0,0,0,0,0,0,0,0,0,0,0,0,0,0,0,0,0,0
1693,0500000US31075,0,0,0,0,0,1,0,0,0,0,2,0,0,0,0,0,0,0,0
1694,0500000US31077,0,0,0,0,0,0,0,0,0,0,0,0,0,0,0,0,0,0,0
1695,0500000US31079,0,87,0,0,129,138,0,370,3,0,9,0,0,77,0,0,0,150,0
1696,0500000US31081,0,1,0,0,0,0,0,0,0,0,8,0,0,36,0,0,0,0,0
1697,0500000US31083,0,0,0,0,0,20,0,0,0,0,0,0,0,34,0,0,0,0,0
1698,0500000US31085,0,0,0,0,0,0,0,0,0,0,0,0,0,0,0,0,0,0,0
1699,0500000US31087,0,2,0,0,0,8,0,0,0,0,0,0,0,0,0,0,0,0,0
1700,0500000US31089,0,0,0,0,6,5,0,0,0,0,0,0,0,0,0,0,0,40,0
1701,0500000US31091,0,0,0,0,0,0,0,0,0,0,0,0,0,0,0,0,0,0,0
1702,0500000US31093,0,0,0,0,0,0,0,0,0,0,0,0,0,1,0,0,0,0,0
1703,0500000US31095,0,2,0,0,0,6,0,0,0,0,0,0,0,0,0,0,0,0,0
1704,0500000US31097,0,4,0,0,0,1,0,50,0,0,2,0,0,0,0,0,0,0,0
1705,0500000US31099,0,0,0,0,0,23,0,9,0,0,0,0,0,0,0,0,0,32,0
1706,0500000US31101,0,0,0,0,12,22,0,0,0,16,9,0,0,15,4,0,0,3,0
1707,0500000US31103,0,0,0,0,0,0,0,0,0,0,0,0,0,0,0,0,0,0,0
1708,0500000US31105,0,0,0,0,0,0,0,0,0,0,4,0,0,10,0,0,0,3,0
1709,0500000US31107,0,0,0,0,0,33,0,3,0,0,16,0,0,10,0,0,0,3,0
1710,0500000US31109,0,619,343,0,5674,1404,142,60,1332,392,698,140,74,688,0,0,61,2394,0
1711,0500000US31111,0,27,0,0,54,138,0,0,0,0,52,0,0,116,0,0,0,11,0
1712,0500000US31113,0,0,0,0,0,0,0,0,0,0,0,0,0,0,0,0,0,0,0
1713,0500000US31115,0,0,0,0,0,0,0,0,0,0,0,0,0,0,0,0,0,0,0
1714,0500000US31117,0,0,0,0,0,0,0,0,0,0,0,0,0,0,0,0,0,0,0
1715,0500000US31119,0,0,0,0,39,158,0,0,174,0,263,0,0,39,0,0,0,75,0
1716,0500000US31121,0,0,0,0,0,0,0,0,0,0,78,0,0,40,0,0,12,6,0
1717,0500000US31123,0,0,0,0,0,0,0,9,0,0,0,0,0,0,0,0,14,0,0
1718,0500000US31125,0,0,0,0,0,0,0,0,0,0,0,0,0,0,0,0,0,0,0
1719,0500000US31127,0,5,0,0,0,20,0,0,0,0,0,0,0,0,0,0,0,0,0
1720,0500000US31129,0,0,0,0,0,0,0,0,0,0,0,0,0,0,0,0,0,0,0
1721,0500000US31131,0,0,0,0,43,38,0,0,0,3,30,0,0,31,0,0,0,27,0
1722,0500000US31133,0,0,0,0,0,0,0,0,0,0,0,0,0,0,0,0,0,0,0
1723,0500000US31135,0,0,0,0,1,1,0,0,0,0,11,0,0,11,0,0,0,1,0
1724,0500000US31137,0,0,0,0,0,17,0,0,0,0,7,0,0,0,0,0,0,0,0
1725,0500000US31139,0,8,0,0,0,0,0,0,0,0,0,0,5,0,0,0,0,9,0
1726,0500000US31141,0,6,0,0,0,214,0,0,0,0,52,0,0,73,0,0,0,4,0
1727,0500000US31143,0,0,0,0,0,0,0,0,0,0,0,0,0,4,0,0,0,4,0
1728,0500000US31145,0,0,0,0,0,0,0,0,0,0,0,0,0,0,0,0,0,71,0
1729,0500000US31147,0,1,0,0,0,2,0,0,0,0,0,0,0,0,0,0,0,0,0
1730,0500000US31149,0,0,0,0,0,0,0,0,0,0,0,0,0,0,0,0,0,0,0
1731,0500000US31151,0,0,0,0,36,3,0,23,280,0,0,0,0,35,0,0,0,17,0
1732,0500000US31153,0,198,0,0,1486,2982,0,40,49,198,756,0,0,432,0,42,11,825,0
1733,0500000US31155,0,0,0,0,48,23,0,0,0,0,9,0,0,2,0,0,0,10,0
1734,0500000US31157,0,0,0,0,16,52,0,37,0,0,40,7,0,132,0,0,7,75,0
1735,0500000US31159,0,17,0,0,7,17,0,0,0,0,0,0,0,24,0,0,0,72,0
1736,0500000US31161,0,0,0,0,32,2,0,8,0,0,2,0,0,0,0,0,0,0,0
1737,0500000US31163,0,0,0,0,0,0,0,0,0,0,10,0,0,0,0,0,0,0,0
1738,0500000US31165,0,0,0,0,0,0,0,0,0,0,0,0,0,0,0,0,0,0,0
1739,0500000US31167,0,0,0,0,0,15,0,0,0,0,0,0,0,3,0,0,0,0,0
1740,0500000US31169,0,0,0,0,0,0,0,0,1,0,0,0,0,4,0,0,0,0,0
1741,0500000US31171,0,0,0,0,0,0,0,0,0,0,0,0,0,0,0,0,0,0,0
1742,0500000US31173,0,0,0,0,17,35,0,0,34,0,0,0,0,4,0,0,0,0,0
1743,0500000US31175,0,3,0,0,4,0,0,0,0,0,0,0,0,0,0,0,0,4,0
1744,0500000US31177,0,0,0,0,19,0,11,17,0,0,51,0,0,18,0,0,0,14,0
1745,0500000US31179,0,0,0,0,6,67,0,0,0,29,8,0,0,38,0,0,0,6,2
1746,0500000US31181,0,0,0,0,0,6,0,0,0,0,0,0,0,4,0,0,0,0,0
1747,0500000US31183,0,0,0,0,0,1,0,0,0,0,0,0,0,0,0,0,0,0,0
1748,0500000US31185,0,0,0,0,0,187,0,0,0,0,47,0,0,112,0,0,3,0,0
1749,0500000US32001,0,18,0,0,52,965,0,0,0,0,3,0,0,153,0,0,0,18,0
1750,0500000US32003,47,8614,332,209,16147,162802,2030,3611,348,2697,21860,296,522,28856,0,187,2506,54041,0
1751,0500000US32005,0,0,56,0,53,927,19,0,0,0,314,0,0,96,0,0,17,496,0
1752,0500000US32007,0,78,0,0,94,144,0,30,0,19,54,0,0,38,0,0,0,512,8
1753,0500000US32009,0,0,0,0,0,13,0,0,0,0,0,0,0,0,0,0,0,0,0
1754,0500000US32011,0,0,0,0,10,178,0,0,0,0,0,0,0,0,0,0,0,0,0
1755,0500000US32013,0,0,0,0,0,202,0,0,0,0,17,0,0,20,0,0,0,2,0
1756,0500000US32015,0,192,0,0,0,65,0,0,0,0,0,0,0,0,0,0,0,0,0
1757,0500000US32017,0,0,0,0,0,1,0,0,0,0,1,0,0,0,0,0,0,0,0
1758,0500000US32019,0,2,0,65,15,941,7,0,0,0,249,30,0,253,0,0,0,273,0
1759,0500000US32021,0,0,0,0,0,4,0,0,0,0,0,0,0,0,0,0,0,0,0
1760,0500000US32023,0,0,0,0,56,672,0,0,0,0,198,0,0,213,0,3,36,381,0
1761,0500000US32027,0,0,0,0,0,46,0,0,0,0,0,0,0,0,0,0,0,41,0
1762,0500000US32029,0,0,0,0,0,42,0,0,0,0,0,0,0,5,0,0,0,0,0
1763,0500000US32031,9,760,30,0,2364,16073,218,31,15,126,2125,72,60,3673,0,10,170,6210,29
1764,0500000US32033,0,2,0,0,0,28,0,0,0,0,34,0,0,9,0,0,0,16,0
1765,0500000US32510,0,0,0,0,399,1122,156,0,0,0,116,0,6,166,0,0,13,216,0
1766,0500000US33001,0,33,0,0,38,262,0,137,0,1,53,15,0,0,0,0,0,136,0
1767,0500000US33003,0,13,0,0,64,50,10,0,0,0,10,0,0,29,0,22,0,63,0
1768,0500000US33005,0,4,0,0,78,360,5,77,0,82,76,0,0,82,0,0,15,354,0
1769,0500000US33007,0,2,0,0,5,10,14,0,0,1,22,0,0,40,0,0,0,28,0
1770,0500000US33009,0,146,0,0,237,316,99,157,8,45,521,0,0,359,0,0,119,1290,0
1771,0500000US33011,0,197,19,0,2387,3047,223,221,346,1015,1585,0,21,1119,0,0,198,3538,0
1772,0500000US33013,0,211,0,0,259,940,113,45,24,103,589,0,0,396,5,0,13,677,15
1773,0500000US33015,0,127,0,0,371,1413,64,128,5,318,1072,16,0,830,0,0,0,2210,0
1774,0500000US33017,0,56,0,0,423,1085,482,73,0,276,553,0,0,509,0,0,17,1129,0
1775,0500000US33019,0,0,2,0,10,37,0,0,0,4,16,0,0,99,0,0,0,197,0
1776,0500000US34001,0,416,0,0,3553,3972,0,63,63,58,1532,5,0,736,0,0,41,4462,0
1777,0500000US34003,56,1201,62,0,2519,28078,758,90,43,152,64121,27,0,8159,48,0,1465,25263,0
1778,0500000US34005,13,331,76,0,956,5176,104,35,0,275,3934,36,17,1607,0,101,694,3668,0
1779,0500000US34007,0,79,46,0,5153,7532,219,0,112,792,3259,363,0,1449,18,102,345,7567,0
1780,0500000US34009,16,30,0,0,148,434,13,0,0,0,333,0,0,108,0,0,36,184,0
1781,0500000US34011,32,13,0,0,8,372,0,0,0,0,243,0,0,277,0,0,0,78,0
1782,0500000US34013,29,767,53,0,1154,11356,202,0,317,18,4388,81,30,1715,32,0,888,14099,79
1783,0500000US34015,0,182,0,0,730,3425,0,76,7,316,1192,0,0,447,0,0,59,1844,0
1784,0500000US34017,78,839,168,0,2813,24840,359,0,51,75,6143,22,40,2538,0,0,1037,23768,36
1785,0500000US34019,0,70,0,0,305,840,25,9,0,0,389,90,0,116,0,0,273,1445,8
1786,0500000US34021,44,141,85,0,543,3716,175,0,409,65,3268,156,0,1832,0,1,750,10476,0
1787,0500000US34023,47,655,188,0,3308,18134,731,21,296,89,7155,91,0,1514,0,0,2088,27677,0
1788,0500000US34025,86,302,17,0,1603,6374,21,125,112,279,3254,145,0,924,39,0,656,11544,0
1789,0500000US34027,0,248,52,0,1288,5965,75,84,38,17,3745,117,0,1436,0,0,1487,13923,0
1790,0500000US34029,0,55,36,0,696,7136,54,36,0,31,1222,29,0,1054,0,0,9,2759,0
1791,0500000US34031,0,78,0,0,185,6041,295,0,46,9,2248,26,20,680,0,0,260,3257,0
1792,0500000US34033,0,0,0,0,129,529,0,0,0,0,57,0,0,136,0,0,47,112,0
1793,0500000US34035,0,175,10,0,1051,6601,115,46,15,0,2426,74,0,992,0,0,1385,16370,0
1794,0500000US34037,0,49,8,0,236,926,23,0,137,0,435,5,0,194,0,19,50,558,0
1795,0500000US34039,22,82,83,0,1076,9252,130,9,165,393,2015,0,0,1495,0,0,262,9307,0
1796,0500000US34041,10,60,0,0,368,1808,46,0,0,23,84,0,10,88,0,0,0,865,0
1797,0500000US35001,0,553,14,0,4847,7415,280,344,0,70,2092,57,19,3218,0,10,331,4980,0
1798,0500000US35003,0,0,0,0,0,0,0,0,0,0,24,0,0,0,0,0,0,0,0
1799,0500000US35005,0,20,0,0,112,372,26,0,0,0,33,0,0,80,0,0,0,57,0
1800,0500000US35006,0,0,0,0,59,88,0,0,0,0,8,0,0,8,0,0,0,28,0
1801,0500000US35007,0,2,0,0,0,0,0,0,0,0,110,0,0,31,0,0,0,0,0
1802,0500000US35009,0,6,0,0,149,574,36,0,0,0,226,0,9,22,0,0,0,30,0
1803,0500000US35011,0,0,0,0,0,0,0,0,0,0,0,0,0,0,0,0,0,0,0
1804,0500000US35013,0,193,15,0,148,1132,0,0,4,7,353,0,0,580,0,25,6,662,0
1805,0500000US35015,0,0,0,0,43,236,0,0,7,0,116,0,0,300,0,0,0,0,0
1806,0500000US35017,0,1,0,0,0,196,0,0,0,0,23,0,0,16,0,0,0,144,0
1807,0500000US35019,0,0,0,0,0,0,0,0,0,0,0,0,0,39,0,0,0,0,0
1808,0500000US35021,0,0,0,0,0,0,0,0,0,0,0,0,0,0,0,0,0,0,0
1809,0500000US35023,0,0,0,0,0,34,0,0,0,0,0,0,0,4,0,0,0,0,0
1810,0500000US35025,0,8,0,0,7,417,4,0,0,0,0,0,0,5,0,0,0,5,0
1811,0500000US35027,0,33,0,0,0,12,0,0,0,0,26,0,0,30,0,0,11,12,0
1812,0500000US35028,0,5,0,0,18,114,22,0,0,0,280,0,0,242,0,0,153,609,0
1813,0500000US35029,0,0,0,0,0,209,0,0,0,0,17,0,0,1,0,0,0,0,0
1814,0500000US35031,0,0,0,0,20,522,0,0,0,0,62,0,0,61,0,0,0,0,0
1815,0500000US35033,0,0,0,0,0,0,0,0,0,0,0,0,0,0,0,0,0,0,0
1816,0500000US35035,0,101,0,0,90,838,9,0,0,8,249,0,52,103,0,0,61,180,0
1817,0500000US35037,0,0,0,0,0,193,0,0,0,0,0,0,0,0,0,0,0,0,0
1818,0500000US35039,0,0,0,0,136,93,0,0,0,0,0,0,0,0,0,0,0,67,0
1819,0500000US35041,0,2,0,0,24,186,0,0,0,0,41,0,0,0,0,0,0,0,0
1820,0500000US35043,10,121,36,0,549,1659,60,0,0,0,436,29,110,422,0,0,17,549,0
1821,0500000US35045,0,8,0,0,6,815,23,58,0,7,40,0,0,170,0,0,0,141,0
1822,0500000US35047,0,21,0,0,24,9,0,0,0,0,0,0,0,113,0,0,0,25,0
1823,0500000US35049,0,37,0,0,90,810,27,2,18,5,265,0,4,573,0,0,76,693,0
1824,0500000US35051,0,5,0,0,0,61,0,0,0,0,0,0,0,72,0,0,0,0,0
1825,0500000US35053,0,0,0,0,38,0,0,0,0,0,44,0,0,31,0,0,7,34,0
1826,0500000US35055,0,0,0,0,96,102,0,0,0,0,10,0,0,114,0,0,6,0,0
1827,0500000US35057,0,0,0,0,0,0,0,0,0,0,0,0,0,0,0,0,0,92,0
1828,0500000US35059,0,0,0,0,5,0,0,0,0,0,0,0,0,0,0,0,0,0,0
1829,0500000US35061,0,0,0,0,126,363,0,0,0,0,40,0,0,178,0,0,0,73,0
1830,0500000US36001,0,458,157,0,1347,3058,73,0,1018,259,2010,22,0,832,0,0,293,4671,0
1831,0500000US36003,0,5,10,0,61,114,0,0,5,4,90,0,0,69,0,0,21,233,0
1832,0500000US36005,0,242,211,0,3326,8444,116,301,17,1351,2168,84,25,1281,0,0,164,8212,0
1833,0500000US36007,0,135,19,0,514,478,14,538,53,0,701,0,0,363,0,0,69,3518,82
1834,0500000US36009,0,45,0,0,59,235,5,0,5,0,65,14,0,99,0,0,0,145,0
1835,0500000US36011,0,3,0,0,82,191,0,0,0,0,66,0,0,123,0,0,0,126,0
1836,0500000US36013,0,11,5,0,138,240,3,44,0,16,85,0,0,28,0,0,13,479,0
1837,0500000US36015,0,44,0,0,16,150,0,0,0,0,159,0,0,134,0,0,22,572,0
1838,0500000US36017,0,0,0,0,0,154,0,0,0,0,20,0,0,16,0,0,4,80,0
1839,0500000US36019,0,31,24,0,15,542,0,0,0,0,121,0,0,153,0,0,27,328,0
1840,0500000US36021,0,0,1,0,52,330,2,0,0,6,74,0,0,177,0,0,3,413,0
1841,0500000US36023,0,0,0,0,19,90,0,13,0,0,19,0,0,132,0,0,0,375,0
1842,0500000US36025,0,10,11,0,17,95,5,0,46,0,81,35,0,67,0,0,54,218,0
1843,0500000US36027,0,100,7,0,283,1393,94,0,50,113,1730,0,0,816,0,28,210,3680,0
1844,0500000US36029,126,580,39,0,2169,2436,195,710,4551,70,2820,58,28,1079,0,0,326,8027,31
1845,0500000US36031,0,0,0,0,27,42,0,0,0,0,20,0,0,28,0,0,0,30,0
1846,0500000US36033,0,4,0,0,2,59,1,0,8,0,65,0,0,3,0,0,0,158,0
1847,0500000US36035,0,16,3,0,86,161,0,0,20,0,16,0,0,3,0,0,0,218,0
1848,0500000US36037,0,0,0,0,18,250,0,2,0,0,69,0,0,65,0,83,0,296,0
1849,0500000US36039,0,14,0,0,7,129,0,0,0,5,36,0,0,48,0,0,0,353,0
1850,0500000US36041,0,0,0,0,0,0,0,0,0,0,8,0,0,0,0,0,0,12,0
1851,0500000US36043,0,181,0,0,18,100,0,0,20,0,88,0,0,44,0,0,0,121,0
1852,0500000US36045,0,72,0,0,18,1142,10,12,0,228,300,18,0,258,0,0,0,437,0
1853,0500000US36047,310,1106,859,0,6705,16063,1175,160,1295,685,15454,159,56,9230,30,0,2732,208694,24
1854,0500000US36049,0,0,0,0,12,56,0,3,0,0,22,0,0,1,0,2,0,9,0
1855,0500000US36051,0,0,19,0,0,231,12,36,0,0,206,0,0,105,0,0,24,157,0
1856,0500000US36053,0,37,0,0,1,59,9,72,0,1,78,0,0,167,0,0,60,306,0
1857,0500000US36055,0,1255,36,0,2833,3017,46,972,1350,191,3254,9,0,1237,0,75,361,8535,0
1858,0500000US36057,0,92,0,0,26,132,13,0,61,0,70,0,0,42,0,0,0,100,0
1859,0500000US36059,92,939,325,0,1628,15811,461,178,427,88,16561,15,0,3322,227,0,2002,52082,0
1860,0500000US36061,505,1899,1115,0,4716,14896,674,164,324,263,20882,295,53,16240,65,0,5728,109373,49
1861,0500000US36063,0,80,9,0,262,411,0,24,17,23,525,0,0,99,0,0,48,758,0
1862,0500000US36065,25,697,40,0,818,560,49,34,4004,1075,478,0,0,210,0,0,120,1293,0
1863,0500000US36067,88,429,0,0,2152,1778,66,236,1981,401,1337,1,312,665,0,34,123,6028,0
1864,0500000US36069,0,67,3,0,50,181,16,15,9,120,449,0,0,257,0,0,12,376,0
1865,0500000US36071,0,179,39,0,805,2323,54,33,26,188,764,8,0,1133,0,0,53,4370,0
1866,0500000US36073,0,0,0,0,15,108,0,0,1,11,27,0,0,7,0,0,14,178,0
1867,0500000US36075,0,25,1,0,138,204,0,0,134,0,150,0,0,87,0,0,0,292,0
1868,0500000US36077,0,5,0,0,3,220,0,0,0,2,52,7,0,111,0,0,10,429,0
1869,0500000US36079,0,47,7,0,82,434,0,0,0,0,303,8,0,219,0,0,15,947,0
1870,0500000US36081,328,5226,2486,0,7369,48461,4907,261,4584,903,50385,145,200,8851,15,5,7659,257214,114
1871,0500000US36083,0,130,16,0,137,294,0,0,832,77,488,10,0,203,0,0,21,1538,0
1872,0500000US36085,422,533,144,0,965,5925,44,0,260,67,2865,37,0,499,0,0,75,35345,0
1873,0500000US36087,4,58,0,0,591,4532,0,48,39,345,2295,0,0,397,0,0,105,4263,0
1874,0500000US36089,0,22,11,0,47,440,15,2,27,0,70,0,0,115,0,5,0,498,0
1875,0500000US36091,19,202,143,0,25,1351,66,0,0,61,1070,0,0,370,0,0,16,2342,0
1876,0500000US36093,0,34,7,0,198,651,0,13,254,20,946,23,0,223,0,0,9,1549,0
1877,0500000US36095,0,0,0,0,0,37,0,0,0,0,75,0,0,26,0,0,0,89,0
1878,0500000US36097,0,0,0,0,22,30,0,9,0,0,24,0,0,0,0,0,0,63,0
1879,0500000US36099,6,0,0,0,0,69,0,0,0,0,71,0,0,25,0,0,3,56,0
1880,0500000US36101,0,47,0,0,35,239,0,0,0,27,232,0,17,72,0,0,3,740,0
1881,0500000US36103,156,561,199,0,1734,9286,457,192,309,21,5916,13,12,2213,13,0,521,19063,5
1882,0500000US36105,0,0,34,0,47,169,17,0,17,26,85,4,0,232,0,0,16,672,0
1883,0500000US36107,0,0,0,0,63,115,0,0,38,0,20,0,0,43,0,0,0,206,0
1884,0500000US36109,0,58,10,0,129,243,52,42,195,290,999,0,0,796,0,0,152,4820,26
1885,0500000US36111,25,164,0,0,843,739,0,6,0,32,505,35,0,287,0,0,61,1295,0
1886,0500000US36113,0,3,0,0,0,343,38,0,5,0,148,0,0,89,0,0,0,159,0
1887,0500000US36115,0,7,0,0,37,173,12,0,0,0,7,0,0,53,0,0,3,106,0
1888,0500000US36117,0,253,0,0,70,77,10,163,0,11,42,0,0,26,0,0,0,328,0
1889,0500000US36119,243,851,11,0,957,10976,91,49,75,51,8463,9,21,6553,0,0,1207,17219,0
1890,0500000US36121,0,5,0,0,0,99,0,52,0,0,0,0,0,2,0,0,26,77,0
1891,0500000US36123,0,0,0,0,15,0,0,0,0,0,4,0,0,3,0,0,0,155,0
1892,0500000US37001,0,175,41,0,348,326,16,170,195,2,468,0,22,146,0,0,36,514,0
1893,0500000US37003,0,0,0,0,0,42,0,0,0,0,23,0,52,29,0,29,0,197,0
1894,0500000US37005,0,0,0,0,0,57,0,0,0,0,0,0,0,0,0,0,0,0,0
1895,0500000US37007,0,0,0,0,0,158,0,0,0,0,110,0,0,43,0,0,0,0,0
1896,0500000US37009,0,0,0,0,79,39,0,0,0,0,0,0,0,53,0,0,0,33,0
1897,0500000US37011,0,0,0,0,0,7,18,0,0,0,25,0,0,17,0,0,0,9,0
1898,0500000US37013,0,0,0,0,172,65,2,0,0,0,27,0,0,10,0,0,0,21,0
1899,0500000US37015,0,0,0,0,0,8,0,0,0,0,127,0,0,0,0,0,0,26,0
1900,0500000US37017,0,0,0,0,0,15,0,0,0,0,42,0,0,0,0,0,0,10,0
1901,0500000US37019,0,24,0,0,69,374,18,17,0,11,102,0,0,178,0,0,39,393,0
1902,0500000US37021,0,218,0,0,121,849,46,34,7,31,610,0,0,712,0,0,74,704,0
1903,0500000US37023,0,125,0,0,96,543,0,279,0,81,51,0,1796,75,0,0,48,230,0
1904,0500000US37025,0,67,26,0,658,1843,12,117,0,130,619,0,285,243,0,0,0,1263,0
1905,0500000US37027,0,11,0,0,154,193,12,14,0,0,140,79,0,243,0,0,0,51,0
1906,0500000US37029,0,0,0,0,24,38,0,0,0,0,39,0,0,100,0,0,0,87,0
1907,0500000US37031,0,25,0,0,256,374,0,21,29,0,57,0,0,327,0,0,8,150,0
1908,0500000US37033,0,0,0,0,0,17,0,0,0,63,0,17,0,12,0,0,0,40,0
1909,0500000US37035,0,203,0,134,547,296,0,198,0,0,258,0,5465,112,0,0,15,253,10
1910,0500000US37037,0,42,0,0,87,321,0,0,0,55,209,0,0,117,0,0,0,819,0
1911,0500000US37039,0,14,0,0,41,120,0,0,0,0,0,0,53,19,0,0,0,0,0
1912,0500000US37041,0,0,0,0,0,0,0,0,0,0,21,0,0,0,0,0,0,8,0
1913,0500000US37043,0,0,0,0,0,1,0,0,68,0,10,0,0,0,0,0,0,11,0
1914,0500000US37045,0,38,0,0,20,123,42,398,0,0,107,0,0,26,0,0,0,201,0
1915,0500000US37047,0,0,0,0,0,40,0,0,42,0,61,0,0,36,0,0,0,48,0
1916,0500000US37049,0,184,0,0,414,629,136,28,1017,182,555,0,17,422,0,3,0,505,0
1917,0500000US37051,0,508,13,5,1277,3915,72,145,87,85,3239,71,35,1210,0,55,27,1461,0
1918,0500000US37053,0,0,0,36,87,77,0,0,0,0,75,0,0,130,0,0,0,68,0
1919,0500000US37055,0,0,23,0,18,217,0,0,0,0,12,0,0,33,0,2,0,99,0
1920,0500000US37057,0,50,0,0,511,680,0,197,0,781,125,0,27,356,0,0,32,239,0
1921,0500000US37059,0,0,0,0,63,197,0,0,0,0,74,0,0,16,0,0,0,57,0
1922,0500000US37061,0,6,0,0,23,87,0,0,0,0,133,0,0,9,0,0,0,0,0
1923,0500000US37063,6,444,0,0,1901,3299,158,10,301,11,1387,12,68,1230,0,0,390,5871,0
1924,0500000US37065,0,0,0,0,32,62,0,0,0,0,1,0,32,30,0,0,0,115,0
1925,0500000US37067,0,454,122,0,978,2169,175,27,108,50,695,0,56,664,0,0,524,3000,0
1926,0500000US37069,0,34,0,0,4,137,16,7,0,0,135,0,0,44,0,0,0,99,0
1927,0500000US37071,2,49,19,0,670,850,332,322,0,54,417,0,388,340,0,0,0,760,0
1928,0500000US37073,0,0,0,0,0,23,0,0,0,0,0,0,0,0,0,0,0,49,0
1929,0500000US37075,0,0,0,0,0,0,0,0,0,0,67,0,0,0,0,0,0,0,0
1930,0500000US37077,0,0,0,0,19,197,0,0,0,12,196,0,48,20,0,0,0,12,0
1931,0500000US37079,0,7,0,0,0,80,0,0,0,0,92,0,0,4,0,0,0,0,0
1932,0500000US37081,0,423,140,0,5639,2750,13,1783,1052,1152,1500,11,440,680,0,30,142,3754,0
1933,0500000US37083,0,16,0,0,192,145,0,0,0,0,19,0,0,90,0,0,14,21,0
1934,0500000US37085,0,70,52,0,260,1033,0,33,0,86,771,20,3,220,0,0,0,502,0
1935,0500000US37087,0,4,2,0,83,87,0,0,0,0,129,145,0,12,0,0,12,92,0
1936,0500000US37089,0,57,0,0,146,373,42,0,0,359,336,0,0,118,0,0,0,274,0
1937,0500000US37091,0,0,0,0,0,4,0,13,62,0,18,0,27,17,0,0,0,14,0
1938,0500000US37093,0,0,0,34,262,542,0,0,136,0,151,0,35,244,0,0,0,162,0
1939,0500000US37095,0,0,0,0,0,0,0,0,0,0,0,0,0,0,0,0,0,0,0
1940,0500000US37097,0,44,0,0,512,512,0,357,0,46,513,0,926,348,0,0,0,541,0
1941,0500000US37099,0,31,0,0,12,11,0,0,0,0,6,0,119,12,0,0,0,119,0
1942,0500000US37101,0,51,0,0,372,1168,17,34,0,31,403,0,57,370,0,0,8,545,12
1943,0500000US37103,0,0,0,0,0,3,0,3,0,0,5,0,0,0,0,0,0,0,0
1944,0500000US37105,0,0,0,0,244,330,43,0,0,0,190,0,0,45,0,0,7,139,0
1945,0500000US37107,0,0,0,0,126,41,0,0,0,21,69,0,0,49,0,0,0,167,0
1946,0500000US37109,0,0,0,0,217,311,53,42,18,0,83,0,117,91,0,0,0,174,0
1947,0500000US37111,0,0,0,0,145,192,0,0,0,0,24,0,121,24,0,0,0,123,0
1948,0500000US37113,0,0,0,0,141,97,0,0,0,0,0,0,0,101,0,0,0,104,0
1949,0500000US37115,0,8,0,0,20,42,0,6,1,0,3,0,0,42,0,0,0,19,0
1950,0500000US37117,0,0,0,0,0,35,0,0,0,0,1,0,0,0,0,0,0,123,0
1951,0500000US37119,0,587,93,0,12022,5589,458,1361,2348,2170,4550,130,1361,2392,0,0,571,11609,97
1952,0500000US37121,0,0,0,0,4,49,0,0,0,0,0,0,0,42,0,0,1,0,0
1953,0500000US37123,19,0,0,0,0,14,0,16,51,0,20,0,180,0,0,0,0,106,0
1954,0500000US37125,11,58,0,0,520,461,0,14,0,0,275,0,43,441,0,10,13,822,0
1955,0500000US37127,0,78,0,0,97,70,0,0,0,0,60,0,0,65,0,0,0,152,0
1956,0500000US37129,0,159,0,0,320,879,51,0,96,47,1410,19,49,318,0,0,59,1248,0
1957,0500000US37131,0,0,0,0,13,0,0,0,0,0,29,25,0,0,0,0,0,0,0
1958,0500000US37133,0,199,6,0,478,2758,0,4,59,62,1097,0,108,1344,0,230,27,1358,0
1959,0500000US37135,0,42,26,0,543,698,0,9,823,196,1484,0,115,722,0,0,501,4322,0
1960,0500000US37137,0,0,0,0,2,47,31,0,0,0,0,0,0,11,0,4,0,0,0
1961,0500000US37139,0,0,18,0,307,503,0,0,0,0,0,0,0,6,0,0,0,124,0
1962,0500000US37141,0,15,0,0,12,160,97,12,0,0,93,0,0,73,0,0,0,171,0
1963,0500000US37143,0,0,0,0,1,9,0,0,0,0,36,0,0,0,0,0,44,0,0
1964,0500000US37145,0,0,0,0,0,120,0,0,0,0,2,0,0,7,31,0,0,24,0
1965,0500000US37147,0,159,0,0,93,993,62,16,44,27,559,0,63,721,0,67,20,764,0
1966,0500000US37149,0,14,5,0,15,6,0,0,0,0,0,0,0,18,0,0,0,0,0
1967,0500000US37151,0,26,0,0,540,721,0,126,55,0,93,0,0,200,0,0,1,399,0
1968,0500000US37153,0,0,0,0,41,56,0,191,0,0,27,0,81,0,0,0,0,7,0
1969,0500000US37155,0,0,0,0,159,159,28,21,0,34,82,0,70,20,0,0,0,115,0
1970,0500000US37157,0,0,0,0,18,86,0,10,0,0,173,133,0,386,0,0,0,108,0
1971,0500000US37159,0,85,0,0,472,201,0,2,0,0,250,0,137,44,0,0,7,417,0
1972,0500000US37161,0,21,0,0,148,134,0,0,0,0,52,4,24,106,0,0,0,11,0
1973,0500000US37163,0,15,0,0,153,72,0,0,0,0,103,0,0,43,0,0,0,31,0
1974,0500000US37165,0,0,0,0,6,8,0,0,0,0,0,0,0,58,0,0,0,251,0
1975,0500000US37167,0,14,0,0,253,249,0,54,0,0,30,0,672,0,0,0,0,81,0
1976,0500000US37169,0,0,0,0,0,321,0,0,0,0,1,0,0,15,0,0,0,4,0
1977,0500000US37171,0,136,0,0,191,51,0,9,0,2,32,0,125,57,0,0,0,90,0
1978,0500000US37173,0,0,0,0,101,120,56,0,0,0,15,0,0,0,0,0,0,136,0
1979,0500000US37175,0,0,0,0,8,37,0,0,0,14,34,0,0,45,0,0,0,127,0
1980,0500000US37177,0,0,0,0,0,33,0,0,0,0,0,0,0,0,0,0,0,0,0
1981,0500000US37179,13,88,0,0,535,1580,28,134,85,4,781,49,325,453,0,0,73,1395,0
1982,0500000US37181,0,0,0,0,0,41,0,0,0,0,20,0,8,0,0,0,0,13,0
1983,0500000US37183,75,1216,149,0,7788,7299,343,245,389,252,8431,83,364,3257,0,113,1275,15617,0
1984,0500000US37185,0,0,0,0,0,92,0,0,0,0,17,0,0,5,0,0,0,19,0
1985,0500000US37187,0,0,0,0,0,0,0,0,0,0,6,0,0,0,0,0,0,11,0
1986,0500000US37189,0,21,0,0,160,97,0,0,66,0,202,0,8,122,0,0,0,208,0
1987,0500000US37191,0,217,0,0,43,862,35,21,0,10,279,10,10,93,0,0,0,266,0
1988,0500000US37193,0,0,0,0,0,33,0,0,0,20,184,7,0,30,0,0,0,187,0
1989,0500000US37195,0,162,0,0,234,39,8,19,0,0,68,0,0,227,0,0,4,32,0
1990,0500000US37197,12,0,0,0,0,0,0,0,0,0,54,0,0,33,0,0,0,46,0
1991,0500000US37199,0,0,0,0,0,1,5,0,0,0,18,0,0,0,0,0,0,2,0
1992,0500000US38001,0,0,0,0,0,5,0,0,0,0,0,0,0,0,0,0,0,10,0
1993,0500000US38003,0,0,0,0,0,103,0,0,13,0,10,0,0,13,0,1,0,0,0
1994,0500000US38005,0,0,0,0,0,31,0,8,0,0,0,0,0,3,0,0,0,0,0
1995,0500000US38007,0,0,0,0,0,0,0,0,0,0,0,0,0,0,0,0,0,0,0
1996,0500000US38009,0,0,0,0,0,35,0,0,0,0,0,0,0,11,0,0,0,2,0
1997,0500000US38011,0,0,0,0,0,0,0,0,0,0,0,0,0,0,0,0,0,0,0
1998,0500000US38013,0,0,0,0,14,31,0,12,0,0,0,0,10,2,0,3,0,0,0
1999,0500000US38015,0,156,0,0,105,612,0,0,0,0,62,0,0,144,0,1,5,166,0
2000,0500000US38017,0,93,0,0,684,1109,0,76,19,42,1305,40,15,243,0,0,103,965,0
2001,0500000US38019,0,0,0,0,0,3,0,0,0,0,0,0,0,0,0,0,0,0,0
2002,0500000US38021,0,0,0,0,7,27,0,0,0,0,0,0,0,0,0,0,0,22,0
2003,0500000US38023,0,0,0,0,0,5,0,0,0,0,3,0,0,2,0,0,0,0,0
2004,0500000US38025,0,0,0,0,14,12,0,0,0,19,16,0,0,23,0,0,0,0,0
2005,0500000US38027,0,0,0,0,0,3,0,0,0,0,0,0,0,0,0,0,0,0,0
2006,0500000US38029,0,0,0,0,0,0,0,0,0,0,0,0,0,0,0,0,0,0,0
2007,0500000US38031,0,0,0,0,0,0,0,0,0,0,0,0,0,0,0,0,0,0,0
2008,0500000US38033,0,14,0,0,0,0,0,0,0,0,3,0,0,20,0,0,0,0,0
2009,0500000US38035,0,8,22,0,72,513,0,0,0,0,389,24,17,331,0,0,0,596,0
2010,0500000US38037,0,0,0,0,5,47,0,0,0,0,0,0,0,0,0,0,0,19,0
2011,0500000US38039,0,0,0,0,0,3,0,0,0,0,0,0,0,0,0,0,0,0,0
2012,0500000US38041,0,0,0,0,0,0,0,0,0,0,0,0,0,0,0,0,0,0,0
2013,0500000US38043,0,0,0,0,0,0,0,0,0,0,0,0,0,0,0,0,0,0,0
2014,0500000US38045,0,0,0,0,0,18,0,0,0,0,1,0,0,0,0,0,0,3,0
2015,0500000US38047,0,0,0,0,0,0,0,0,0,0,4,0,0,0,0,0,0,0,0
2016,0500000US38049,0,0,0,0,0,1,0,0,0,0,36,0,0,0,0,0,0,0,0
2017,0500000US38051,0,18,0,0,0,7,0,0,0,0,0,0,0,17,0,0,0,3,0
2018,0500000US38053,0,0,0,0,0,151,0,0,0,0,0,0,0,6,0,0,0,14,0
2019,0500000US38055,0,0,0,0,5,18,0,0,0,0,16,0,0,8,0,0,0,5,0
2020,0500000US38057,0,0,0,0,0,40,0,0,0,0,0,0,0,35,0,0,0,0,0
2021,0500000US38059,0,0,0,0,0,117,0,0,0,0,85,0,0,47,0,0,0,0,0
2022,0500000US38061,0,8,0,0,0,38,0,0,0,0,24,0,0,0,0,0,0,0,0
2023,0500000US38063,0,0,0,0,0,42,0,0,0,0,0,0,0,0,0,0,0,0,0
2024,0500000US38065,0,0,0,0,0,11,0,68,0,0,7,0,0,0,0,0,0,0,0
2025,0500000US38067,0,1,0,0,12,14,0,0,0,0,17,0,0,12,0,0,0,12,0
2026,0500000US38069,0,0,0,0,20,0,0,0,0,0,0,0,0,0,0,0,0,0,0
2027,0500000US38071,0,0,0,0,2,107,0,0,0,0,30,0,0,0,0,0,0,2,0
2028,0500000US38073,0,9,0,0,0,0,0,0,0,0,34,0,0,0,0,0,0,32,0
2029,0500000US38075,0,0,0,0,0,9,0,0,0,0,4,0,0,0,0,0,0,0,0
2030,0500000US38077,0,0,0,0,1,6,0,0,0,0,19,0,0,36,0,0,0,18,0
2031,0500000US38079,0,0,0,0,0,15,0,0,0,0,0,0,1,0,0,0,0,28,0
2032,0500000US38081,0,0,0,0,5,10,0,3,0,9,17,0,0,2,0,0,0,0,0
2033,0500000US38083,0,0,0,0,0,12,0,0,0,0,0,0,0,0,0,0,0,0,0
2034,0500000US38085,0,0,0,0,0,0,0,0,0,0,0,0,0,0,0,0,0,0,0
2035,0500000US38087,0,0,0,0,0,0,0,0,0,0,0,0,0,0,0,0,0,0,0
2036,0500000US38089,0,2,0,0,126,235,0,0,0,0,74,0,0,26,0,0,2,75,0
2037,0500000US38091,0,0,0,0,0,3,0,0,0,0,0,0,0,1,0,0,0,0,0
2038,0500000US38093,0,0,0,0,3,85,0,0,0,0,18,0,0,37,0,0,0,70,0
2039,0500000US38095,0,0,0,0,0,6,0,0,0,0,0,0,0,0,0,0,0,0,0
2040,0500000US38097,0,0,0,0,0,13,3,0,0,0,33,0,0,0,0,0,0,3,0
2041,0500000US38099,0,15,0,0,7,10,0,0,0,49,0,0,0,0,0,0,0,0,0
2042,0500000US38101,0,130,0,0,41,684,160,18,0,0,107,0,0,522,0,0,3,144,0
2043,0500000US38103,0,0,0,0,0,7,0,0,0,0,0,0,0,0,0,0,0,32,0
2044,0500000US38105,0,0,0,0,0,402,0,0,0,0,85,0,0,28,0,0,0,125,0
2045,0500000US39001,0,0,0,0,0,44,0,0,0,0,1,0,0,0,0,0,0,0,0
2046,0500000US39003,0,36,0,0,125,232,0,12,0,0,72,0,0,68,0,0,84,247,0
2047,0500000US39005,0,40,0,0,21,117,0,34,0,178,64,0,0,27,0,0,0,122,0
2048,0500000US39007,0,32,0,0,77,149,0,0,0,10,58,0,0,145,0,0,13,65,0
2049,0500000US39009,1,121,0,0,449,206,86,0,0,24,264,0,0,103,0,0,11,547,0
2050,0500000US39011,0,0,0,0,0,103,0,11,0,0,18,0,0,112,0,0,0,17,0
2051,0500000US39013,0,0,0,0,54,120,0,0,0,0,91,0,4,8,0,0,0,104,0
2052,0500000US39015,0,29,0,0,0,25,0,0,0,0,2,0,0,0,0,0,0,20,0
2053,0500000US39017,15,203,40,0,1963,2971,0,0,24,556,1196,0,0,630,0,40,135,5179,0
2054,0500000US39019,0,0,0,0,0,9,0,0,0,0,0,0,0,13,0,0,0,31,0
2055,0500000US39021,0,0,0,0,7,99,9,0,0,0,42,0,0,3,0,0,0,15,0
2056,0500000US39023,0,80,0,0,63,384,0,0,52,0,206,0,0,239,0,0,12,172,0
2057,0500000US39025,0,148,0,0,208,668,7,5,0,104,239,0,0,375,0,0,0,798,0
2058,0500000US39027,0,0,0,0,13,92,0,0,0,0,17,0,0,145,0,0,0,28,0
2059,0500000US39029,0,0,0,0,207,27,0,0,0,54,33,0,0,88,0,0,0,84,0
2060,0500000US39031,0,0,0,0,0,0,0,0,0,0,21,0,0,38,0,0,0,136,0
2061,0500000US39033,0,0,0,0,21,0,0,0,0,0,0,0,0,229,0,0,0,77,0
2062,0500000US39035,5,641,94,0,2662,6906,282,110,188,954,3248,21,44,2302,0,16,507,11308,28
2063,0500000US39037,0,0,0,0,0,151,0,0,0,71,0,0,0,19,0,0,0,136,0
2064,0500000US39039,0,0,0,0,4,114,0,0,0,0,112,0,0,18,0,0,0,6,0
2065,0500000US39041,0,51,68,0,1755,1343,0,130,0,6,1202,38,0,894,0,0,105,3763,0
2066,0500000US39043,0,20,0,0,264,68,0,20,0,0,196,0,0,2,0,0,0,169,0
2067,0500000US39045,0,80,0,0,120,464,20,233,0,712,150,0,0,132,0,0,10,742,0
2068,0500000US39047,0,63,0,0,0,152,0,0,0,0,0,0,0,150,0,0,0,28,0
2069,0500000US39049,11,1341,298,0,4845,6982,285,1605,405,2329,6415,91,62,5927,0,7,1328,16787,15
2070,0500000US39051,0,0,0,0,0,108,0,27,0,0,28,0,0,0,0,0,0,72,0
2071,0500000US39053,0,0,0,0,0,149,0,0,0,0,22,0,0,8,0,0,0,38,0
2072,0500000US39055,0,6,0,0,26,278,4,0,0,0,138,0,0,306,0,0,10,59,0
2073,0500000US39057,52,65,34,0,503,1514,0,0,12,0,915,0,0,723,0,9,123,860,0
2074,0500000US39059,0,15,0,0,31,0,27,11,0,0,0,0,0,21,0,0,0,50,0
2075,0500000US39061,21,751,169,0,1517,3204,171,293,91,891,2199,7,8,1788,0,0,402,5132,0
2076,0500000US39063,0,0,11,0,156,256,0,277,0,0,69,0,0,236,0,0,19,442,0
2077,0500000US39065,0,1,0,0,16,135,0,17,0,0,25,0,0,20,0,0,8,90,0
2078,0500000US39067,0,0,0,0,2,2,0,0,0,0,5,0,0,0,0,0,0,2,0
2079,0500000US39069,0,28,0,0,21,37,0,0,0,0,21,0,0,85,0,0,0,65,0
2080,0500000US39071,0,8,0,0,10,204,0,0,0,15,4,0,0,0,0,0,0,11,0
2081,0500000US39073,0,0,0,0,0,1,41,0,0,0,34,26,0,31,0,0,0,0,0
2082,0500000US39075,0,0,0,0,0,0,0,0,0,0,29,0,0,4,0,0,0,0,0
2083,0500000US39077,0,0,0,0,26,9,39,4,0,0,40,0,0,20,0,0,22,38,0
2084,0500000US39079,0,0,0,0,0,161,0,0,0,0,0,0,0,0,0,0,0,0,0
2085,0500000US39081,0,7,0,0,9,325,0,0,0,0,47,0,0,52,0,0,25,167,0
2086,0500000US39083,0,61,0,0,0,310,0,0,0,0,0,0,0,52,0,0,0,160,0
2087,0500000US39085,0,38,0,0,506,676,0,0,0,22,357,27,47,200,0,0,13,913,0
2088,0500000US39087,0,165,0,0,16,49,0,0,0,0,89,0,28,0,0,0,0,59,0
2089,0500000US39089,0,77,0,0,319,402,0,69,18,20,415,10,19,363,0,0,30,689,0
2090,0500000US39091,0,0,0,0,5,258,0,5,0,0,103,0,0,21,0,0,0,127,0
2091,0500000US39093,0,208,0,0,282,952,22,125,0,78,601,0,0,453,0,0,62,1134,0
2092,0500000US39095,0,267,20,0,510,1788,58,188,0,33,828,0,31,469,13,0,186,2300,86
2093,0500000US39097,0,12,0,0,0,0,0,0,0,24,260,0,0,166,0,0,0,31,0
2094,0500000US39099,16,102,8,0,119,488,0,32,0,0,189,25,0,264,0,0,0,397,0
2095,0500000US39101,0,52,0,0,22,65,9,0,0,0,70,9,0,44,0,0,0,91,0
2096,0500000US39103,0,69,16,0,195,1195,9,60,13,9,175,0,0,473,0,0,0,456,0
2097,0500000US39105,0,0,0,0,0,148,0,0,0,0,0,0,0,0,0,0,0,0,0
2098,0500000US39107,0,10,0,0,104,113,0,0,0,0,5,0,0,38,0,0,8,4,0
2099,0500000US39109,0,80,0,0,135,515,0,27,0,4,97,0,0,991,4,0,0,140,0
2100,0500000US39111,0,0,0,0,0,0,0,0,0,0,0,0,0,6,0,0,0,9,0
2101,0500000US39113,82,469,34,0,1426,3760,334,27,20,250,1507,10,0,1103,0,0,104,2710,0
2102,0500000US39115,0,15,0,0,4,2,0,0,0,0,11,0,0,0,0,0,0,4,0
2103,0500000US39117,0,0,0,0,0,104,0,0,0,0,52,0,0,0,0,0,0,0,0
2104,0500000US39119,0,0,0,0,1,207,14,126,0,0,19,0,0,47,0,0,0,217,0
2105,0500000US39121,0,0,0,0,0,0,0,0,0,0,0,0,0,0,0,0,0,4,0
2106,0500000US39123,0,13,0,0,3,53,0,10,0,0,14,0,0,26,0,0,0,65,0
2107,0500000US39125,0,0,0,0,0,58,0,0,0,0,29,0,0,0,0,0,0,0,0
2108,0500000US39127,0,0,0,0,0,80,0,0,0,18,0,0,0,50,0,0,0,0,0
2109,0500000US39129,0,13,0,0,0,105,0,27,0,0,173,0,0,103,0,0,0,29,0
2110,0500000US39131,0,0,0,0,5,54,47,0,0,0,9,0,0,4,0,0,0,0,0
2111,0500000US39133,0,46,10,0,74,600,0,0,33,147,493,0,0,248,0,0,27,564,0
2112,0500000US39135,0,0,0,0,6,215,0,19,0,0,8,0,0,6,0,0,0,15,0
2113,0500000US39137,0,0,0,0,0,55,0,9,0,0,38,0,0,22,0,0,0,24,0
2114,0500000US39139,0,12,0,0,161,334,0,0,0,0,434,0,0,184,0,0,0,110,0
2115,0500000US39141,0,41,0,0,71,260,0,0,0,33,33,0,0,60,0,0,30,139,0
2116,0500000US39143,0,18,0,0,6,68,0,0,0,0,103,0,0,56,0,0,0,22,0
2117,0500000US39145,0,22,0,0,0,124,14,0,0,0,10,0,0,45,0,0,0,204,0
2118,0500000US39147,0,36,0,0,70,40,0,11,0,0,166,18,0,56,0,0,0,35,0
2119,0500000US39149,0,52,0,0,35,172,0,0,0,8,62,0,0,114,0,0,46,187,0
2120,0500000US39151,0,118,64,0,377,1101,27,109,9,154,478,0,123,378,0,17,16,1012,0
2121,0500000US39153,177,350,249,0,1306,2401,1,429,1687,89,1234,35,141,794,0,0,95,3828,0
2122,0500000US39155,0,49,0,0,156,537,0,0,0,0,253,7,0,228,0,0,0,250,0
2123,0500000US39157,0,0,0,0,84,152,0,0,0,0,55,0,0,0,0,0,0,75,0
2124,0500000US39159,0,26,8,0,17,68,0,61,0,0,133,0,0,377,0,0,20,290,0
2125,0500000US39161,0,0,0,0,0,39,0,0,0,0,92,0,0,0,0,0,0,6,0
2126,0500000US39163,0,0,0,0,0,0,0,0,0,0,0,0,0,0,0,0,0,0,0
2127,0500000US39165,0,233,0,0,779,1381,119,42,0,0,525,64,104,1286,0,0,165,3886,0
2128,0500000US39167,0,59,0,0,0,234,0,0,0,0,7,0,0,200,0,0,0,60,0
2129,0500000US39169,0,15,0,0,20,237,20,88,0,123,52,11,0,60,0,0,0,342,0
2130,0500000US39171,0,16,7,0,14,77,0,0,56,0,21,0,0,15,0,0,0,60,0
2131,0500000US39173,0,92,2,0,70,465,75,231,0,28,208,0,11,85,0,0,0,563,0
2132,0500000US39175,0,0,0,0,4,0,0,0,0,0,3,0,0,18,0,0,0,0,0
2133,0500000US40001,0,0,0,0,93,7,0,1,0,0,2,0,134,0,9,0,0,23,0
2134,0500000US40003,0,0,0,0,12,1,0,0,0,0,0,0,0,1,0,0,0,28,0
2135,0500000US40005,0,0,0,0,12,5,0,0,102,0,19,0,0,25,0,0,0,15,0
2136,0500000US40007,0,0,0,0,5,0,0,0,0,0,26,0,0,6,0,0,0,2,0
2137,0500000US40009,0,0,0,0,0,123,15,0,0,0,11,0,0,15,0,0,0,60,0
2138,0500000US40011,0,0,0,0,0,0,0,0,0,0,0,0,0,0,0,0,0,0,0
2139,0500000US40013,0,11,0,0,164,130,19,0,0,0,42,0,0,8,0,0,0,37,0
2140,0500000US40015,0,1,0,0,0,8,0,0,0,15,2,0,0,13,0,0,0,25,0
2141,0500000US40017,0,122,12,0,2641,899,110,529,47,77,417,0,33,170,0,0,49,533,0
2142,0500000US40019,0,92,0,0,33,144,5,2,65,0,69,0,0,6,31,0,0,192,0
2143,0500000US40021,0,81,0,0,130,220,0,0,0,0,38,0,24,17,0,0,0,122,0
2144,0500000US40023,0,12,0,0,0,53,0,0,0,0,13,0,44,4,0,0,0,12,0
2145,0500000US40025,0,0,0,0,0,0,0,0,0,0,0,0,0,0,0,0,0,0,0
2146,0500000US40027,20,594,183,0,5933,2001,106,412,20,31,1278,0,79,1202,0,0,55,3846,0
2147,0500000US40029,0,0,0,0,19,2,0,0,0,1,2,0,0,23,0,0,0,0,0
2148,0500000US40031,0,83,12,0,473,1669,0,7,5,23,1562,0,8,627,0,0,16,486,0
2149,0500000US40033,0,2,0,0,0,0,0,0,0,0,8,0,0,0,0,0,0,7,0
2150,0500000US40035,0,0,0,0,51,0,30,5,0,0,18,0,79,0,0,0,0,32,0
2151,0500000US40037,0,138,0,0,125,308,0,1,73,0,9,0,0,44,0,0,45,52,0
2152,0500000US40039,0,53,0,0,54,234,0,0,0,0,41,0,0,84,0,0,0,149,0
2153,0500000US40041,0,0,1,0,72,147,0,7,0,11,39,0,361,9,0,0,24,64,0
2154,0500000US40043,0,0,0,0,0,0,0,0,0,0,3,0,0,0,0,0,0,0,0
2155,0500000US40045,0,0,0,0,0,17,0,0,0,0,0,0,0,0,0,0,0,0,0
2156,0500000US40047,0,10,0,0,40,119,0,0,0,0,65,0,113,244,0,0,70,494,0
2157,0500000US40049,0,12,0,0,20,45,0,0,0,0,9,0,0,0,0,0,9,118,0
2158,0500000US40051,0,0,0,0,22,104,18,59,0,0,121,0,0,53,0,0,0,49,0
2159,0500000US40053,0,0,0,0,0,7,0,0,0,0,11,0,0,1,0,0,0,4,0
2160,0500000US40055,0,0,0,0,0,50,0,0,0,0,0,0,0,0,0,0,12,17,0
2161,0500000US40057,0,0,0,0,0,0,0,0,0,0,0,0,0,0,0,0,0,0,0
2162,0500000US40059,0,0,0,0,0,0,0,0,0,0,0,0,0,0,0,0,0,0,0
2163,0500000US40061,0,0,0,0,14,65,0,40,0,0,0,0,40,17,0,0,0,6,0
2164,0500000US40063,0,0,0,0,0,1,0,17,0,0,34,0,0,15,0,0,0,35,0
2165,0500000US40065,0,51,0,0,24,253,0,17,0,0,25,0,0,64,0,0,0,21,0
2166,0500000US40067,0,6,0,0,0,53,0,0,0,0,0,0,0,3,0,0,0,0,0
2167,0500000US40069,0,0,0,0,0,10,0,0,0,0,0,0,0,31,0,0,0,0,0
2168,0500000US40071,0,8,0,0,134,102,1,1,0,0,140,0,0,87,0,0,0,16,0
2169,0500000US40073,0,0,0,0,3,10,0,0,0,0,2,0,0,1,0,0,0,84,0
2170,0500000US40075,0,9,0,0,19,21,0,0,0,0,61,0,0,0,0,0,0,38,0
2171,0500000US40077,0,13,0,0,72,9,0,0,0,0,0,0,0,2,0,0,0,0,0
2172,0500000US40079,0,10,0,0,89,137,0,107,0,0,89,0,74,75,0,0,0,20,0
2173,0500000US40081,0,8,0,0,16,61,28,8,0,70,5,0,0,45,0,0,0,17,0
2174,0500000US40083,0,0,0,0,35,125,5,0,26,0,81,0,14,85,0,0,0,117,0
2175,0500000US40085,0,14,0,0,15,44,0,0,0,0,6,0,0,14,0,0,0,3,0
2176,0500000US40087,0,0,0,0,50,83,0,0,0,0,56,0,0,21,0,0,0,97,0
2177,0500000US40089,0,0,0,0,96,102,0,126,0,40,0,0,0,23,0,0,0,7,0
2178,0500000US40091,0,0,0,0,0,3,0,0,0,0,22,0,5,0,0,0,0,21,0
2179,0500000US40093,0,0,0,0,6,48,0,0,0,0,6,0,0,26,0,0,0,3,0
2180,0500000US40095,0,0,0,0,10,20,0,0,0,23,0,0,0,0,0,0,0,23,0
2181,0500000US40097,0,6,0,0,66,83,4,13,0,0,8,0,97,48,0,0,0,28,0
2182,0500000US40099,0,0,0,0,0,0,0,0,0,0,0,0,0,0,0,0,0,0,0
2183,0500000US40101,0,85,0,0,158,175,0,14,14,0,59,0,47,173,0,0,32,28,0
2184,0500000US40103,0,0,0,0,0,3,0,0,0,0,12,0,0,0,0,0,0,1,0
2185,0500000US40105,0,13,0,0,36,11,0,2,0,0,5,0,2,40,0,0,0,0,0
2186,0500000US40107,0,0,0,0,13,1,0,20,33,0,0,6,16,19,0,0,0,24,0
2187,0500000US40109,17,933,67,0,8697,3698,250,563,877,585,2494,82,405,2648,0,5,529,4673,0
2188,0500000US40111,0,0,0,0,15,88,0,18,13,0,35,0,0,77,0,0,0,139,0
2189,0500000US40113,0,4,0,0,36,64,0,48,0,0,39,0,0,21,0,0,0,45,0
2190,0500000US40115,0,7,0,0,42,84,0,4,0,5,51,0,15,59,0,0,12,77,0
2191,0500000US40117,0,31,0,0,0,19,13,14,0,0,12,0,0,7,0,0,0,0,0
2192,0500000US40119,0,60,92,0,98,356,64,0,0,135,262,43,24,280,0,0,133,1441,0
2193,0500000US40121,0,23,0,0,81,138,0,3,0,4,70,0,0,71,0,0,1,27,0
2194,0500000US40123,0,9,0,0,69,196,0,34,5,0,28,0,0,35,0,0,0,67,0
2195,0500000US40125,0,104,0,0,52,300,25,9,0,10,80,0,0,118,0,0,0,94,0
2196,0500000US40127,0,0,0,0,10,37,0,0,0,0,0,0,2,5,0,0,0,6,0
2197,0500000US40129,0,4,0,0,0,2,0,0,0,0,0,0,0,0,0,0,0,5,0
2198,0500000US40131,0,0,0,0,191,290,25,76,0,0,103,10,1155,88,0,0,0,76,0
2199,0500000US40133,0,0,0,0,1,12,4,0,0,0,162,0,0,5,0,0,0,18,0
2200,0500000US40135,0,111,0,0,16,199,0,0,0,0,32,0,13,52,0,0,0,39,0
2201,0500000US40137,0,0,28,0,63,170,0,0,0,31,143,0,8,27,0,0,0,4,0
2202,0500000US40139,0,0,0,0,241,358,0,0,0,0,0,0,0,8,0,0,0,8,0
2203,0500000US40141,0,36,0,0,0,1,0,0,0,0,1,0,0,0,0,0,0,0,0
2204,0500000US40143,11,311,64,10,4639,3041,205,234,4910,65,1712,0,3764,1587,0,48,96,3068,0
2205,0500000US40145,0,40,0,0,50,213,0,22,68,9,212,0,1079,198,0,0,0,143,0
2206,0500000US40147,0,15,3,0,159,254,11,0,0,0,70,0,80,70,0,0,0,374,0
2207,0500000US40149,0,0,0,0,5,9,0,4,0,0,0,0,0,12,0,12,0,2,0
2208,0500000US40151,0,0,0,0,0,0,0,0,0,0,0,0,0,9,0,0,0,4,0
2209,0500000US40153,0,0,0,0,0,26,0,0,0,0,6,0,0,77,0,0,13,67,0
2210,0500000US41001,0,127,0,0,15,22,0,0,0,29,0,0,0,22,0,0,0,16,0
2211,0500000US41003,9,191,9,0,488,1096,90,0,37,61,1252,8,17,921,0,0,139,3021,0
2212,0500000US41005,3,696,52,162,4389,4666,369,972,222,272,3671,24,378,4176,0,115,399,8119,0
2213,0500000US41007,0,90,0,0,104,550,11,0,0,0,105,0,0,149,0,0,0,181,0
2214,0500000US41009,0,28,0,0,57,427,0,23,59,28,133,0,59,397,0,0,0,98,0
2215,0500000US41011,0,79,0,0,130,545,0,5,178,0,28,0,0,281,0,25,1,264,0
2216,0500000US41013,0,0,0,0,0,95,44,0,0,0,4,31,0,28,0,0,0,30,0
2217,0500000US41015,0,0,0,0,1,142,7,0,0,0,20,24,0,9,0,29,0,68,0
2218,0500000US41017,0,123,33,0,338,852,80,0,50,34,605,23,0,1280,0,0,191,1160,0
2219,0500000US41019,0,52,0,0,162,785,21,28,0,0,349,34,7,474,0,0,0,423,0
2220,0500000US41021,0,0,0,0,2,0,0,0,0,0,8,0,0,9,0,0,0,0,0
2221,0500000US41023,0,0,0,0,0,9,0,0,0,0,14,0,0,8,0,0,0,4,0
2222,0500000US41025,0,0,0,0,0,44,0,0,0,0,0,0,0,94,0,0,0,0,0
2223,0500000US41027,0,0,0,0,20,124,0,0,0,0,329,0,0,100,0,0,0,58,0
2224,0500000US41029,0,127,29,9,343,2105,140,33,0,0,515,0,33,1386,0,18,33,1006,0
2225,0500000US41031,0,0,0,0,9,108,0,0,0,0,123,0,0,46,0,0,0,47,0
2226,0500000US41033,0,97,0,0,231,539,118,0,0,0,136,0,0,255,0,0,0,311,0
2227,0500000US41035,0,292,9,0,12,278,103,0,0,36,88,0,0,218,0,0,40,460,0
2228,0500000US41037,0,0,0,0,72,0,0,0,0,0,0,0,0,0,0,0,0,3,0
2229,0500000US41039,25,398,40,16,1058,4240,179,140,165,186,1700,0,43,3834,0,0,103,4871,9
2230,0500000US41041,0,163,0,0,42,275,0,0,0,0,243,0,0,190,0,0,0,273,0
2231,0500000US41043,0,19,0,0,99,955,17,89,0,7,349,0,125,557,0,6,0,694,0
2232,0500000US41045,0,16,0,0,1,84,0,0,0,23,74,0,0,432,0,0,18,74,0
2233,0500000US41047,0,341,0,55,1361,3453,158,113,144,211,1587,0,110,1603,0,64,14,2466,0
2234,0500000US41049,0,0,0,0,6,7,0,0,0,0,2,0,0,5,0,0,0,0,0
2235,0500000US41051,40,1581,127,1325,18067,12916,560,3007,1264,1249,4509,34,2130,9227,0,246,1011,21151,0
2236,0500000US41053,15,126,0,0,147,746,0,50,0,0,157,0,0,600,0,0,0,712,0
2237,0500000US41055,0,0,0,0,0,47,0,0,0,0,0,0,6,6,0,0,0,0,0
2238,0500000US41057,0,111,15,0,0,57,19,0,0,0,9,0,0,174,0,0,8,18,0
2239,0500000US41059,0,14,0,0,60,337,10,1,0,17,169,0,0,444,0,3,0,120,0
2240,0500000US41061,0,0,0,0,0,224,0,12,0,0,49,0,0,51,0,0,0,298,0
2241,0500000US41063,0,6,0,0,0,20,0,0,0,0,0,0,0,0,4,0,0,55,0
2242,0500000US41065,0,0,0,0,0,77,0,16,0,0,213,0,0,0,0,0,0,36,0
2243,0500000US41067,78,1326,36,188,10378,14606,464,568,385,1823,9208,52,726,10492,15,83,1721,16469,9
2244,0500000US41069,0,2,0,0,1,0,0,0,0,0,2,0,0,0,0,0,1,1,0
2245,0500000US41071,0,2,0,0,220,729,65,13,43,0,549,0,171,664,0,20,27,915,0
2246,0500000US42001,0,27,0,0,177,252,35,0,0,0,53,0,0,49,0,0,4,303,0
2247,0500000US42003,11,800,154,0,2929,4173,276,100,363,88,4531,68,9,2696,6,0,696,14459,3
2248,0500000US42005,0,19,14,0,34,12,1,0,0,0,18,0,0,21,0,2,0,194,0
2249,0500000US42007,0,21,0,0,18,298,15,0,0,0,377,0,0,205,0,0,26,415,0
2250,0500000US42009,0,3,0,0,62,130,0,0,0,0,59,0,0,55,0,0,0,20,0
2251,0500000US42011,0,76,0,0,1331,1247,0,202,35,103,915,0,14,502,0,25,19,963,0
2252,0500000US42013,0,7,0,0,23,352,0,6,0,78,149,0,0,97,0,0,19,267,0
2253,0500000US42015,0,7,0,0,15,114,35,0,0,3,36,0,0,100,0,0,0,67,0
2254,0500000US42017,15,223,62,0,2477,3120,121,114,55,329,3962,224,0,1149,0,0,305,6510,0
2255,0500000US42019,0,121,14,0,164,515,37,0,0,274,360,0,0,261,0,0,20,939,0
2256,0500000US42021,0,20,0,0,69,362,0,0,0,0,162,3,0,79,0,7,7,93,0
2257,0500000US42023,0,0,0,0,0,21,0,0,0,0,0,0,0,0,0,0,0,0,0
2258,0500000US42025,0,57,0,0,5,197,0,0,0,0,14,0,0,15,0,0,15,119,0
2259,0500000US42027,4,97,172,0,308,1317,0,0,27,55,1501,62,0,408,0,0,37,5007,0
2260,0500000US42029,38,302,9,0,2246,3261,95,17,0,405,3018,34,0,1384,0,25,367,7914,4
2261,0500000US42031,0,126,0,0,9,125,0,0,0,0,20,0,0,0,0,0,0,73,0
2262,0500000US42033,0,0,0,0,46,152,0,6,0,0,124,0,12,31,0,0,0,188,0
2263,0500000US42035,0,17,0,0,45,32,1,0,35,0,72,0,0,23,0,0,0,49,0
2264,0500000US42037,0,35,0,0,34,181,0,0,0,0,42,0,0,64,0,0,17,217,0
2265,0500000US42039,0,0,0,0,22,199,0,6,0,19,160,8,0,60,0,0,4,213,0
2266,0500000US42041,0,453,0,0,1244,966,190,545,128,421,1286,4,0,650,0,0,135,2134,0
2267,0500000US42043,6,202,0,0,2223,1133,130,28,0,316,734,0,115,469,0,0,36,2135,0
2268,0500000US42045,0,467,57,0,4738,3506,343,447,43,1354,3255,14,13,938,0,0,334,10380,0
2269,0500000US42047,0,2,0,0,0,108,0,0,0,0,0,0,0,0,0,0,0,71,0
2270,0500000US42049,0,69,0,0,696,1256,0,38,17,31,532,69,0,313,0,0,16,692,3
2271,0500000US42051,0,0,0,0,0,224,15,0,0,9,133,12,27,77,0,0,0,265,0
2272,0500000US42053,0,0,0,0,0,6,0,0,0,0,3,0,0,3,0,0,0,16,0
2273,0500000US42055,0,138,17,0,89,185,143,0,86,0,242,7,0,198,0,0,0,474,173
2274,0500000US42057,0,0,0,0,4,0,0,0,0,0,12,0,0,7,0,0,0,34,0
2275,0500000US42059,0,0,0,0,0,29,0,0,0,0,29,0,0,90,0,0,0,52,0
2276,0500000US42061,0,0,0,0,27,107,0,0,0,0,22,0,0,106,0,0,12,62,0
2277,0500000US42063,0,0,0,0,0,290,22,0,0,14,70,0,0,75,0,0,0,208,0
2278,0500000US42065,0,7,0,0,0,32,0,0,0,0,26,0,0,35,0,0,0,86,0
2279,0500000US42067,0,15,0,0,10,41,0,0,0,0,23,0,0,5,0,0,0,26,0
2280,0500000US42069,0,178,35,0,204,961,64,255,0,48,569,12,0,95,0,0,14,855,0
2281,0500000US42071,0,247,26,0,3158,2234,23,374,490,660,1258,13,605,783,0,0,129,2847,0
2282,0500000US42073,0,12,0,0,79,273,0,0,0,0,114,0,0,30,0,17,0,168,0
2283,0500000US42075,0,49,0,0,330,380,33,0,18,200,236,0,5,60,0,0,0,703,0
2284,0500000US42077,0,186,98,0,987,997,0,29,335,221,950,0,0,805,0,0,22,3069,0
2285,0500000US42079,0,3,10,0,254,828,36,0,3,22,806,0,326,168,0,0,13,940,0
2286,0500000US42081,0,15,0,0,161,302,3,0,31,0,150,0,0,75,0,22,6,512,0
2287,0500000US42083,0,56,0,0,23,64,0,0,0,0,30,0,0,71,0,0,0,118,0
2288,0500000US42085,0,33,0,0,87,298,116,0,0,0,49,0,7,63,0,0,5,187,0
2289,0500000US42087,0,15,0,0,25,109,0,0,0,0,76,0,0,10,0,0,0,96,0
2290,0500000US42089,0,30,4,0,630,1033,1,34,0,0,663,41,0,142,0,0,0,842,0
2291,0500000US42091,48,626,133,0,6120,5562,303,390,10,1099,13449,91,7,1634,0,37,782,17422,9
2292,0500000US42093,0,0,0,0,33,99,0,0,0,0,8,0,0,0,0,0,0,179,0
2293,0500000US42095,12,53,4,0,903,1572,11,3,0,36,481,0,0,360,0,8,190,3123,0
2294,0500000US42097,0,2,0,0,63,73,0,0,0,0,37,0,0,91,0,0,0,235,0
2295,0500000US42099,0,0,10,0,22,44,0,0,0,6,56,0,2,77,0,0,0,36,0
2296,0500000US42101,29,1030,100,0,17490,10667,2628,1548,685,11213,8352,364,313,2752,7,0,1188,47431,0
2297,0500000US42103,4,3,0,0,0,358,29,0,0,85,121,0,0,93,0,0,0,214,0
2298,0500000US42105,0,0,0,0,14,28,0,0,0,0,9,0,0,0,0,0,0,25,0
2299,0500000US42107,0,188,0,0,126,294,13,0,0,7,118,4,0,161,0,2,28,64,0
2300,0500000US42109,0,8,0,0,33,112,10,0,0,0,9,0,0,9,0,0,0,50,0
2301,0500000US42111,0,0,0,0,47,53,0,0,0,0,89,0,0,7,0,0,2,194,0
2302,0500000US42113,0,0,0,0,0,0,0,0,0,0,19,0,0,0,0,0,0,0,0
2303,0500000US42115,0,3,0,0,39,88,0,0,0,4,57,0,0,21,0,0,0,78,0
2304,0500000US42117,0,0,0,0,15,91,0,0,0,17,57,0,0,16,0,0,0,59,0
2305,0500000US42119,0,12,0,0,47,37,0,0,0,0,191,0,0,67,0,0,0,178,0
2306,0500000US42121,0,11,10,0,17,87,0,0,0,0,35,0,0,53,0,6,0,40,0
2307,0500000US42123,0,0,7,0,47,81,0,8,0,0,13,0,0,10,0,0,0,46,0
2308,0500000US42125,1,110,0,0,378,529,16,7,18,0,254,15,5,105,0,0,26,398,0
2309,0500000US42127,0,10,2,0,6,122,0,0,0,19,124,0,0,175,0,0,12,30,0
2310,0500000US42129,0,222,0,0,526,703,7,0,0,0,655,0,0,352,0,8,40,1074,0
2311,0500000US42131,0,0,0,0,16,39,0,5,0,21,35,0,0,12,0,0,14,38,0
2312,0500000US42133,6,199,45,0,1509,1601,39,191,28,503,1197,33,0,531,0,0,2,1505,1
2313,0500000US44001,0,222,0,0,18,351,0,19,0,0,161,0,0,36,0,0,30,474,0
2314,0500000US44003,40,182,0,0,255,916,0,131,40,443,326,0,65,429,0,3,199,1184,0
2315,0500000US44005,0,18,10,0,246,667,32,0,0,0,191,18,0,361,0,0,26,393,0
2316,0500000US44007,50,228,100,0,975,4497,153,2800,175,5900,1587,4,336,855,0,0,411,6953,44
2317,0500000US44009,0,103,0,0,50,523,15,13,0,63,656,0,0,362,0,0,120,1063,0
2318,0500000US45001,0,4,0,0,2,0,0,0,0,0,0,0,0,5,0,0,0,0,0
2319,0500000US45003,0,84,0,0,421,383,0,0,0,0,152,0,6,917,0,0,92,353,0
2320,0500000US45005,0,39,0,0,0,311,0,0,0,3,5,0,0,6,0,0,0,0,0
2321,0500000US45007,0,60,0,0,242,464,14,5,0,74,257,0,0,144,0,0,85,743,0
2322,0500000US45009,0,0,0,0,48,1,0,0,0,0,23,0,0,0,0,0,0,1,0
2323,0500000US45011,0,0,0,0,0,30,0,0,0,0,0,0,0,0,0,0,0,59,0
2324,0500000US45013,0,274,0,0,437,1138,43,86,0,8,296,0,76,481,0,0,13,494,0
2325,0500000US45015,0,246,0,0,770,4395,0,264,0,63,811,0,42,569,0,0,24,906,0
2326,0500000US45017,0,32,0,0,0,0,0,0,0,0,8,0,0,12,0,0,0,0,0
2327,0500000US45019,0,197,0,0,1010,2194,97,56,118,47,933,5,5,492,0,0,133,2426,0
2328,0500000US45021,0,31,0,0,84,39,31,0,0,4,105,0,0,0,0,0,0,235,0
2329,0500000US45023,0,0,0,0,126,38,0,0,0,9,14,0,0,16,0,0,0,21,0
2330,0500000US45025,0,0,0,0,0,153,0,38,0,0,30,0,0,24,0,0,0,13,0
2331,0500000US45027,0,0,0,0,87,14,0,0,0,0,45,0,0,9,0,0,0,43,0
2332,0500000US45029,0,0,0,0,1,297,0,0,0,0,101,0,0,10,0,0,0,9,0
2333,0500000US45031,0,21,0,0,10,322,31,0,0,0,15,0,0,0,0,0,0,37,0
2334,0500000US45033,0,0,0,0,0,15,0,41,0,0,0,0,0,6,0,0,0,56,0
2335,0500000US45035,0,0,0,0,762,1502,0,111,0,231,331,0,0,512,0,0,136,1001,0
2336,0500000US45037,0,0,0,0,33,106,0,6,0,0,8,0,0,30,0,0,0,11,0
2337,0500000US45039,0,0,0,0,0,16,0,0,0,0,165,0,0,27,0,0,0,161,0
2338,0500000US45041,0,84,0,0,167,365,0,0,0,9,163,0,58,42,0,0,55,634,0
2339,0500000US45043,0,54,0,0,63,206,0,0,0,0,15,0,0,0,0,0,0,183,0
2340,0500000US45045,0,400,0,0,2054,2671,70,17,143,94,1430,31,68,1447,0,0,301,2683,0
2341,0500000US45047,0,125,0,0,135,97,0,0,0,0,130,0,0,124,0,0,19,230,0
2342,0500000US45049,0,0,0,0,73,89,0,8,0,0,0,0,0,0,0,0,0,0,0
2343,0500000US45051,0,516,0,0,1630,1623,67,171,0,134,881,0,0,583,0,0,0,743,0
2344,0500000US45053,0,0,0,0,0,21,0,0,0,0,56,0,0,56,0,0,0,128,0
2345,0500000US45055,0,45,0,0,156,93,0,0,0,86,85,6,89,60,0,0,0,207,0
2346,0500000US45057,0,49,0,0,148,198,0,0,0,0,237,0,0,50,0,0,51,441,0
2347,0500000US45059,0,50,0,0,48,97,0,23,0,5,91,0,46,0,0,0,0,69,0
2348,0500000US45061,0,0,0,0,0,12,0,0,0,0,0,0,12,0,0,0,0,0,0
2349,0500000US45063,73,345,0,0,492,1147,10,213,66,42,602,0,94,372,0,0,72,1147,13
2350,0500000US45065,0,0,0,0,0,16,0,0,0,0,0,0,0,0,0,0,0,0,0
2351,0500000US45067,0,0,0,0,42,2,0,0,0,0,0,0,0,0,0,0,0,16,0
2352,0500000US45069,0,0,0,0,4,34,13,0,0,0,54,0,0,84,0,0,0,4,0
2353,0500000US45071,0,0,0,0,2,94,0,23,0,0,0,0,19,88,0,0,0,52,0
2354,0500000US45073,0,0,0,0,52,87,28,0,105,0,31,0,0,83,0,0,0,124,0
2355,0500000US45075,0,0,0,0,131,339,21,0,0,8,95,0,0,16,0,0,0,0,0
2356,0500000US45077,0,39,5,0,124,409,10,0,41,12,308,0,0,250,0,0,50,803,0
2357,0500000US45079,0,103,36,0,1012,3047,346,109,135,61,2306,13,124,849,0,0,184,2815,0
2358,0500000US45081,0,0,0,0,0,84,0,0,0,0,40,0,0,14,0,0,0,0,0
2359,0500000US45083,0,337,0,36,487,571,32,1094,235,1402,204,62,1115,223,0,390,0,1263,0
2360,0500000US45085,0,53,0,0,496,753,27,158,0,6,118,0,19,86,0,0,0,270,0
2361,0500000US45087,0,0,0,0,23,14,0,0,0,0,7,0,0,5,0,0,0,0,0
2362,0500000US45089,0,0,0,0,0,178,0,0,0,0,0,0,0,21,0,0,0,0,0
2363,0500000US45091,0,59,0,0,1140,1555,49,58,29,364,858,63,55,560,0,0,0,832,0
2364,0500000US46003,0,0,0,0,0,13,0,0,0,0,0,0,0,0,0,0,0,0,0
2365,0500000US46005,0,172,0,0,346,162,0,0,946,0,0,35,276,35,0,0,0,0,0
2366,0500000US46007,0,0,0,0,0,48,0,0,0,0,0,0,0,0,0,0,0,6,0
2367,0500000US46009,0,0,0,0,0,3,0,0,5,0,0,0,0,2,0,0,0,0,0
2368,0500000US46011,0,0,0,0,46,151,0,0,14,0,56,0,1,109,0,0,1,271,0
2369,0500000US46013,0,160,0,0,44,269,0,0,371,0,180,0,0,51,0,0,0,282,0
2370,0500000US46015,0,0,0,0,0,11,0,0,0,0,10,0,0,0,0,0,0,0,0
2371,0500000US46017,0,0,0,0,0,0,0,0,0,0,0,0,0,0,0,0,0,0,0
2372,0500000US46019,0,0,0,0,8,42,0,0,0,0,18,0,0,0,0,0,0,0,0
2373,0500000US46021,0,0,0,0,0,0,0,0,0,0,0,0,0,0,0,0,0,8,0
2374,0500000US46023,0,0,0,0,21,51,0,0,0,0,19,0,0,0,0,0,0,0,0
2375,0500000US46025,0,0,0,0,0,0,0,0,0,0,9,0,0,0,0,0,0,19,0
2376,0500000US46027,0,0,0,0,91,3,0,0,14,0,16,0,0,0,0,0,0,173,0
2377,0500000US46029,0,1,0,0,100,106,0,0,0,0,96,0,14,80,0,0,0,96,0
2378,0500000US46031,0,0,0,0,0,0,0,0,0,0,0,0,0,0,0,0,0,0,0
2379,0500000US46033,0,0,0,0,4,18,0,0,0,0,16,0,0,0,0,0,0,16,0
2380,0500000US46035,0,0,0,0,0,58,0,0,0,0,18,0,0,2,0,0,0,20,0
2381,0500000US46037,0,0,0,0,0,14,0,0,1,0,0,0,0,0,0,0,0,3,0
2382,0500000US46039,0,0,0,0,0,0,0,0,0,0,30,0,0,0,0,0,0,0,0
2383,0500000US46041,0,0,0,0,0,0,0,0,0,0,0,0,0,0,0,0,3,0,0
2384,0500000US46043,0,0,0,0,0,2,0,0,0,0,11,0,0,11,0,0,0,0,0
2385,0500000US46045,0,0,0,0,0,4,3,0,0,0,11,0,0,0,0,0,0,3,0
2386,0500000US46047,0,0,0,0,4,0,0,0,0,0,0,0,0,25,0,0,0,26,0
2387,0500000US46049,0,0,0,0,0,0,0,0,0,0,0,0,0,0,0,0,0,0,0
2388,0500000US46051,0,0,0,0,0,1,0,0,41,0,0,0,0,6,0,0,0,1,0
2389,0500000US46053,0,0,0,0,10,10,0,0,0,0,12,0,0,2,0,0,0,0,0
2390,0500000US46055,0,0,0,0,0,0,0,0,0,0,0,0,0,0,0,0,0,0,0
2391,0500000US46057,0,0,0,0,14,1,0,0,0,0,0,0,0,0,0,0,0,0,0
2392,0500000US46059,0,0,0,0,0,0,0,0,0,0,0,0,0,0,0,0,0,16,0
2393,0500000US46061,0,0,0,0,0,8,0,0,0,0,0,0,0,0,0,0,0,0,0
2394,0500000US46063,0,0,0,0,0,0,0,0,0,0,0,0,0,0,0,0,0,0,0
2395,0500000US46065,0,17,0,0,133,0,0,0,0,0,0,0,0,27,0,0,0,0,0
2396,0500000US46067,0,0,0,0,0,20,0,0,0,0,2,0,0,0,0,0,0,0,0
2397,0500000US46069,0,0,0,0,0,0,0,0,0,0,0,0,0,0,0,0,0,43,0
2398,0500000US46071,0,0,0,0,0,0,0,0,0,0,0,0,0,0,0,0,0,0,0
2399,0500000US46073,0,0,0,0,0,5,0,0,0,0,0,0,0,1,0,0,0,0,0
2400,0500000US46075,0,0,0,0,0,0,0,0,0,0,0,0,0,0,0,0,0,0,0
2401,0500000US46077,0,0,0,0,0,7,0,0,0,0,0,0,0,0,0,0,0,0,0
2402,0500000US46079,0,4,0,0,0,20,0,0,0,0,0,0,0,2,0,0,0,33,0
2403,0500000US46081,0,81,0,0,0,256,0,0,0,0,40,0,0,9,0,0,0,90,0
2404,0500000US46083,0,0,6,0,126,134,0,0,0,0,124,0,0,261,0,0,0,88,0
2405,0500000US46085,0,0,0,0,0,7,0,0,0,0,0,0,0,5,0,0,0,12,0
2406,0500000US46087,0,0,0,0,0,0,0,0,0,0,3,0,0,0,0,0,0,14,0
2407,0500000US46089,0,0,0,0,0,0,0,0,0,0,0,0,0,0,0,0,0,4,0
2408,0500000US46091,0,0,0,0,0,0,0,0,0,0,8,0,0,0,0,0,0,11,0
2409,0500000US46093,0,9,0,0,30,542,0,0,0,0,26,0,0,46,0,0,0,69,0
2410,0500000US46095,0,0,0,0,0,11,0,0,0,0,0,0,0,0,0,0,0,0,0
2411,0500000US46097,0,0,0,0,0,0,0,0,0,0,4,0,0,0,0,0,0,0,0
2412,0500000US46099,0,106,0,0,519,789,75,342,207,272,791,0,0,485,0,0,0,430,0
2413,0500000US46101,0,0,0,0,8,135,0,0,0,0,5,0,0,3,0,0,0,0,0
2414,0500000US46102,0,0,0,0,0,0,0,0,0,0,13,0,0,13,0,0,0,0,0
2415,0500000US46103,20,184,0,0,65,1117,33,0,95,0,279,0,0,301,0,0,0,105,0
2416,0500000US46105,0,0,0,0,0,25,0,0,0,0,0,0,0,0,0,0,0,0,0
2417,0500000US46107,0,0,0,0,0,15,0,0,0,0,7,0,0,0,0,0,0,0,0
2418,0500000US46109,0,0,0,0,27,18,0,0,0,0,2,0,0,0,0,0,0,0,0
2419,0500000US46111,0,0,0,0,0,0,0,0,0,0,0,0,0,0,0,0,0,0,0
2420,0500000US46115,0,0,0,0,0,2,0,0,0,0,0,0,0,0,0,0,0,0,0
2421,0500000US46117,0,0,0,0,0,38,0,0,0,0,0,0,0,0,0,0,0,27,0
2422,0500000US46119,0,0,0,0,0,0,0,0,0,0,0,0,0,0,0,0,0,0,0
2423,0500000US46121,0,0,0,0,0,317,0,0,1,95,0,0,0,11,0,0,0,39,0
2424,0500000US46123,0,4,0,0,0,48,0,0,0,0,0,0,0,0,0,0,0,4,0
2425,0500000US46125,0,0,0,0,25,9,0,0,0,0,1,0,0,8,0,0,0,4,0
2426,0500000US46127,0,2,0,0,0,88,0,12,0,0,19,0,0,0,0,0,0,113,0
2427,0500000US46129,0,0,0,0,0,0,0,0,0,0,0,0,0,0,0,0,0,6,0
2428,0500000US46135,0,0,0,0,4,13,0,0,0,0,8,0,0,14,0,0,0,37,0
2429,0500000US46137,0,0,0,0,0,0,0,0,0,0,0,0,0,0,0,0,0,0,0
2430,0500000US47001,0,77,0,0,39,301,0,0,0,29,198,0,0,47,0,0,25,551,0
2431,0500000US47003,0,0,0,0,28,111,0,170,0,0,81,0,0,30,0,0,0,139,0
2432,0500000US47005,0,0,0,0,0,27,0,0,0,0,0,0,0,0,0,0,0,118,0
2433,0500000US47007,0,0,0,0,0,13,0,0,0,0,0,0,0,0,0,0,0,3,0
2434,0500000US47009,0,62,0,0,26,150,0,119,0,109,458,0,0,113,0,19,0,249,0
2435,0500000US47011,0,34,11,0,90,425,19,0,0,0,75,0,0,51,0,0,44,126,0
2436,0500000US47013,0,0,0,0,0,6,0,20,0,0,1,0,0,0,0,0,0,135,0
2437,0500000US47015,0,0,0,0,0,0,0,0,0,0,0,0,0,66,0,0,0,0,0
2438,0500000US47017,0,0,0,0,0,3,0,0,0,0,0,0,0,0,0,0,0,38,0
2439,0500000US47019,0,0,0,0,4,91,0,16,0,0,148,0,0,46,0,0,0,3,0
2440,0500000US47021,0,0,0,0,39,70,0,29,0,0,30,0,0,0,0,0,0,142,0
2441,0500000US47023,0,13,0,0,0,47,0,0,0,0,10,0,0,0,0,0,0,2,0
2442,0500000US47025,0,0,0,0,170,32,0,0,0,0,155,0,0,40,0,0,0,70,0
2443,0500000US47027,0,0,0,0,0,81,0,0,0,0,0,0,0,0,0,0,0,2,0
2444,0500000US47029,0,0,0,0,5,21,0,0,0,0,22,0,0,25,0,0,15,17,0
2445,0500000US47031,0,11,0,0,45,92,0,97,22,0,31,0,36,147,0,0,0,260,0
2446,0500000US47033,0,7,0,0,14,12,0,0,0,0,4,0,0,12,0,0,0,3,0
2447,0500000US47035,0,0,0,0,0,275,0,0,0,0,33,0,0,79,0,0,0,40,0
2448,0500000US47037,0,804,215,0,2842,4085,242,1223,2708,802,2681,10,0,1436,0,0,152,4866,0
2449,0500000US47039,0,0,0,0,0,2,0,0,0,0,4,0,0,0,0,0,0,3,0
2450,0500000US47041,0,29,0,0,0,106,0,0,0,0,0,0,73,33,0,0,0,12,0
2451,0500000US47043,0,17,0,0,0,50,0,0,0,0,0,0,0,4,0,0,0,135,0
2452,0500000US47045,0,46,0,0,39,108,24,0,0,0,40,0,0,0,0,0,0,24,0
2453,0500000US47047,0,5,0,0,186,49,8,0,21,0,27,0,0,36,0,0,1,107,0
2454,0500000US47049,0,0,0,0,8,0,0,0,0,0,28,0,0,0,0,0,0,10,0
2455,0500000US47051,0,0,0,0,107,91,0,0,0,0,79,0,0,38,0,0,3,61,0
2456,0500000US47053,0,19,0,0,0,111,0,12,0,0,23,0,0,37,0,0,0,56,0
2457,0500000US47055,0,0,0,0,5,60,0,0,0,0,0,0,0,11,0,0,0,72,0
2458,0500000US47057,0,0,0,0,49,32,0,4,0,0,0,0,0,0,0,0,0,0,0
2459,0500000US47059,0,0,0,0,115,134,15,2,0,14,334,0,0,82,0,0,0,91,0
2460,0500000US47061,0,0,0,0,0,0,0,0,0,0,2,0,0,0,0,0,0,0,0
2461,0500000US47063,0,0,0,0,157,24,0,0,0,0,75,0,0,182,0,0,0,108,0
2462,0500000US47065,11,36,0,0,930,2003,149,11,35,136,1415,39,0,469,0,0,78,1084,0
2463,0500000US47067,0,0,0,0,25,0,0,0,0,0,0,0,0,0,0,0,0,0,0
2464,0500000US47069,0,134,0,0,0,14,0,9,0,0,4,0,0,0,0,0,0,9,0
2465,0500000US47071,0,0,0,0,0,73,0,3,0,0,3,0,0,0,0,0,0,9,0
2466,0500000US47073,0,38,0,0,0,46,0,0,0,0,109,0,0,20,0,0,0,102,0
2467,0500000US47075,0,0,0,0,0,0,0,0,0,0,17,0,0,0,0,0,0,0,0
2468,0500000US47077,0,0,0,0,0,13,0,0,0,0,0,0,0,1,0,0,0,35,0
2469,0500000US47079,0,0,0,0,0,62,0,0,0,0,27,0,0,30,0,0,0,16,0
2470,0500000US47081,0,42,0,0,0,97,0,0,0,0,0,0,0,13,0,0,0,0,0
2471,0500000US47083,0,0,0,0,0,0,0,0,0,0,7,0,0,75,0,0,0,23,0
2472,0500000US47085,0,0,0,0,0,45,0,0,0,0,58,0,0,13,0,0,0,59,0
2473,0500000US47087,0,0,0,0,0,0,0,0,0,0,0,0,0,0,0,0,0,0,0
2474,0500000US47089,0,0,0,0,22,201,0,2,0,0,8,0,0,11,0,0,0,97,0
2475,0500000US47091,0,0,0,0,0,43,0,0,0,0,27,0,0,0,0,0,0,0,0
2476,0500000US47093,0,318,135,26,1376,2093,114,148,3,108,1535,7,0,1131,0,0,306,2923,0
2477,0500000US47095,0,0,0,0,3,0,0,0,0,0,1,0,0,0,0,0,0,16,0
2478,0500000US47097,0,0,0,0,9,18,0,123,0,0,9,0,0,39,0,0,0,39,0
2479,0500000US47099,0,0,0,0,16,24,0,0,0,0,76,0,0,17,0,0,0,60,0
2480,0500000US47101,0,18,0,0,0,0,0,0,0,0,0,0,0,0,0,0,0,32,0
2481,0500000US47103,0,0,0,0,80,121,0,4,0,27,0,0,0,5,0,0,0,10,0
2482,0500000US47105,0,0,0,0,53,301,0,0,0,0,39,0,0,56,0,0,130,48,0
2483,0500000US47107,0,20,0,0,0,111,0,41,0,0,41,9,0,48,0,0,3,61,0
2484,0500000US47109,0,0,0,0,0,17,0,0,0,0,63,0,0,9,0,0,0,60,0
2485,0500000US47111,0,0,0,0,0,53,0,0,0,0,0,0,0,24,0,0,0,0,0
2486,0500000US47113,0,42,0,0,136,242,6,0,0,0,179,0,0,119,0,0,16,325,0
2487,0500000US47115,0,0,4,0,0,34,3,0,0,0,25,0,0,11,0,0,0,0,0
2488,0500000US47117,0,0,0,0,85,69,0,39,0,0,26,0,0,0,0,0,0,81,0
2489,0500000US47119,0,0,0,0,330,623,0,0,0,0,254,0,0,106,0,0,11,403,0
2490,0500000US47121,0,0,0,0,0,156,0,12,0,0,0,0,0,0,0,0,0,0,0
2491,0500000US47123,0,60,0,0,31,60,25,0,0,0,0,0,0,28,0,0,0,66,0
2492,0500000US47125,0,193,0,0,388,2564,0,0,42,135,2925,3,262,485,0,0,21,998,0
2493,0500000US47127,0,0,0,0,6,42,0,0,0,0,0,0,0,0,0,0,0,0,0
2494,0500000US47129,0,0,0,0,0,18,0,20,0,0,2,0,0,5,0,0,0,8,0
2495,0500000US47131,0,5,0,0,0,111,0,5,0,0,9,0,0,12,0,0,0,19,0
2496,0500000US47133,0,0,0,0,0,6,0,0,0,0,7,0,0,0,0,0,0,50,0
2497,0500000US47135,0,0,0,0,0,51,0,0,0,0,0,0,0,0,0,0,0,34,0
2498,0500000US47137,0,0,0,0,0,3,0,0,0,0,0,0,0,0,0,0,0,0,0
2499,0500000US47139,0,0,0,0,0,3,0,0,0,0,13,0,0,21,0,0,0,50,0
2500,0500000US47141,0,62,11,0,324,145,0,124,0,4,74,0,10,102,0,0,0,270,0
2501,0500000US47143,0,0,0,0,4,127,0,0,0,0,15,0,0,12,0,0,0,10,0
2502,0500000US47145,0,5,0,0,13,133,0,10,0,0,113,0,0,57,0,0,0,37,0
2503,0500000US47147,0,0,0,0,18,107,0,48,51,0,254,0,0,140,0,0,0,93,0
2504,0500000US47149,0,443,22,0,1334,2021,69,5584,1284,295,1100,0,46,1128,0,0,21,1797,0
2505,0500000US47151,0,0,0,0,73,20,0,0,0,0,3,0,0,3,0,0,0,0,0
2506,0500000US47153,0,0,0,0,0,12,0,0,0,0,0,0,0,13,0,0,0,105,0
2507,0500000US47155,0,38,0,0,69,178,0,0,0,0,52,0,0,33,0,0,41,361,0
2508,0500000US47157,6,281,34,0,4335,4346,178,600,128,356,1259,143,146,789,0,10,284,4968,0
2509,0500000US47159,0,0,0,0,0,27,0,0,0,0,70,0,0,1,0,0,0,14,0
2510,0500000US47161,0,0,0,0,32,48,0,0,0,0,72,0,0,30,0,0,0,0,0
2511,0500000US47163,0,9,0,0,182,367,0,9,0,81,26,0,0,93,0,0,12,315,0
2512,0500000US47165,0,149,9,0,113,737,92,177,17,138,505,0,0,349,0,0,0,598,0
2513,0500000US47167,0,0,0,0,76,413,0,0,0,19,7,0,0,134,0,0,0,0,0
2514,0500000US47169,0,0,0,0,0,0,0,10,0,0,9,0,0,0,0,0,0,0,0
2515,0500000US47171,0,0,0,0,0,0,0,0,0,0,17,0,0,29,0,0,0,0,0
2516,0500000US47173,0,0,0,0,0,2,0,0,0,0,3,0,0,0,0,0,0,0,0
2517,0500000US47175,0,0,0,0,0,0,0,0,0,0,0,0,0,0,0,0,0,13,0
2518,0500000US47177,0,11,0,0,0,29,0,0,0,0,9,0,0,0,0,0,0,35,0
2519,0500000US47179,0,39,21,0,101,673,0,0,0,0,349,0,0,576,0,75,43,649,0
2520,0500000US47181,0,0,0,0,0,41,0,0,0,0,0,0,0,0,0,0,0,0,0
2521,0500000US47183,0,0,0,0,201,21,0,0,2,0,114,0,0,66,0,0,0,15,0
2522,0500000US47185,0,0,0,0,0,124,0,0,0,0,51,0,0,0,0,0,0,0,0
2523,0500000US47187,6,65,197,0,722,1183,12,100,0,0,1491,101,0,731,0,0,129,2799,0
2524,0500000US47189,0,80,0,0,322,1153,32,89,20,184,327,0,57,95,0,0,1,425,0
2525,0500000US48001,0,22,0,0,133,296,0,8,15,0,15,0,0,19,0,0,14,3,0
2526,0500000US48003,0,0,0,0,15,72,0,0,0,0,12,0,0,0,0,0,0,11,0
2527,0500000US48005,0,54,0,0,207,292,0,0,0,123,20,0,11,126,0,53,0,294,0
2528,0500000US48007,0,0,0,0,96,134,0,0,0,0,187,0,0,52,0,0,7,0,0
2529,0500000US48009,0,0,0,0,0,17,0,0,0,0,6,0,0,0,0,0,0,0,0
2530,0500000US48011,0,0,0,0,0,0,0,0,0,0,1,0,0,0,0,0,0,22,0
2531,0500000US48013,0,0,0,0,9,115,0,0,0,0,32,0,0,0,0,0,0,16,0
2532,0500000US48015,0,11,0,0,55,0,0,0,0,0,24,0,0,4,0,0,0,0,0
2533,0500000US48017,0,0,0,0,0,0,0,0,0,0,0,0,0,0,0,0,0,0,0
2534,0500000US48019,0,0,0,0,22,93,0,0,0,0,4,0,0,88,0,0,0,0,0
2535,0500000US48021,0,5,0,0,419,320,0,14,0,0,20,0,0,290,0,0,0,220,0
2536,0500000US48023,0,0,0,0,0,0,0,0,0,0,0,0,0,0,0,0,0,0,0
2537,0500000US48025,0,0,0,0,0,100,7,6,0,0,0,0,0,16,0,0,0,14,0
2538,0500000US48027,0,518,0,0,1960,4643,87,204,45,421,4276,0,38,1938,0,36,167,1580,0
2539,0500000US48029,43,2406,111,0,9346,25221,530,355,883,325,8755,16,333,6768,20,147,749,11625,0
2540,0500000US48031,0,93,0,0,0,9,0,0,0,0,0,0,0,92,0,0,0,0,0
2541,0500000US48033,0,0,0,0,0,0,0,0,0,0,0,0,0,0,0,0,0,0,0
2542,0500000US48035,0,0,0,0,3,75,4,0,0,0,0,0,0,0,0,0,0,28,0
2543,0500000US48037,0,92,0,0,322,492,0,0,0,36,205,0,0,52,0,0,0,149,0
2544,0500000US48039,4,88,23,0,6350,6287,31,13,67,1165,1746,0,0,809,0,0,732,5064,0
2545,0500000US48041,9,59,170,0,1112,1428,358,11,108,144,1893,0,9,533,17,10,259,3890,0
2546,0500000US48043,0,0,0,0,0,203,0,0,0,0,7,0,0,52,0,0,0,12,0
2547,0500000US48045,0,0,0,0,0,0,0,0,0,0,0,0,0,0,0,0,0,0,0
2548,0500000US48047,0,0,0,0,0,0,0,0,0,0,0,13,0,0,0,0,0,0,0
2549,0500000US48049,0,0,0,0,105,26,0,0,0,47,2,0,0,8,0,0,2,78,0
2550,0500000US48051,0,0,0,0,42,141,0,0,0,0,33,0,0,0,0,0,0,5,0
2551,0500000US48053,0,0,0,0,77,287,0,0,0,0,43,0,0,32,0,0,0,35,0
2552,0500000US48055,0,0,0,0,0,86,0,31,0,0,4,0,0,64,0,0,0,153,0
2553,0500000US48057,0,6,0,0,41,26,0,0,340,0,21,0,0,19,0,0,187,441,0
2554,0500000US48059,0,0,0,0,0,0,0,0,0,0,0,0,0,49,0,0,0,77,0
2555,0500000US48061,0,15,0,0,819,1059,0,0,0,104,134,0,0,431,0,0,1,428,0
2556,0500000US48063,0,0,0,0,92,6,0,0,0,0,0,0,0,54,0,0,0,0,0
2557,0500000US48065,0,0,0,0,0,0,0,0,0,0,0,6,0,0,0,0,0,8,0
2558,0500000US48067,0,0,0,0,91,26,0,0,0,0,0,0,0,1,0,0,19,123,3
2559,0500000US48069,0,0,0,0,0,91,0,0,0,0,0,0,0,0,0,0,0,0,0
2560,0500000US48071,0,43,0,0,161,107,0,77,0,42,0,0,0,0,0,0,0,83,0
2561,0500000US48073,0,0,0,0,72,298,0,0,0,0,6,0,0,2,0,0,12,32,0
2562,0500000US48075,0,0,0,0,0,0,0,0,0,0,8,0,0,0,0,0,0,0,0
2563,0500000US48077,0,2,0,0,0,84,0,0,0,0,0,0,0,11,0,0,0,17,0
2564,0500000US48079,0,0,0,0,0,14,0,0,0,0,12,0,0,0,0,0,0,0,0
2565,0500000US48081,0,13,0,0,0,4,0,13,0,0,0,0,0,0,0,0,0,0,0
2566,0500000US48083,0,11,0,0,0,34,0,0,0,0,32,0,0,23,0,0,0,0,0
2567,0500000US48085,90,1238,179,0,17371,13291,889,1007,700,1852,13017,154,180,6344,34,15,3211,35261,0
2568,0500000US48087,0,0,0,0,0,0,0,0,0,0,0,0,0,0,0,0,0,0,0
2569,0500000US48089,0,0,0,0,65,13,0,0,0,0,0,0,0,0,0,0,0,0,0
2570,0500000US48091,20,321,11,0,108,1495,0,20,51,126,198,0,23,612,8,0,38,643,0
2571,0500000US48093,0,0,0,0,1,14,46,0,0,0,9,0,0,0,0,0,0,0,0
2572,0500000US48095,0,12,0,0,16,0,0,0,0,9,0,0,0,0,0,0,0,3,0
2573,0500000US48097,0,11,0,0,9,442,0,0,0,5,5,0,0,24,0,0,0,36,0
2574,0500000US48099,0,16,0,0,158,1176,0,50,0,329,738,0,0,315,0,24,0,356,0
2575,0500000US48101,0,0,0,0,0,0,0,0,0,0,59,0,0,0,0,0,0,0,0
2576,0500000US48103,0,0,0,0,0,82,0,0,31,0,0,0,0,0,0,0,0,0,0
2577,0500000US48105,0,0,0,0,0,0,0,0,0,0,0,0,0,0,0,0,0,0,0
2578,0500000US48107,0,0,0,0,15,3,0,0,0,0,0,0,0,0,0,0,0,33,0
2579,0500000US48109,0,0,0,0,0,38,0,0,0,0,0,0,0,0,0,0,0,0,0
2580,0500000US48111,0,0,0,0,0,6,0,0,0,0,0,0,0,0,0,0,0,0,0
2581,0500000US48113,45,2644,377,0,37045,16989,359,2107,3572,2446,9840,53,213,5771,0,20,1803,19941,81
2582,0500000US48115,0,0,0,0,24,5,0,0,0,0,9,0,0,0,0,0,0,0,0
2583,0500000US48117,0,0,0,0,0,78,0,0,0,0,8,0,0,18,0,0,0,0,0
2584,0500000US48119,0,0,0,0,0,2,0,0,0,2,0,0,0,0,0,0,0,0,0
2585,0500000US48121,23,1333,270,47,9573,7415,619,550,1915,2177,14851,28,102,3591,51,38,830,12872,0
2586,0500000US48123,0,0,0,0,91,20,0,0,0,0,0,0,0,40,0,0,0,0,0
2587,0500000US48125,0,0,0,0,0,1,0,0,0,0,0,0,0,0,0,0,0,0,0
2588,0500000US48127,0,0,0,0,0,0,0,0,0,0,0,0,0,0,0,0,0,0,0
2589,0500000US48129,0,0,0,0,0,0,0,22,0,16,1,0,0,1,0,0,26,0,0
2590,0500000US48131,0,0,0,0,0,0,0,0,0,0,0,0,0,0,0,0,0,0,0
2591,0500000US48133,0,0,0,0,8,35,0,0,0,0,5,0,0,25,0,0,0,19,0
2592,0500000US48135,0,9,0,0,557,1124,27,8,0,0,99,0,0,121,0,0,0,235,0
2593,0500000US48137,0,0,0,0,0,0,0,0,0,0,0,0,0,0,0,0,0,0,0
2594,0500000US48139,0,86,0,0,124,627,78,36,0,283,107,0,120,255,0,0,75,71,0
2595,0500000US48141,0,349,82,0,1296,4392,56,132,328,162,3217,0,24,2306,0,21,175,3107,0
2596,0500000US48143,0,0,0,0,38,83,0,0,0,0,42,0,0,37,0,0,10,253,0
2597,0500000US48145,0,0,0,0,8,19,0,0,0,915,0,0,0,0,0,0,0,0,0
2598,0500000US48147,0,13,0,0,90,39,0,0,109,0,85,0,0,13,0,0,0,103,0
2599,0500000US48149,0,2,0,0,10,3,0,0,0,13,7,0,0,47,0,0,0,48,0
2600,0500000US48151,0,0,0,0,0,0,0,0,0,0,0,0,0,0,0,0,0,0,0
2601,0500000US48153,0,0,0,0,0,28,0,0,0,0,0,0,0,0,33,0,0,0,0
2602,0500000US48155,0,0,0,0,0,13,0,10,0,0,0,0,0,0,0,0,0,0,0
2603,0500000US48157,200,807,939,0,28568,19184,1195,15,244,1148,5223,26,546,2404,29,0,2689,39875,0
2604,0500000US48159,0,0,0,0,4,16,0,0,0,0,38,0,0,3,0,0,0,0,0
2605,0500000US48161,0,6,0,0,39,15,0,0,0,0,6,0,0,22,0,0,0,0,0
2606,0500000US48163,0,0,0,0,56,0,0,0,0,0,40,0,0,14,0,0,0,273,0
2607,0500000US48165,0,0,0,0,0,0,0,0,0,0,0,0,0,0,0,0,0,0,0
2608,0500000US48167,0,901,42,0,3393,3163,47,262,0,123,747,26,28,721,0,0,106,2330,0
2609,0500000US48169,0,0,0,0,0,14,0,0,0,0,0,0,0,0,0,0,0,0,0
2610,0500000US48171,0,40,0,0,0,28,0,0,37,0,55,0,0,1,1,0,0,15,0
2611,0500000US48173,0,0,0,0,0,0,0,0,0,0,0,0,0,0,0,0,0,0,0
2612,0500000US48175,0,0,0,0,1,3,0,0,0,0,0,0,0,0,0,0,0,0,0
2613,0500000US48177,0,0,0,0,11,46,0,0,0,0,59,0,0,0,0,0,0,8,0
2614,0500000US48179,0,0,0,0,12,133,0,0,0,0,66,0,0,18,0,0,0,0,0
2615,0500000US48181,0,217,0,0,283,577,86,0,73,0,458,3,0,362,0,0,58,298,0
2616,0500000US48183,0,182,16,0,423,365,0,0,0,227,181,80,0,72,0,0,0,107,0
2617,0500000US48185,0,27,0,0,44,80,0,27,0,0,0,0,0,14,0,0,0,26,0
2618,0500000US48187,0,189,0,0,820,1962,0,0,0,55,561,0,0,710,0,7,200,572,0
2619,0500000US48189,0,17,0,0,0,114,0,0,0,0,0,0,0,0,0,0,0,17,0
2620,0500000US48191,0,0,0,0,6,0,3,0,0,0,0,0,0,0,0,0,0,6,0
2621,0500000US48193,0,0,0,0,2,0,0,0,0,0,0,0,0,1,0,0,0,4,0
2622,0500000US48195,0,0,0,0,0,0,0,0,0,0,0,0,0,6,0,0,0,0,0
2623,0500000US48197,0,0,0,0,14,1,0,0,0,0,0,0,0,0,0,0,0,0,0
2624,0500000US48199,0,0,0,0,167,59,0,0,0,21,19,0,0,102,0,0,0,100,0
2625,0500000US48201,400,4365,558,9,117060,44014,2171,3676,1751,5823,18354,42,103,11405,11,106,4504,69760,0
2626,0500000US48203,0,75,0,0,55,100,0,0,0,10,210,0,62,23,0,0,0,121,0
2627,0500000US48205,0,0,0,0,0,1,0,0,0,0,0,0,0,42,0,0,0,0,0
2628,0500000US48207,0,0,0,0,7,2,0,0,0,0,0,0,0,1,0,0,0,0,0
2629,0500000US48209,0,147,14,0,703,2131,84,0,77,82,742,6,0,592,0,0,34,1316,0
2630,0500000US48211,0,0,0,0,49,32,0,0,0,0,0,0,0,0,0,0,0,0,0
2631,0500000US48213,0,0,0,0,94,131,0,0,0,237,22,0,0,60,0,0,5,20,0
2632,0500000US48215,0,31,0,0,867,3961,88,9,54,8,1166,24,11,705,0,0,118,1187,0
2633,0500000US48217,0,6,0,0,56,84,0,0,0,0,86,0,0,49,0,0,0,87,0
2634,0500000US48219,0,3,0,0,0,4,0,0,0,0,7,0,0,33,0,0,0,16,3
2635,0500000US48221,0,18,3,0,57,330,21,0,0,0,52,0,0,45,0,0,7,56,0
2636,0500000US48223,0,0,0,0,217,54,0,0,0,0,6,0,0,0,0,0,0,11,0
2637,0500000US48225,0,6,0,0,14,83,0,0,0,17,20,0,0,7,0,0,0,23,0
2638,0500000US48227,0,40,0,0,0,185,0,0,0,0,123,0,0,8,0,0,0,29,0
2639,0500000US48229,0,0,0,0,0,2,0,0,0,0,0,0,0,0,0,0,0,0,0
2640,0500000US48231,0,193,0,0,231,450,20,10,0,131,280,0,47,134,0,0,127,296,0
2641,0500000US48233,0,0,0,0,11,11,0,0,0,0,55,0,0,92,0,0,0,3,0
2642,0500000US48235,0,0,0,0,0,0,0,0,0,0,0,0,0,0,0,0,0,0,0
2643,0500000US48237,0,0,0,0,0,31,0,0,0,0,0,0,0,0,0,0,0,52,0
2644,0500000US48239,0,0,0,0,191,51,0,0,0,0,0,0,0,0,0,0,0,28,0
2645,0500000US48241,0,10,0,0,0,78,0,0,23,0,47,0,0,66,0,0,0,9,0
2646,0500000US48243,0,0,0,0,0,0,0,0,0,0,0,10,0,0,0,0,0,0,0
2647,0500000US48245,0,12,49,0,4404,1624,0,44,10,160,234,0,0,411,0,0,0,629,0
2648,0500000US48247,0,0,0,0,0,265,0,0,0,0,0,0,0,0,0,0,0,0,0
2649,0500000US48249,0,0,0,0,0,55,0,0,0,0,0,0,0,43,0,0,0,0,0
2650,0500000US48251,0,47,56,0,512,789,39,55,0,104,658,0,0,183,0,0,3,471,0
2651,0500000US48253,0,19,0,0,31,57,0,0,0,0,16,0,0,8,0,0,18,0,0
2652,0500000US48255,0,0,0,0,212,62,0,0,0,0,6,0,0,34,0,0,0,6,0
2653,0500000US48257,0,0,0,0,902,801,0,217,0,86,130,0,0,352,0,0,64,501,0
2654,0500000US48259,0,0,0,0,9,227,0,0,0,0,107,0,0,36,0,0,0,391,0
2655,0500000US48261,0,0,0,0,0,0,0,0,0,0,0,0,0,1,0,0,0,0,0
2656,0500000US48263,0,0,0,0,0,0,0,0,0,0,0,0,0,16,0,0,0,0,0
2657,0500000US48265,0,25,0,0,21,114,3,0,0,0,160,0,0,63,0,0,46,63,0
2658,0500000US48267,0,0,0,0,0,0,0,0,0,0,0,0,0,0,0,0,0,0,0
2659,0500000US48269,0,0,0,0,0,0,0,0,0,0,0,0,0,0,0,0,0,0,0
2660,0500000US48271,0,0,0,0,0,0,0,0,0,0,0,0,0,0,0,0,0,0,0
2661,0500000US48273,0,29,0,0,52,136,0,0,0,3,32,0,0,42,0,0,18,78,0
2662,0500000US48275,0,0,0,0,12,0,0,0,0,0,0,0,0,0,0,0,0,14,0
2663,0500000US48277,0,182,0,0,96,135,0,0,0,0,0,0,37,7,0,0,0,163,0
2664,0500000US48279,0,0,0,0,12,6,0,0,0,0,0,0,0,0,0,0,0,0,0
2665,0500000US48281,0,34,0,0,22,82,0,0,0,51,244,0,0,0,0,0,0,34,0
2666,0500000US48283,0,0,0,0,6,0,0,0,0,0,0,0,0,0,0,0,0,0,0
2667,0500000US48285,0,0,0,0,3,75,0,0,0,24,3,0,0,19,0,0,0,23,0
2668,0500000US48287,0,5,0,0,0,0,0,0,0,0,0,0,0,12,0,0,0,0,0
2669,0500000US48289,0,0,0,0,0,4,6,0,0,0,9,0,0,16,0,0,0,3,0
2670,0500000US48291,0,0,0,0,208,366,0,0,0,17,64,0,0,31,0,0,0,8,0
2671,0500000US48293,0,0,0,0,158,4,0,0,0,0,40,0,0,0,0,0,0,9,0
2672,0500000US48295,0,0,0,0,0,19,0,0,0,0,4,0,0,0,0,0,0,0,0
2673,0500000US48297,0,0,0,0,0,73,0,0,0,0,0,0,0,378,0,0,0,9,0
2674,0500000US48299,0,0,0,0,111,19,0,0,0,0,3,6,0,67,0,0,0,0,0
2675,0500000US48301,0,0,0,0,0,0,0,0,0,0,0,0,0,0,0,0,0,5,0
2676,0500000US48303,0,224,25,0,657,2486,123,9,67,239,784,19,0,225,0,0,96,2131,0
2677,0500000US48305,0,0,0,0,0,29,0,0,0,3,22,0,0,0,0,0,0,21,0
2678,0500000US48307,0,0,0,0,0,0,0,0,0,0,0,0,0,0,0,0,0,13,0
2679,0500000US48309,0,81,0,0,730,1028,8,318,0,90,925,0,2,377,0,0,29,1311,0
2680,0500000US48311,0,0,0,0,0,0,0,0,0,0,0,0,0,0,0,0,0,0,0
2681,0500000US48313,0,0,0,0,23,59,0,10,0,0,12,0,0,56,0,0,0,0,0
2682,0500000US48315,0,0,0,0,0,65,0,0,0,0,0,0,0,11,0,0,0,0,0
2683,0500000US48317,0,0,0,0,0,0,0,0,0,0,0,0,0,0,0,0,0,0,0
2684,0500000US48319,0,0,0,0,0,4,0,0,0,0,0,0,0,0,0,0,0,0,0
2685,0500000US48321,0,0,0,0,176,121,0,0,0,0,30,0,0,0,0,0,0,0,0
2686,0500000US48323,0,0,0,0,0,51,0,0,0,0,101,0,0,0,0,0,0,80,0
2687,0500000US48325,0,0,0,0,24,106,0,0,5,0,6,0,0,82,0,0,0,79,0
2688,0500000US48327,0,0,0,0,0,0,0,0,0,0,0,0,0,0,0,0,0,0,0
2689,0500000US48329,0,0,0,0,718,677,101,53,387,499,329,0,0,510,0,0,0,1024,0
2690,0500000US48331,0,0,0,0,18,23,0,0,0,4,0,0,0,61,0,0,0,13,0
2691,0500000US48333,0,0,0,0,2,0,8,0,0,6,0,0,0,0,0,0,0,0,0
2692,0500000US48335,0,0,0,0,0,136,0,0,0,0,85,0,0,0,0,0,0,85,0
2693,0500000US48337,0,0,0,0,0,0,16,26,0,0,0,0,0,8,0,0,0,0,0
2694,0500000US48339,156,564,32,0,2513,5346,440,21,102,234,1772,13,15,1358,0,6,328,5355,0
2695,0500000US48341,0,0,0,0,0,16,0,478,472,0,2,0,0,2,0,0,0,0,0
2696,0500000US48343,0,0,0,0,91,0,0,0,0,0,0,0,0,0,0,0,0,0,0
2697,0500000US48345,0,0,0,0,0,0,0,0,0,0,0,0,0,0,0,0,0,0,0
2698,0500000US48347,0,52,0,0,185,107,16,31,22,0,270,0,0,183,7,0,7,214,0
2699,0500000US48349,0,36,0,0,131,131,0,0,0,242,12,0,0,20,0,0,0,111,0
2700,0500000US48351,0,0,0,0,2,83,0,0,0,0,19,0,0,0,0,0,0,68,0
2701,0500000US48353,0,0,0,0,0,27,0,0,0,0,7,0,0,11,0,0,0,0,0
2702,0500000US48355,0,250,0,0,1431,3629,0,25,51,54,737,42,0,515,17,0,169,1179,0
2703,0500000US48357,0,0,0,0,0,0,0,0,0,0,0,0,0,0,0,0,0,0,0
2704,0500000US48359,0,0,0,0,0,0,0,0,0,0,0,0,0,0,0,0,0,3,0
2705,0500000US48361,0,0,0,0,151,167,0,40,0,121,128,0,0,31,0,0,26,49,0
2706,0500000US48363,0,0,0,0,0,14,0,0,0,0,0,0,0,85,0,0,0,29,0
2707,0500000US48365,0,0,0,0,110,52,0,0,0,16,9,0,0,0,0,0,0,14,0
2708,0500000US48367,0,106,11,0,444,652,35,12,0,104,293,0,0,39,0,0,25,343,0
2709,0500000US48369,0,0,0,0,0,7,0,0,0,0,0,0,0,12,0,0,0,0,0
2710,0500000US48371,0,0,0,0,0,125,0,0,0,0,0,0,0,83,0,0,0,0,0
2711,0500000US48373,0,19,0,0,34,181,0,0,0,86,70,0,0,86,0,0,0,107,0
2712,0500000US48375,0,246,0,0,1340,115,0,1093,2595,23,80,0,0,83,0,0,0,105,0
2713,0500000US48377,0,0,0,0,1,0,0,0,0,0,0,0,0,0,0,0,0,0,0
2714,0500000US48379,0,8,0,0,6,18,0,0,0,2,44,0,0,3,0,0,0,52,0
2715,0500000US48381,0,43,0,0,1110,651,185,327,59,0,215,0,81,118,0,0,0,442,0
2716,0500000US48383,0,0,0,0,12,32,0,0,0,20,0,0,0,0,0,0,0,0,0
2717,0500000US48385,0,0,0,0,0,0,0,0,0,0,0,0,0,0,0,0,0,0,0
2718,0500000US48387,0,0,0,0,0,0,0,0,0,0,18,0,0,7,0,0,0,41,0
2719,0500000US48389,0,0,0,0,0,20,0,0,0,0,0,0,0,0,0,0,0,0,0
2720,0500000US48391,0,0,0,0,0,5,0,0,0,0,0,0,0,0,0,0,0,0,0
2721,0500000US48393,0,0,0,0,0,0,0,0,0,0,0,0,0,0,0,0,0,0,0
2722,0500000US48395,0,0,0,0,37,0,0,0,0,0,7,0,0,0,0,10,0,4,0
2723,0500000US48397,0,128,2,0,841,896,22,37,0,344,248,0,152,245,0,0,21,898,0
2724,0500000US48399,0,0,0,0,0,0,0,0,0,0,0,0,0,0,0,0,0,0,0
2725,0500000US48401,0,0,0,0,66,115,0,0,0,34,29,6,0,31,0,0,67,88,0
2726,0500000US48403,0,0,0,0,151,99,0,0,0,0,0,0,0,0,0,0,0,0,0
2727,0500000US48405,0,0,0,0,0,0,0,0,0,0,0,0,0,0,0,0,0,0,0
2728,0500000US48407,0,0,0,0,0,12,0,0,0,0,42,0,0,0,0,0,0,0,0
2729,0500000US48409,0,36,0,0,127,426,109,49,17,0,49,0,0,79,0,42,35,111,0
2730,0500000US48411,0,0,0,0,10,7,0,0,0,0,0,0,0,8,0,0,0,0,0
2731,0500000US48413,0,0,0,0,0,0,0,0,0,0,0,0,0,0,0,0,0,0,0
2732,0500000US48415,0,0,0,0,42,42,10,0,0,0,20,0,0,1,0,0,0,12,0
2733,0500000US48417,0,0,0,0,1,0,0,0,0,0,19,0,0,0,0,0,0,0,0
2734,0500000US48419,0,0,0,0,8,16,0,0,0,0,0,0,0,13,0,0,0,1,0
2735,0500000US48421,0,0,0,0,0,49,0,0,0,0,0,0,0,0,0,0,0,0,0
2736,0500000US48423,0,13,0,0,853,1151,91,0,0,155,205,3,0,229,0,109,20,814,0
2737,0500000US48425,0,0,0,0,0,0,0,0,0,0,0,0,0,0,0,0,0,0,0
2738,0500000US48427,0,0,0,0,0,17,0,0,0,0,0,0,0,0,0,0,0,0,0
2739,0500000US48429,0,0,0,0,55,0,0,0,0,11,0,0,0,0,0,0,0,9,0
2740,0500000US48431,0,0,0,0,0,2,0,0,0,0,0,0,0,0,0,0,0,0,0
2741,0500000US48433,0,0,0,0,0,0,0,0,0,0,0,0,0,0,0,0,0,0,0
2742,0500000US48435,0,0,0,0,0,0,0,0,0,0,0,0,0,0,0,0,0,0,0
2743,0500000US48437,0,0,0,0,0,39,0,0,0,0,0,0,0,0,0,0,0,3,0
2744,0500000US48439,0,2464,630,0,38477,17500,967,6047,1953,1119,8063,52,560,5222,0,12,1208,15319,38
2745,0500000US48441,0,47,0,0,725,1435,0,6,47,113,386,0,0,239,0,0,107,289,0
2746,0500000US48443,0,0,0,0,0,0,0,0,0,0,0,0,0,0,0,0,0,0,0
2747,0500000US48445,0,0,0,0,6,28,0,0,0,0,0,0,0,5,0,0,0,0,0
2748,0500000US48447,0,0,0,0,0,8,0,0,0,0,0,0,0,0,0,0,0,0,0
2749,0500000US48449,0,0,0,0,274,50,0,0,0,0,38,0,0,0,0,0,0,0,0
2750,0500000US48451,0,34,0,0,286,795,0,155,0,4,291,0,0,146,0,0,0,406,0
2751,0500000US48453,103,1974,297,0,17682,10065,372,334,498,1145,9656,89,386,6329,0,22,2807,23773,0
2752,0500000US48455,8,0,0,0,0,0,0,0,0,0,0,0,0,0,0,0,0,13,6
2753,0500000US48457,0,0,0,0,107,34,0,0,0,0,10,0,0,31,0,0,0,5,0
2754,0500000US48459,0,0,0,0,15,178,0,0,96,0,4,0,0,32,0,0,7,0,0
2755,0500000US48461,0,0,0,0,0,0,4,0,0,0,0,0,0,0,0,0,0,7,0
2756,0500000US48463,0,0,0,0,28,13,0,0,0,272,16,0,0,17,0,0,0,15,0
2757,0500000US48465,0,10,0,0,21,223,9,0,0,0,0,0,0,133,0,0,16,10,0
2758,0500000US48467,0,0,0,0,150,169,0,0,0,21,28,0,0,47,0,0,1,133,0
2759,0500000US48469,0,0,0,0,247,387,0,0,0,0,153,0,0,78,0,0,203,160,0
2760,0500000US48471,0,3,0,0,337,251,0,0,0,61,41,33,0,103,0,0,0,63,0
2761,0500000US48473,0,0,0,0,649,61,0,0,14,32,73,0,0,49,0,0,81,71,0
2762,0500000US48475,0,0,0,0,31,0,0,0,0,0,3,0,0,0,0,0,0,134,0
2763,0500000US48477,0,0,0,0,0,354,0,0,0,0,258,0,0,0,0,0,6,151,0
2764,0500000US48479,0,54,0,0,257,610,6,0,0,0,211,0,0,147,0,0,1,262,0
2765,0500000US48481,0,0,0,0,10,65,0,0,0,39,18,0,0,0,0,0,17,12,0
2766,0500000US48483,0,0,0,0,0,45,0,0,0,0,1,0,0,0,0,0,0,1,0
2767,0500000US48485,0,236,0,0,686,974,15,51,8,309,396,6,0,373,0,0,15,262,0
2768,0500000US48487,0,42,0,0,25,75,0,0,310,0,0,0,0,0,0,0,8,8,0
2769,0500000US48489,0,0,0,0,0,29,0,0,0,0,0,0,0,0,0,0,0,0,0
2770,0500000US48491,30,648,257,0,5106,7384,385,164,61,268,5768,152,27,3586,15,112,1321,9589,9
2771,0500000US48493,0,0,0,0,142,34,57,16,0,0,15,0,0,46,0,0,16,30,0
2772,0500000US48495,0,0,0,0,65,0,0,0,0,0,0,0,0,0,0,0,0,0,0
2773,0500000US48497,0,8,0,0,52,193,0,0,0,0,0,0,0,70,0,0,0,102,0
2774,0500000US48499,0,0,0,0,85,29,0,0,0,0,27,0,0,58,0,0,0,91,0
2775,0500000US48501,0,0,0,0,0,0,0,0,0,0,0,0,0,0,0,0,0,0,0
2776,0500000US48503,0,0,0,0,14,4,0,0,0,0,28,0,0,0,0,0,0,0,0
2777,0500000US48505,0,0,0,0,125,0,0,0,0,0,0,0,0,0,0,0,0,0,0
2778,0500000US48507,0,0,0,0,0,38,0,0,0,0,0,0,0,0,0,0,0,0,0
2779,0500000US49001,0,0,0,0,0,0,0,7,0,0,0,0,0,45,0,0,0,0,0
2780,0500000US49003,0,6,0,0,92,62,19,0,0,25,128,0,14,626,0,0,0,69,0
2781,0500000US49005,0,118,0,0,218,811,0,0,173,504,238,0,0,535,0,0,47,737,0
2782,0500000US49007,0,0,0,0,72,115,0,0,0,0,17,0,0,17,0,0,0,91,0
2783,0500000US49009,0,0,0,0,0,0,0,0,0,0,0,0,0,2,0,0,0,0,0
2784,0500000US49011,0,666,135,0,950,3543,67,197,127,436,1004,8,54,2772,0,287,124,2210,20
2785,0500000US49013,0,0,0,0,0,47,0,0,0,0,11,0,0,0,0,0,0,85,0
2786,0500000US49015,0,0,0,0,0,0,0,0,0,0,37,0,0,0,0,0,0,0,0
2787,0500000US49017,0,0,0,0,0,0,0,0,0,0,0,0,0,0,0,0,0,6,0
2788,0500000US49019,0,34,0,0,0,4,0,0,0,0,0,0,0,0,0,0,0,43,0
2789,0500000US49021,0,2,0,0,58,89,0,0,0,0,85,3,0,257,0,0,7,297,0
2790,0500000US49023,0,0,0,0,0,29,0,0,0,0,0,0,0,59,0,0,0,0,0
2791,0500000US49025,0,0,0,0,59,0,0,0,0,0,0,5,0,15,0,0,0,5,0
2792,0500000US49027,0,0,0,0,0,7,0,24,0,3,88,0,63,9,0,0,0,36,0
2793,0500000US49029,0,25,0,0,0,8,0,0,0,0,0,0,0,117,0,0,0,39,0
2794,0500000US49031,0,0,0,0,0,0,0,0,0,0,0,0,0,0,0,0,0,0,0
2795,0500000US49033,0,0,0,0,0,0,0,0,0,0,0,0,0,0,0,0,0,0,0
2796,0500000US49035,48,1477,313,0,8670,9549,694,1777,1603,2171,5398,280,409,6797,0,0,664,14286,0
2797,0500000US49037,0,0,0,0,0,0,12,3,0,48,0,0,0,0,0,0,0,7,0
2798,0500000US49039,0,25,0,11,36,74,0,47,0,0,0,24,0,124,0,0,0,143,0
2799,0500000US49041,0,12,0,0,15,26,0,0,0,0,27,0,0,68,0,0,0,0,0
2800,0500000US49043,0,38,38,0,29,461,38,0,0,0,88,18,0,64,0,0,22,362,0
2801,0500000US49045,0,0,0,0,96,406,0,86,0,0,225,0,0,181,0,0,9,356,0
2802,0500000US49047,0,0,0,0,6,97,0,0,0,0,122,0,0,32,0,0,0,45,0
2803,0500000US49049,84,353,24,0,1207,3930,202,325,164,146,3060,369,261,5072,0,21,255,6724,0
2804,0500000US49051,0,11,0,0,9,369,8,0,0,78,33,0,0,234,0,0,0,200,0
2805,0500000US49053,0,269,0,0,404,1116,36,0,0,154,271,6,0,561,0,0,9,556,0
2806,0500000US49055,0,0,0,0,0,0,0,0,0,0,0,0,0,0,0,0,0,0,0
2807,0500000US49057,0,382,74,0,503,1582,43,123,0,159,549,0,168,1523,0,0,134,1476,0
2808,0500000US50001,0,42,0,0,76,142,0,0,0,0,114,0,0,131,0,0,20,452,0
2809,0500000US50003,0,7,0,0,15,79,0,5,1,1,75,1,0,58,0,0,0,123,0
2810,0500000US50005,0,189,0,0,0,66,0,0,0,0,6,0,0,53,0,0,0,22,0
2811,0500000US50007,17,136,0,0,754,1252,163,54,433,62,751,0,0,451,0,0,76,1758,0
2812,0500000US50009,0,6,0,0,2,3,0,3,0,0,0,0,0,10,0,0,2,31,0
2813,0500000US50011,0,27,0,0,19,330,9,0,0,0,156,0,0,21,0,0,0,16,0
2814,0500000US50013,0,0,0,0,0,51,0,0,0,0,14,0,0,18,0,0,0,9,0
2815,0500000US50015,0,0,0,0,3,12,0,0,0,0,24,0,0,27,0,0,0,43,0
2816,0500000US50017,0,0,0,0,65,43,0,0,0,0,16,0,0,20,0,0,2,74,0
2817,0500000US50019,0,8,0,0,0,47,0,0,0,0,53,0,0,8,0,0,0,78,0
2818,0500000US50021,0,12,0,0,36,227,0,85,0,42,21,0,0,80,0,0,0,137,0
2819,0500000US50023,0,34,0,0,44,221,13,8,0,0,132,0,0,132,0,0,0,128,0
2820,0500000US50025,0,39,0,0,74,75,0,0,20,0,187,0,0,122,0,0,3,205,0
2821,0500000US50027,0,38,0,0,37,78,0,36,30,0,33,0,0,20,0,0,0,282,0
2822,0500000US51001,0,11,0,0,14,73,35,4,0,0,4,0,0,0,0,0,118,53,0
2823,0500000US51003,22,50,19,0,464,730,34,0,0,67,1145,0,0,465,0,0,23,1441,5
2824,0500000US51005,0,0,0,0,0,97,0,0,0,0,0,0,0,0,0,0,0,6,0
2825,0500000US51007,0,0,0,0,1,0,0,0,0,0,11,0,0,0,0,0,0,0,0
2826,0500000US51009,0,15,0,0,10,90,0,0,0,0,13,0,0,10,0,0,0,24,0
2827,0500000US51011,0,0,0,0,0,5,0,0,0,0,34,0,0,49,0,0,0,10,0
2828,0500000US51013,50,607,49,116,2150,3082,413,79,171,244,3322,1305,25,1826,0,0,317,6721,0
2829,0500000US51015,0,23,0,0,38,99,0,0,0,0,30,0,0,55,0,0,0,130,0
2830,0500000US51017,0,0,0,0,0,29,0,0,0,0,0,0,0,0,0,0,0,11,0
2831,0500000US51019,9,37,0,0,93,398,12,0,0,34,98,0,0,125,0,0,0,282,0
2832,0500000US51021,0,0,0,0,0,0,8,0,0,0,0,0,0,15,0,0,0,0,0
2833,0500000US51023,0,0,0,0,119,82,0,0,0,0,80,0,0,0,0,0,36,1,0
2834,0500000US51025,0,0,0,0,0,34,0,0,0,0,47,0,0,7,0,0,0,1,0
2835,0500000US51027,0,0,0,0,38,40,0,0,0,0,6,0,0,19,0,0,0,0,0
2836,0500000US51029,0,0,0,0,0,49,0,0,0,27,0,0,0,0,0,0,0,0,0
2837,0500000US51031,0,47,0,0,303,145,0,0,0,0,75,0,0,46,0,0,0,125,0
2838,0500000US51033,0,3,0,0,15,265,0,0,0,0,50,0,0,39,0,0,0,58,0
2839,0500000US51035,0,7,1,0,10,0,0,0,0,0,16,0,0,12,0,0,0,0,0
2840,0500000US51036,0,1,0,0,76,41,0,0,0,0,0,0,0,0,0,0,0,0,0
2841,0500000US51037,0,0,0,0,10,0,0,0,0,0,14,0,0,3,0,0,0,1,0
2842,0500000US51041,0,451,0,0,1190,3888,5,102,31,878,2362,0,0,999,0,0,129,2240,0
2843,0500000US51043,0,0,0,0,0,97,0,0,0,0,37,0,0,46,0,0,0,32,0
2844,0500000US51045,0,0,0,0,0,0,0,0,0,0,0,0,0,0,0,0,0,0,0
2845,0500000US51047,0,7,0,0,162,34,0,56,0,236,70,0,0,171,0,0,16,338,0
2846,0500000US51049,0,0,0,0,0,0,0,0,0,0,0,0,0,0,0,0,0,0,0
2847,0500000US51051,0,0,0,0,0,31,0,0,0,0,0,0,0,0,0,0,0,0,0
2848,0500000US51053,0,40,0,0,53,103,0,0,0,8,21,0,0,87,0,0,0,59,0
2849,0500000US51057,0,0,0,0,0,64,0,0,0,0,0,0,0,6,0,0,0,18,0
2850,0500000US51059,106,3399,765,0,37074,22088,1295,1780,645,2978,46438,1206,89,7566,0,130,2492,40759,7
2851,0500000US51061,0,75,0,0,117,283,23,0,0,18,342,0,0,258,0,16,0,233,0
2852,0500000US51063,0,15,0,0,26,7,1,0,0,0,37,0,0,16,0,0,0,37,0
2853,0500000US51065,0,11,0,0,0,156,0,0,0,0,81,0,0,115,0,0,0,140,0
2854,0500000US51067,0,0,0,0,37,36,0,0,0,0,45,0,0,4,0,0,9,233,0
2855,0500000US51069,0,184,0,0,340,725,0,9,0,139,125,0,0,178,0,0,5,214,0
2856,0500000US51071,0,0,0,0,13,7,0,0,0,0,0,0,0,0,0,0,0,0,0
2857,0500000US51073,0,54,6,0,10,69,0,0,0,0,52,0,0,35,0,0,17,94,0
2858,0500000US51075,0,21,17,0,207,163,0,0,0,0,22,0,0,28,0,0,0,21,0
2859,0500000US51077,0,0,0,0,0,34,0,0,0,0,53,0,0,16,0,0,0,0,0
2860,0500000US51079,0,38,0,0,0,171,0,0,0,0,85,0,0,0,0,0,0,25,0
2861,0500000US51081,0,0,0,0,0,0,0,0,0,0,9,0,0,0,0,0,0,17,0
2862,0500000US51083,0,5,0,0,11,35,0,0,0,0,0,0,0,10,0,0,0,0,0
2863,0500000US51085,0,157,0,0,161,723,8,0,188,296,248,5,0,185,0,0,0,423,0
2864,0500000US51087,0,193,14,0,3482,2255,21,93,389,1171,2309,0,0,1048,0,0,222,4153,0
2865,0500000US51089,0,0,0,0,9,33,0,0,0,0,136,10,0,91,0,0,0,15,0
2866,0500000US51091,0,0,0,0,2,62,0,0,0,0,8,0,0,0,0,0,0,0,0
2867,0500000US51093,0,4,0,0,190,249,0,80,0,0,213,0,0,71,0,0,0,11,0
2868,0500000US51095,0,62,22,0,243,918,0,0,0,127,474,0,0,432,0,0,0,643,0
2869,0500000US51097,0,0,0,0,0,0,0,0,0,0,0,0,0,0,0,0,0,0,0
2870,0500000US51099,0,11,0,0,88,182,0,0,0,15,251,0,0,45,0,0,0,65,0
2871,0500000US51101,0,0,0,0,0,65,0,0,0,0,63,0,0,0,0,0,0,12,0
2872,0500000US51103,0,4,0,0,60,0,0,0,0,0,3,0,0,0,0,0,0,57,0
2873,0500000US51105,0,0,0,0,27,20,0,0,0,0,13,0,0,0,0,0,0,0,0
2874,0500000US51107,0,1155,220,0,7735,6503,448,854,243,913,7796,298,0,2381,0,71,634,8623,0
2875,0500000US51109,0,0,0,0,20,74,0,0,0,0,72,0,0,69,0,0,60,95,0
2876,0500000US51111,0,0,0,0,0,0,0,0,0,0,10,0,0,0,0,0,0,0,0
2877,0500000US51113,0,0,0,0,0,46,0,0,0,0,0,0,0,0,0,0,0,0,0
2878,0500000US51115,0,0,0,0,0,0,0,0,0,0,0,0,0,0,0,0,0,0,0
2879,0500000US51117,0,3,0,0,110,108,0,0,0,0,6,0,0,5,0,0,0,30,0
2880,0500000US51119,0,0,0,0,0,0,0,0,0,0,0,0,0,0,0,0,0,43,0
2881,0500000US51121,0,117,12,0,372,248,5,5,28,0,1097,10,0,385,0,0,51,1965,0
2882,0500000US51125,0,0,0,0,0,77,4,0,0,0,111,0,0,0,0,0,0,231,0
2883,0500000US51127,0,0,0,0,40,112,0,0,0,0,41,0,0,151,0,0,0,137,0
2884,0500000US51131,0,0,0,0,0,72,1,0,0,33,50,0,0,0,0,0,0,0,0
2885,0500000US51133,0,0,0,0,133,247,0,0,0,0,0,0,0,18,0,0,0,57,0
2886,0500000US51135,0,0,0,0,0,5,0,0,0,0,5,0,0,0,0,0,0,16,0
2887,0500000US51137,0,0,0,0,16,118,0,0,46,0,259,0,0,192,0,0,0,238,0
2888,0500000US51139,0,8,0,0,0,69,0,0,0,0,11,0,0,2,0,0,0,4,0
2889,0500000US51141,0,0,0,0,0,0,0,0,0,0,0,0,0,0,0,0,0,0,0
2890,0500000US51143,0,117,23,0,0,171,0,0,0,0,65,0,0,0,0,0,0,0,0
2891,0500000US51145,0,0,2,0,0,163,0,0,0,0,51,0,0,6,0,0,0,31,0
2892,0500000US51147,0,13,0,0,5,116,0,49,0,0,32,0,0,32,0,0,0,62,0
2893,0500000US51149,0,71,0,0,94,484,13,0,0,63,434,0,0,117,0,0,0,149,0
2894,0500000US51153,0,945,82,0,5307,9634,779,836,43,1157,7697,7,9,1945,0,0,140,3648,0
2895,0500000US51155,0,19,0,0,38,94,7,0,28,0,43,0,0,12,0,0,0,68,0
2896,0500000US51157,0,0,0,0,0,0,23,0,0,0,0,0,0,33,0,0,0,0,0
2897,0500000US51159,0,3,0,0,0,4,0,0,0,0,3,0,0,0,0,0,0,0,0
2898,0500000US51161,0,102,16,0,649,280,29,0,0,160,138,14,0,97,0,0,10,745,0
2899,0500000US51163,0,12,0,0,34,54,0,0,0,0,82,0,0,13,0,0,0,78,0
2900,0500000US51165,0,86,0,0,189,257,0,51,0,21,82,0,0,17,0,0,0,114,0
2901,0500000US51167,0,0,0,0,0,0,0,0,0,0,4,0,0,0,0,0,0,0,0
2902,0500000US51169,0,0,0,0,0,36,0,0,0,0,26,0,0,5,0,0,0,0,0
2903,0500000US51171,0,0,0,0,37,48,0,60,0,0,243,0,0,30,0,0,0,80,0
2904,0500000US51173,0,11,0,0,0,0,0,0,0,0,0,0,0,95,0,0,15,5,0
2905,0500000US51175,0,0,0,0,5,23,0,0,0,0,0,0,0,0,0,0,0,0,0
2906,0500000US51177,0,162,0,0,294,1368,74,75,0,7,889,0,0,326,0,0,71,956,0
2907,0500000US51179,80,467,85,0,471,2464,11,80,0,57,1882,8,39,832,0,9,11,884,0
2908,0500000US51181,0,0,0,0,0,0,0,0,0,0,2,0,0,1,0,0,0,8,0
2909,0500000US51183,0,0,0,0,15,22,0,0,0,0,1,0,0,1,0,0,0,0,0
2910,0500000US51185,0,0,0,0,0,175,0,0,0,0,26,0,0,1,0,0,0,0,0
2911,0500000US51187,0,49,0,0,9,149,0,0,0,0,204,0,0,59,0,0,0,58,0
2912,0500000US51191,0,11,0,0,11,130,0,0,0,17,47,0,0,4,0,0,0,57,0
2913,0500000US51193,0,3,0,0,46,62,0,0,0,0,15,0,105,0,0,0,0,11,0
2914,0500000US51195,0,10,0,0,16,6,0,0,0,0,3,1,0,44,0,0,0,23,0
2915,0500000US51197,0,0,0,0,15,0,0,0,0,0,2,0,0,20,0,0,0,45,0
2916,0500000US51199,0,166,0,0,411,1740,0,96,0,0,1113,82,0,641,0,0,12,1378,0
2917,0500000US51510,0,235,8,0,592,2169,43,89,0,66,1613,74,15,898,0,0,155,1742,0
2918,0500000US51520,0,0,2,0,0,110,0,0,0,0,34,0,0,0,0,0,0,0,0
2919,0500000US51530,0,0,0,0,35,53,0,0,0,0,0,0,0,0,0,0,0,6,0
2920,0500000US51540,0,44,0,0,122,340,16,0,147,0,349,7,0,105,0,0,121,1254,12
2921,0500000US51550,0,308,0,0,1211,6619,79,19,0,62,1410,0,50,783,19,0,76,1585,0
2922,0500000US51570,0,27,1,0,36,75,0,0,0,6,143,0,0,69,0,0,0,221,0
2923,0500000US51580,0,0,0,0,0,17,0,0,0,0,19,0,0,0,0,0,0,39,0
2924,0500000US51590,0,4,0,0,131,147,0,0,0,0,14,0,0,30,0,0,0,28,0
2925,0500000US51595,0,33,0,0,0,0,0,0,0,0,0,0,0,0,0,0,0,0,0
2926,0500000US51600,0,87,0,0,821,629,107,0,0,39,713,28,0,83,0,0,153,793,0
2927,0500000US51610,0,63,0,0,294,230,18,0,0,164,257,0,0,78,0,27,67,240,0
2928,0500000US51620,0,0,0,0,0,24,0,0,0,0,60,0,0,0,0,0,0,0,0
2929,0500000US51630,0,0,7,0,76,326,0,0,0,0,120,0,0,107,0,0,0,168,0
2930,0500000US51640,0,0,0,0,0,32,0,0,0,0,0,0,0,7,0,0,0,0,0
2931,0500000US51650,0,276,0,0,847,1791,64,21,0,92,680,0,0,609,0,0,28,364,0
2932,0500000US51660,0,36,0,0,301,383,5,118,55,66,466,0,0,178,0,0,9,303,0
2933,0500000US51670,0,0,0,0,36,244,0,0,0,0,2,0,0,69,0,0,0,15,0
2934,0500000US51678,0,0,0,0,0,64,0,0,0,0,45,0,0,61,0,0,18,250,0
2935,0500000US51680,0,207,0,0,293,382,0,0,1,10,538,0,0,286,0,0,29,475,0
2936,0500000US51683,0,0,0,0,625,607,0,19,7,36,266,0,0,478,0,0,20,179,0
2937,0500000US51685,0,0,0,0,493,283,22,0,0,0,167,0,11,25,0,0,0,49,0
2938,0500000US51690,4,0,0,0,0,0,0,0,0,0,5,0,0,0,0,0,0,0,0
2939,0500000US51700,0,527,0,0,1147,3301,32,185,18,148,1361,0,0,508,0,15,63,1377,0
2940,0500000US51710,0,147,54,0,496,6550,114,31,21,90,723,8,0,567,0,0,81,1427,0
2941,0500000US51720,0,0,0,0,0,8,0,0,0,0,8,0,0,0,0,0,0,2,0
2942,0500000US51730,0,15,0,0,62,211,52,50,0,0,100,0,0,0,0,0,0,38,0
2943,0500000US51735,0,0,0,0,53,92,0,0,0,24,136,0,0,22,0,0,0,72,0
2944,0500000US51740,0,137,19,0,89,1078,0,137,31,65,207,33,0,350,0,0,28,439,0
2945,0500000US51750,0,0,0,0,100,128,0,0,0,16,41,0,0,8,0,0,35,61,0
2946,0500000US51760,0,120,7,0,557,1329,1,41,0,164,784,21,0,503,0,0,151,1619,1
2947,0500000US51770,0,63,0,0,312,546,64,9,0,200,177,0,0,464,0,0,10,184,0
2948,0500000US51775,0,0,0,0,7,211,0,0,0,0,62,0,0,44,0,0,0,152,0
2949,0500000US51790,0,18,0,0,0,95,0,0,0,0,57,0,0,110,0,0,4,0,0
2950,0500000US51800,6,125,0,0,342,961,4,0,0,9,346,0,0,179,0,0,0,419,0
2951,0500000US51810,0,1084,47,0,2519,27310,44,157,171,286,2099,25,133,2066,0,0,547,4199,0
2952,0500000US51820,0,0,0,0,312,56,0,0,0,0,0,0,0,51,0,0,0,0,0
2953,0500000US51830,0,0,0,0,107,118,11,0,0,0,127,0,0,95,0,0,39,451,0
2954,0500000US51840,0,56,0,0,147,62,0,0,0,0,121,0,0,53,0,0,0,170,0
2955,0500000US53001,0,0,0,0,51,118,0,0,0,0,54,0,0,1,0,0,0,16,0
2956,0500000US53003,0,3,0,0,14,252,0,0,0,0,72,0,0,0,0,0,0,25,0
2957,0500000US53005,0,199,0,0,912,2229,101,173,231,49,1016,68,125,827,0,52,97,1276,0
2958,0500000US53007,0,0,0,0,164,330,30,0,0,9,46,0,0,219,0,42,0,289,0
2959,0500000US53009,0,48,0,141,78,737,40,41,67,13,185,0,0,655,0,8,0,385,0
2960,0500000US53011,37,585,328,329,4911,7973,510,1081,188,1322,3624,6,926,4198,23,47,990,7808,0
2961,0500000US53013,0,0,0,0,0,10,0,1,0,0,0,0,0,0,0,0,0,0,0
2962,0500000US53015,0,0,0,0,473,751,11,0,0,193,204,17,0,354,0,0,0,450,0
2963,0500000US53017,0,46,0,0,11,145,0,39,0,11,128,0,0,182,0,0,0,105,0
2964,0500000US53019,0,2,0,0,5,8,0,0,0,0,1,0,0,99,0,0,0,2,0
2965,0500000US53021,0,33,0,0,685,817,0,155,227,81,213,0,0,362,0,0,0,580,0
2966,0500000US53023,0,0,0,0,0,43,0,0,0,0,5,0,0,6,0,0,0,0,0
2967,0500000US53025,0,99,0,0,81,642,0,0,97,0,137,0,0,545,0,0,0,62,0
2968,0500000US53027,0,115,0,0,165,673,0,31,0,89,285,25,0,123,0,0,0,335,0
2969,0500000US53029,0,162,0,0,488,3604,0,25,0,9,427,0,35,760,0,12,58,874,0
2970,0500000US53031,0,5,0,0,24,230,14,0,0,25,59,0,0,234,0,0,62,282,0
2971,0500000US53033,384,6292,847,1083,55440,79943,2786,5295,2510,11240,46427,1517,2403,43873,0,387,11446,151551,75
2972,0500000US53035,14,284,16,0,1192,12708,330,42,7,206,1799,6,34,4842,0,0,39,3002,0
2973,0500000US53037,0,0,0,0,109,404,21,65,0,13,288,0,0,384,0,13,29,272,0
2974,0500000US53039,0,0,0,0,77,79,0,0,0,0,22,15,0,91,0,0,0,41,0
2975,0500000US53041,0,6,0,0,274,699,2,0,0,13,381,7,0,194,0,0,0,186,0
2976,0500000US53043,0,0,0,0,8,64,0,0,0,0,0,2,0,21,0,1,0,40,0
2977,0500000US53045,0,8,3,0,199,585,0,0,0,6,285,19,0,339,0,0,0,155,0
2978,0500000US53047,0,0,0,0,13,342,0,13,0,0,86,0,0,121,0,0,0,5,0
2979,0500000US53049,0,0,0,0,26,112,0,159,0,46,51,0,0,84,0,0,0,111,0
2980,0500000US53051,0,9,0,0,16,118,21,0,0,0,9,0,0,44,0,0,0,9,0
2981,0500000US53053,0,2607,126,9,9466,32918,337,1644,282,8043,20588,13,292,13184,6,117,320,10725,30
2982,0500000US53055,0,18,3,0,3,84,20,0,0,0,68,0,0,68,0,0,7,106,0
2983,0500000US53057,9,50,18,0,287,1842,34,50,0,30,248,0,65,608,0,6,65,1041,0
2984,0500000US53059,0,0,0,0,0,112,4,0,0,0,116,0,0,100,0,0,3,135,0
2985,0500000US53061,27,2691,151,20,17689,25241,2054,1507,244,4777,16440,803,1097,10080,35,127,1161,21830,0
2986,0500000US53063,13,1147,25,54,2991,5635,195,115,1155,193,1879,156,321,4322,6,176,225,2689,0
2987,0500000US53065,0,41,0,0,14,311,0,0,0,48,176,0,0,154,0,0,0,114,0
2988,0500000US53067,195,670,86,0,4327,7578,37,194,241,1461,4554,0,26,3768,0,55,222,3049,0
2989,0500000US53069,0,0,0,0,9,24,20,0,0,0,28,0,0,0,0,0,0,100,0
2990,0500000US53071,0,31,0,0,90,478,13,3,0,26,190,0,0,239,0,0,57,535,0
2991,0500000US53073,0,320,38,0,1540,3504,7,91,25,237,995,50,17,2429,0,0,222,3354,0
2992,0500000US53075,0,63,0,0,428,920,86,31,0,71,509,0,43,647,0,0,48,2079,0
2993,0500000US53077,2,40,0,0,499,2702,0,0,60,62,633,10,0,751,0,0,5,587,0
2994,0500000US54001,0,3,0,0,0,77,0,0,0,0,0,0,0,30,0,0,0,0,0
2995,0500000US54003,0,46,0,0,217,460,23,66,36,17,396,0,0,359,0,1,47,102,0
2996,0500000US54005,0,0,0,0,5,5,0,0,0,0,15,0,0,0,0,0,0,29,0
2997,0500000US54007,0,0,0,0,0,31,0,0,0,0,0,0,0,0,0,0,0,23,0
2998,0500000US54009,0,0,0,0,84,61,8,0,0,0,0,0,0,5,0,0,2,0,0
2999,0500000US54011,0,36,0,0,51,323,0,0,39,0,121,0,0,159,0,0,0,300,0
3000,0500000US54013,0,0,0,0,0,0,0,0,0,0,0,0,0,0,0,0,0,2,0
3001,0500000US54015,0,0,0,0,0,0,0,0,0,0,0,0,0,63,0,0,0,0,0
3002,0500000US54017,0,0,0,0,45,0,0,0,0,0,8,0,0,0,0,0,0,7,0
3003,0500000US54019,0,14,0,0,0,0,0,0,0,0,0,0,0,0,0,0,0,0,0
3004,0500000US54021,0,0,0,0,3,0,0,0,0,0,2,0,0,12,0,0,0,0,0
3005,0500000US54023,0,0,0,0,0,0,0,0,0,0,15,0,0,9,0,0,0,11,0
3006,0500000US54025,0,1,0,0,0,82,0,0,0,0,0,0,0,26,0,0,0,53,0
3007,0500000US54027,0,0,0,0,0,55,0,0,0,0,88,0,0,0,0,0,0,0,0
3008,0500000US54029,0,28,0,0,0,96,0,0,0,0,78,0,0,20,0,0,0,3,0
3009,0500000US54031,0,0,0,0,4,10,0,0,0,0,0,0,0,0,0,0,0,12,0
3010,0500000US54033,0,0,0,0,76,182,5,0,0,17,43,0,0,31,0,0,0,216,0
3011,0500000US54035,0,0,0,0,0,11,0,0,0,0,0,0,0,76,0,0,0,92,0
3012,0500000US54037,0,46,0,0,32,315,46,0,211,0,53,0,0,141,0,0,4,169,0
3013,0500000US54039,0,76,0,0,76,383,0,0,31,0,374,0,0,128,0,0,0,252,0
3014,0500000US54041,0,0,0,0,0,36,0,0,0,0,93,0,0,0,0,0,0,0,0
3015,0500000US54043,0,0,0,0,0,46,0,0,0,0,0,0,0,0,0,0,0,0,0
3016,0500000US54045,0,7,0,0,3,0,0,0,0,0,0,0,0,97,0,0,0,0,0
3017,0500000US54047,0,0,0,0,0,9,0,0,0,0,0,0,0,0,0,0,0,0,0
3018,0500000US54049,0,1,7,0,0,83,0,15,0,0,7,0,0,185,0,0,0,148,0
3019,0500000US54051,0,3,0,0,0,11,0,0,0,0,0,0,0,2,0,0,0,67,0
3020,0500000US54053,0,0,0,0,19,35,0,0,0,0,29,0,0,0,0,0,0,15,0
3021,0500000US54055,0,197,0,0,9,41,0,0,0,1,30,0,0,46,0,0,0,31,0
3022,0500000US54057,0,0,0,0,49,0,0,0,0,0,0,0,0,8,0,0,0,0,0
3023,0500000US54059,0,0,0,0,0,0,0,0,0,0,0,0,0,0,0,0,0,2,0
3024,0500000US54061,0,12,0,0,427,1018,33,0,0,0,287,0,0,292,14,0,36,1191,0
3025,0500000US54063,0,0,0,0,0,26,0,0,0,0,23,0,0,26,0,0,0,0,0
3026,0500000US54065,0,9,0,0,0,61,0,0,0,0,32,0,0,22,0,0,0,3,0
3027,0500000US54067,0,0,0,0,0,66,0,0,0,0,0,0,0,65,0,0,15,61,0
3028,0500000US54069,0,30,0,0,5,203,1,0,0,0,40,0,0,68,0,0,9,41,0
3029,0500000US54071,0,0,0,0,0,0,0,0,0,0,0,0,0,0,0,0,0,0,0
3030,0500000US54073,0,0,0,0,0,0,0,0,0,0,0,0,0,0,0,0,0,0,0
3031,0500000US54075,0,0,0,0,0,18,0,0,0,0,0,0,0,0,0,0,0,0,0
3032,0500000US54077,0,0,0,0,12,41,0,0,0,0,0,0,0,4,0,0,0,13,0
3033,0500000US54079,0,0,0,0,65,140,21,0,0,9,32,0,0,242,0,0,0,4,0
3034,0500000US54081,0,50,0,0,85,570,0,0,0,0,16,0,0,83,0,0,0,102,0
3035,0500000US54083,0,0,0,0,0,82,1,0,0,0,29,0,0,21,0,0,0,0,0
3036,0500000US54085,0,0,0,0,0,0,0,0,0,0,0,0,0,0,0,0,0,50,0
3037,0500000US54087,0,0,0,0,2,81,0,0,0,0,0,0,0,0,0,0,0,7,0
3038,0500000US54089,0,0,0,0,0,0,0,0,0,0,0,0,0,0,0,0,0,0,0
3039,0500000US54091,0,0,0,0,0,44,0,0,0,0,0,0,0,0,0,0,0,16,0
3040,0500000US54093,0,0,0,0,1,15,0,0,0,0,0,0,0,0,0,0,0,0,0
3041,0500000US54095,0,0,0,0,0,0,0,0,0,0,0,0,0,0,0,0,0,0,0
3042,0500000US54097,0,0,0,0,18,53,0,0,0,0,0,0,0,56,0,0,0,0,0
3043,0500000US54099,0,0,0,0,0,72,0,0,0,0,6,0,0,16,0,0,0,8,0
3044,0500000US54101,0,0,0,0,0,15,0,0,0,0,0,0,0,0,0,0,0,20,0
3045,0500000US54103,0,0,0,0,0,50,0,0,0,0,0,0,0,18,0,0,0,0,0
3046,0500000US54105,0,0,0,0,0,20,0,0,0,0,8,0,0,0,0,0,0,0,0
3047,0500000US54107,0,0,0,0,65,348,6,0,0,0,32,0,0,24,0,0,0,91,0
3048,0500000US54109,0,0,0,0,0,0,0,0,0,0,0,0,0,0,0,0,0,0,0
3049,0500000US55001,0,13,0,0,74,25,0,0,0,0,2,0,28,6,0,0,0,9,0
3050,0500000US55003,0,0,0,0,0,10,0,0,6,0,10,6,12,3,0,12,0,26,0
3051,0500000US55005,0,59,0,0,0,110,0,0,0,57,38,0,33,46,0,0,0,19,0
3052,0500000US55007,0,1,6,0,3,44,7,0,0,0,29,1,13,10,0,0,19,28,0
3053,0500000US55009,0,51,24,0,426,1204,56,117,97,32,814,0,4792,622,0,0,6,720,0
3054,0500000US55011,0,0,0,0,16,16,23,0,0,0,28,0,0,5,0,0,0,8,0
3055,0500000US55013,0,0,0,0,0,26,0,0,0,0,6,5,55,13,0,0,0,14,0
3056,0500000US55015,0,0,0,0,181,75,0,0,0,7,71,0,633,168,0,0,0,137,0
3057,0500000US55017,0,7,36,0,19,297,57,3,0,0,64,0,612,95,0,0,0,114,0
3058,0500000US55019,0,8,0,0,2,120,8,0,17,0,32,1,28,42,0,0,0,1,0
3059,0500000US55021,0,19,0,0,26,169,3,0,18,0,66,32,119,56,0,0,9,67,0
3060,0500000US55023,0,0,0,0,5,45,0,0,1,0,56,0,0,26,0,0,0,35,0
3061,0500000US55025,45,781,35,0,1807,2922,305,1087,39,776,3237,66,4442,2028,24,32,744,11164,18
3062,0500000US55027,0,7,0,0,14,296,44,0,5,0,131,24,27,150,0,31,0,84,0
3063,0500000US55029,0,17,0,0,50,65,0,0,0,0,55,0,0,4,0,0,0,30,0
3064,0500000US55031,0,12,0,0,186,140,7,0,0,0,0,0,42,25,0,21,0,171,0
3065,0500000US55033,0,2,0,0,9,130,0,0,0,0,71,0,954,51,0,0,36,283,0
3066,0500000US55035,0,0,147,0,284,659,32,160,0,47,245,0,2680,186,0,0,0,425,0
3067,0500000US55037,0,0,0,0,0,4,0,0,0,0,2,0,0,6,0,0,0,0,0
3068,0500000US55039,0,30,0,0,25,264,12,98,95,0,105,8,613,130,0,20,0,949,0
3069,0500000US55041,0,2,0,0,0,9,3,0,0,0,0,0,0,0,0,0,0,18,0
3070,0500000US55043,0,18,0,0,0,95,0,0,0,0,66,0,128,37,0,0,0,69,0
3071,0500000US55045,0,28,0,0,31,42,0,57,0,0,67,0,37,119,0,0,0,14,0
3072,0500000US55047,0,0,0,0,0,12,0,0,0,0,5,0,111,4,0,0,0,5,0
3073,0500000US55049,0,21,0,0,9,41,0,0,0,0,16,0,16,10,0,0,0,31,0
3074,0500000US55051,0,0,0,0,1,1,0,0,0,0,0,0,0,0,0,0,0,0,0
3075,0500000US55053,0,13,0,0,0,37,0,0,0,0,40,0,28,13,0,0,0,19,0
3076,0500000US55055,0,58,0,0,180,239,10,58,0,0,43,0,29,53,0,0,18,240,0
3077,0500000US55057,0,7,0,0,14,67,3,0,0,0,22,12,27,1,0,0,0,9,3
3078,0500000US55059,0,0,6,0,441,898,2,0,0,19,205,29,388,588,0,23,19,583,0
3079,0500000US55061,0,0,0,0,47,94,0,0,0,0,0,0,0,37,0,0,0,38,0
3080,0500000US55063,0,53,0,0,71,729,22,218,0,0,405,0,3768,192,0,0,24,487,0
3081,0500000US55065,0,5,0,0,0,5,5,0,0,0,22,0,9,5,0,0,0,45,0
3082,0500000US55067,0,0,0,0,4,96,0,0,0,0,0,0,4,29,0,0,0,8,0
3083,0500000US55069,0,4,0,0,14,86,0,2,0,0,6,0,13,67,0,0,0,51,0
3084,0500000US55071,0,41,0,0,13,224,0,135,0,0,76,27,1299,136,0,0,4,449,0
3085,0500000US55073,0,96,3,0,307,1098,0,205,0,132,91,2,6214,200,0,0,14,354,0
3086,0500000US55075,0,9,0,0,12,86,0,0,0,0,23,0,11,131,0,0,0,30,0
3087,0500000US55077,0,0,0,0,0,63,0,0,0,0,34,0,0,9,0,0,0,0,0
3088,0500000US55078,0,0,0,0,0,7,0,0,0,0,0,0,0,0,0,0,0,0,0
3089,0500000US55079,5,1052,672,0,2048,4602,374,2308,5581,143,2300,51,14337,2186,0,0,248,5632,11
3090,0500000US55081,0,3,0,0,0,227,15,0,0,0,123,11,43,44,0,0,0,52,0
3091,0500000US55083,0,0,0,0,3,114,6,0,0,0,11,0,3,77,0,0,0,120,0
3092,0500000US55085,0,22,0,0,16,29,0,0,0,0,2,0,15,14,0,0,0,59,0
3093,0500000US55087,0,63,0,0,233,749,8,112,40,14,457,12,4496,499,0,0,8,681,0
3094,0500000US55089,0,47,0,0,201,302,0,47,86,0,388,3,163,180,0,0,112,470,0
3095,0500000US55091,0,0,0,0,0,44,0,0,0,0,6,0,0,0,0,0,0,5,0
3096,0500000US55093,0,22,19,0,28,110,0,4,0,0,37,0,235,92,0,0,20,72,0
3097,0500000US55095,1,7,0,0,12,130,7,0,0,7,101,0,19,63,0,2,0,13,0
3098,0500000US55097,0,52,3,0,122,306,2,0,14,0,120,0,1272,135,0,0,20,271,0
3099,0500000US55099,0,4,0,0,0,29,0,0,0,9,14,14,17,17,0,0,0,11,0
3100,0500000US55101,17,63,0,0,113,804,169,190,1,19,339,0,185,239,0,0,5,297,0
3101,0500000US55103,0,0,0,0,32,65,0,0,0,0,14,0,9,12,0,0,0,71,0
3102,0500000US55105,10,217,0,0,213,710,26,118,0,610,363,0,284,180,0,0,0,381,0
3103,0500000US55107,0,0,0,0,0,14,0,0,0,0,15,0,23,12,0,0,0,28,0
3104,0500000US55109,0,0,0,0,94,387,0,0,0,9,338,0,578,190,0,0,31,48,0
3105,0500000US55111,0,0,0,0,32,95,0,10,0,0,159,0,32,126,0,0,0,117,0
3106,0500000US55113,0,0,0,0,2,23,0,14,10,0,3,0,16,0,0,0,0,22,0
3107,0500000US55115,0,5,0,0,0,81,0,92,0,0,9,0,0,35,0,0,0,115,0
3108,0500000US55117,0,65,0,0,99,639,49,118,212,34,203,0,5175,211,0,0,0,765,0
3109,0500000US55119,0,5,0,0,0,32,0,0,0,0,41,0,0,51,0,0,0,0,0
3110,0500000US55121,0,18,0,0,0,48,0,0,0,6,93,0,58,12,0,0,0,12,0
3111,0500000US55123,0,0,0,0,19,72,0,5,0,5,2,0,6,20,0,0,0,44,0
3112,0500000US55125,0,0,0,0,0,20,0,0,0,8,35,15,0,11,0,0,0,0,0
3113,0500000US55127,0,0,0,0,105,481,12,30,5,27,46,0,348,119,0,0,4,197,0
3114,0500000US55129,2,2,0,0,6,66,0,0,0,1,48,0,1,2,0,0,0,10,0
3115,0500000US55131,0,0,0,0,25,705,0,93,0,0,213,21,618,39,0,0,0,326,0
3116,0500000US55133,0,145,0,0,891,1607,64,340,206,81,1404,0,1012,917,0,0,110,3363,0
3117,0500000US55135,0,0,0,0,8,168,0,38,0,0,64,0,35,65,0,0,1,12,0
3118,0500000US55137,0,5,0,0,0,62,0,4,0,0,7,0,32,5,0,0,0,46,0
3119,0500000US55139,0,35,0,0,449,289,0,2,0,0,223,0,3390,193,0,0,0,1065,0
3120,0500000US55141,0,5,0,0,47,163,0,120,0,41,47,0,651,207,0,0,2,130,0
3121,0500000US56001,0,97,52,0,32,84,2,0,0,0,123,0,0,118,0,0,0,609,0
3122,0500000US56003,0,24,0,0,0,33,0,6,0,0,0,0,0,12,0,0,0,22,0
3123,0500000US56005,0,0,0,0,27,370,0,0,0,67,56,0,0,23,0,0,0,5,0
3124,0500000US56007,0,16,0,0,24,3,0,0,0,0,11,0,0,41,0,0,0,1,0
3125,0500000US56009,0,0,0,0,0,0,0,0,0,0,0,0,0,11,0,0,0,0,0
3126,0500000US56011,0,0,0,0,24,16,0,0,0,0,2,0,0,0,0,0,0,0,0
3127,0500000US56013,0,0,0,0,48,201,0,0,0,26,40,0,0,16,0,0,17,33,0
3128,0500000US56015,0,0,0,0,0,23,0,0,0,0,0,0,0,35,0,0,0,27,0
3129,0500000US56017,0,0,0,0,0,0,0,0,0,8,9,0,0,0,0,9,0,21,0
3130,0500000US56019,0,0,40,0,0,0,0,0,0,0,35,0,0,17,0,0,0,0,0
3131,0500000US56021,0,44,0,0,28,769,21,0,10,18,400,0,0,410,0,0,30,415,0
3132,0500000US56023,0,0,0,0,0,66,0,0,0,0,44,0,0,32,0,0,0,40,0
3133,0500000US56025,0,9,0,0,6,370,0,0,0,0,73,0,0,481,0,43,0,153,0
3134,0500000US56027,0,0,0,0,0,0,0,0,0,0,0,0,0,0,0,0,0,22,0
3135,0500000US56029,0,0,0,0,0,43,0,0,0,0,15,0,0,148,0,0,24,118,0
3136,0500000US56031,0,0,0,0,0,4,0,0,0,0,0,0,0,0,0,0,0,0,0
3137,0500000US56033,0,12,0,0,0,49,0,0,0,0,15,0,0,26,0,0,0,280,0
3138,0500000US56035,0,8,0,0,0,19,0,0,0,0,0,0,0,0,0,0,0,0,0
3139,0500000US56037,0,17,5,0,170,212,0,0,0,0,72,0,0,54,0,0,0,14,0
3140,0500000US56039,0,78,24,0,25,78,0,0,0,0,25,0,0,29,0,0,24,99,0
3141,0500000US56041,0,0,0,0,0,56,0,0,0,0,0,0,0,59,0,0,0,76,0
3142,0500000US56043,0,0,0,0,0,24,0,0,0,0,0,0,0,11,0,0,0,0,0
3143,0500000US56045,0,108,0,0,0,23,0,0,0,0,0,0,0,1,0,0,0,15,0
3144,0500000US72001,0,0,0,0,0,0,0,0,0,0,0,0,0,0,0,0,0,0,0
3145,0500000US72003,0,0,0,0,0,0,0,0,0,0,0,0,0,0,0,0,0,18,0
3146,0500000US72005,0,0,0,0,0,0,0,0,0,0,18,0,0,0,0,0,0,8,0
3147,0500000US72007,0,0,0,0,0,0,0,0,0,0,0,0,0,0,0,0,0,0,0
3148,0500000US72009,0,0,0,0,0,0,0,0,0,0,0,0,0,0,0,0,0,0,0
3149,0500000US72011,0,0,0,0,0,0,0,0,0,0,0,0,0,0,0,0,0,0,0
3150,0500000US72013,0,0,0,0,0,6,0,0,0,0,0,0,0,0,0,0,0,39,0
3151,0500000US72015,0,0,0,0,0,0,0,0,0,0,0,0,0,0,0,0,0,0,0
3152,0500000US72017,0,0,0,0,0,0,0,0,0,0,0,0,0,0,0,0,0,0,0
3153,0500000US72019,0,0,0,0,0,0,0,0,0,0,0,0,0,0,0,0,0,0,0
3154,0500000US72021,0,0,0,0,0,65,0,0,0,0,13,0,0,21,0,0,0,341,0
3155,0500000US72023,0,0,0,0,0,0,0,0,0,0,17,0,0,0,0,0,0,183,0
3156,0500000US72025,0,0,0,0,0,0,0,0,0,0,0,0,0,0,0,0,0,114,0
3157,0500000US72027,0,0,0,0,0,0,0,0,0,0,0,0,0,0,0,0,0,0,0
3158,0500000US72029,0,0,0,0,0,0,0,0,0,0,0,0,0,0,0,0,0,0,0
3159,0500000US72031,0,0,0,0,0,0,0,0,0,0,20,0,0,0,0,0,0,221,0
3160,0500000US72033,0,0,0,0,0,0,0,0,0,0,0,0,0,0,0,0,0,0,0
3161,0500000US72035,0,0,0,0,0,0,0,0,0,0,0,0,0,0,0,0,0,71,0
3162,0500000US72037,0,0,0,0,0,0,0,0,0,0,0,0,0,0,0,0,0,56,0
3163,0500000US72039,0,0,0,0,0,0,0,0,0,0,0,0,0,0,0,0,0,0,0
3164,0500000US72041,0,0,0,0,0,0,0,0,0,0,0,0,0,0,0,0,0,0,0
3165,0500000US72043,0,0,0,0,0,0,0,0,0,0,0,0,0,0,0,0,0,0,0
3166,0500000US72045,0,0,0,0,0,0,0,0,0,0,0,0,0,0,0,0,0,0,0
3167,0500000US72047,0,0,0,0,26,0,0,0,0,0,0,0,0,0,0,0,0,0,0
3168,0500000US72049,0,0,0,0,0,0,0,0,0,0,0,0,0,0,0,0,0,11,0
3169,0500000US72051,0,0,0,0,0,21,0,0,0,0,11,0,0,0,0,0,0,0,0
3170,0500000US72053,0,0,0,0,0,14,0,0,0,0,0,0,0,0,0,0,0,18,0
3171,0500000US72054,0,0,0,0,0,0,0,0,0,0,0,0,0,0,0,0,0,0,0
3172,0500000US72055,0,0,0,0,0,0,0,0,0,0,15,0,0,23,0,0,0,0,0
3173,0500000US72057,0,0,0,0,0,0,0,0,0,0,7,0,0,0,0,0,0,0,0
3174,0500000US72059,0,0,0,0,0,0,0,0,0,0,0,0,0,0,0,0,0,0,0
3175,0500000US72061,0,0,0,0,0,75,0,0,0,0,0,0,0,0,0,0,0,81,0
3176,0500000US72063,0,0,0,0,0,0,0,0,0,0,0,0,0,0,0,0,0,33,0
3177,0500000US72065,0,0,0,0,0,0,0,0,0,0,0,0,0,0,0,0,0,0,0
3178,0500000US72067,0,0,0,0,0,0,0,0,0,0,0,0,0,9,0,0,0,0,0
3179,0500000US72069,0,0,0,0,0,0,0,0,0,0,0,0,0,0,0,0,0,216,0
3180,0500000US72071,0,0,0,0,0,14,0,0,0,0,0,0,0,0,0,0,0,19,0
3181,0500000US72073,0,0,0,0,0,0,0,0,0,0,0,0,0,0,0,0,0,0,0
3182,0500000US72075,0,0,0,0,0,0,0,0,0,0,0,0,0,0,0,0,0,1,0
3183,0500000US72077,0,0,0,0,0,28,0,0,0,0,0,0,0,0,0,0,0,0,0
3184,0500000US72079,0,0,0,0,0,0,0,0,0,0,0,0,0,0,0,0,0,0,0
3185,0500000US72081,0,0,0,0,0,0,0,0,0,0,0,0,0,0,0,0,0,0,0
3186,0500000US72083,0,0,0,0,0,0,0,0,0,0,0,0,0,0,0,0,0,0,0
3187,0500000US72085,0,0,0,0,28,0,0,0,0,0,0,0,0,0,0,0,0,0,0
3188,0500000US72087,0,0,0,0,0,0,0,0,0,0,0,0,0,19,0,0,0,0,0
3189,0500000US72089,0,0,0,0,0,0,0,0,0,0,0,0,0,0,0,0,0,0,0
3190,0500000US72091,0,0,0,0,0,0,0,0,0,0,15,0,0,0,0,0,0,243,0
3191,0500000US72093,0,0,0,0,0,0,0,0,0,0,0,0,0,15,0,0,0,0,0
3192,0500000US72095,0,0,0,0,0,0,0,0,0,0,0,0,0,0,0,0,0,0,0
3193,0500000US72097,0,0,0,0,0,0,0,0,0,0,21,0,0,0,0,0,0,10,0
3194,0500000US72099,0,0,0,0,0,0,0,0,0,0,0,0,0,12,0,0,0,0,0
3195,0500000US72101,0,0,0,0,0,0,0,0,0,0,0,0,0,0,0,0,0,0,0
3196,0500000US72103,0,0,0,0,0,0,0,0,0,0,0,0,0,0,0,0,0,0,0
3197,0500000US72105,0,0,0,0,0,0,0,0,0,0,0,0,0,0,0,0,0,1,0
3198,0500000US72107,0,0,0,0,0,0,0,0,0,0,0,0,0,0,0,0,0,0,0
3199,0500000US72109,0,0,0,0,0,0,0,0,0,0,0,0,0,0,0,0,0,0,0
3200,0500000US72111,0,0,0,0,0,0,0,0,0,0,0,0,0,0,0,0,0,0,0
3201,0500000US72113,0,0,0,0,51,0,0,0,0,0,0,0,0,0,0,0,0,35,0
3202,0500000US72115,0,0,0,0,0,0,0,0,0,0,0,0,0,0,0,0,0,0,0
3203,0500000US72117,0,0,0,0,0,0,0,0,0,0,0,0,0,0,0,0,0,0,0
3204,0500000US72119,0,47,0,0,0,0,0,0,0,0,37,0,0,0,0,0,0,0,0
3205,0500000US72121,0,0,0,0,0,0,0,0,0,0,0,0,0,0,0,0,0,0,0
3206,0500000US72123,0,0,0,0,0,0,0,0,0,0,0,0,0,0,0,0,0,13,0
3207,0500000US72125,0,0,0,0,0,13,0,0,0,0,0,0,0,0,0,0,0,6,0
3208,0500000US72127,0,0,10,0,0,44,0,0,0,0,71,0,0,59,0,0,0,712,0
3209,0500000US72129,0,0,0,0,0,0,0,0,0,0,0,0,0,0,0,0,0,103,0
3210,0500000US72131,0,0,0,0,0,0,0,0,0,0,0,0,0,0,0,0,0,0,0
3211,0500000US72133,0,0,0,0,31,195,0,0,0,0,0,0,0,0,0,0,0,0,0
3212,0500000US72135,0,0,0,0,0,31,0,0,0,0,40,0,0,0,0,0,0,0,0
3213,0500000US72137,0,0,0,0,0,6,0,0,0,0,0,0,0,0,0,0,0,10,0
3214,0500000US72139,0,0,0,0,0,156,0,0,0,0,60,0,0,0,0,0,0,0,0
3215,0500000US72141,0,0,0,0,0,0,0,0,0,0,0,0,0,0,0,0,0,0,0
3216,0500000US72143,0,0,0,0,0,0,0,0,0,0,0,0,0,0,0,0,0,0,0
3217,0500000US72145,0,0,0,0,0,0,0,0,0,0,0,0,0,0,0,0,0,0,0
3218,0500000US72147,0,0,0,0,0,0,0,0,0,0,0,0,0,0,0,0,0,0,0
3219,0500000US72149,0,0,0,0,0,0,0,0,0,0,0,0,0,0,0,0,0,0,0
3220,0500000US72151,0,0,0,0,0,11,0,0,0,0,0,0,0,0,0,0,0,0,0
3221,0500000US72153,0,0,0,0,0,0,0,0,0,0,0,0,0,0,0,0,0,0,0
