County,Total Groups Tallied: Estimate,Total Groups Tallied: Margin of Error,East Asian: Estimate,East Asian: Margin of Error,"Chinese, except Taiwanese Estimate","Chinese, except Taiwanese Margin of Error",Hmong Estimate,Hmong Margin of Error,Japanese Estimate,Japanese Margin of Error,Korean Estimate,Korean Margin of Error,Mongolian Estimate,Mongolian Margin of Error,Okinawan Estimate,Okinawan Margin of Error,Taiwanese Estimate,Taiwanese Margin of Error,Other East Asian Estimate,Other East Asian Margin of Error,Southeast Asian: Estimate,Southeast Asian: Margin of Error,Burmese Estimate,Burmese Margin of Error,Cambodian Estimate,Cambodian Margin of Error,Filipino Estimate,Filipino Margin of Error,Indonesian Estimate,Indonesian Margin of Error,Laotian Estimate,Laotian Margin of Error,Malaysian Estimate,Malaysian Margin of Error,Mien Estimate,Mien Margin of Error,Singaporean Estimate,Singaporean Margin of Error,Thai Estimate,Thai Margin of Error,Vietnamese Estimate,Vietnamese Margin of Error,Other Southeast Asian Estimate,Other Southeast Asian Margin of Error
"Abbeville County, South Carolina",58.0,80,,,0.0,26,0.0,26,5.0,10,0.0,26,0.0,26,0.0,26,0.0,26,0.0,26,,,0.0,26,0.0,26,0.0,26,0.0,26,0.0,26,0.0,26,0.0,26,0.0,26,4.0,7,2.0,6,0.0,26
"Acadia Parish, Louisiana",286.0,89,,,40.0,47,0.0,33,38.0,50,0.0,33,0.0,33,0.0,33,0.0,33,0.0,33,,,0.0,33,0.0,33,21.0,28,84.0,79,21.0,36,0.0,33,0.0,33,0.0,33,0.0,33,39.0,34,0.0,33
"Accomack County, Virginia",334.0,19,,,53.0,37,0.0,28,0.0,28,4.0,11,0.0,28,0.0,28,118.0,92,0.0,28,,,0.0,28,0.0,28,73.0,69,35.0,81,4.0,10,0.0,28,0.0,28,0.0,28,11.0,21,14.0,24,0.0,28
"Ada County, Idaho",24581.0,840,,,3920.0,686,9.0,15,5234.0,860,2733.0,516,12.0,20,27.0,37,178.0,132,0.0,29,,,159.0,142,99.0,71,4485.0,893,242.0,176,897.0,444,66.0,67,0.0,29,40.0,41,571.0,302,1416.0,363,72.0,99
"Adair County, Iowa",49.0,44,,,0.0,15,0.0,15,5.0,9,0.0,15,0.0,15,0.0,15,0.0,15,0.0,15,,,0.0,15,0.0,15,41.0,38,3.0,6,0.0,15,0.0,15,0.0,15,0.0,15,0.0,15,0.0,15,0.0,15
"Adair County, Kentucky",57.0,51,,,0.0,20,0.0,20,0.0,20,19.0,24,0.0,20,0.0,20,0.0,20,0.0,20,,,0.0,20,0.0,20,27.0,41,0.0,20,0.0,20,0.0,20,0.0,20,0.0,20,0.0,20,0.0,20,0.0,20
"Adair County, Missouri",878.0,76,,,241.0,127,0.0,22,43.0,53,177.0,144,0.0,22,0.0,22,0.0,22,0.0,22,,,0.0,22,0.0,22,119.0,77,0.0,22,0.0,22,0.0,22,0.0,22,0.0,22,0.0,22,81.0,68,0.0,22
"Adair County, Oklahoma",270.0,14,,,23.0,29,134.0,66,0.0,16,2.0,4,0.0,16,0.0,16,0.0,16,9.0,13,,,0.0,16,0.0,16,7.0,9,0.0,16,1.0,3,0.0,16,0.0,16,0.0,16,0.0,16,93.0,68,0.0,16
"Adams County, Colorado",30837.0,954,,,4303.0,739,2517.0,874,2206.0,520,2476.0,516,0.0,31,0.0,31,131.0,103,0.0,31,,,1283.0,519,649.0,335,4119.0,881,357.0,204,600.0,324,35.0,30,0.0,31,0.0,31,594.0,277,5449.0,895,0.0,31
"Adams County, Idaho",3.0,5,,,0.0,12,0.0,12,3.0,5,0.0,12,0.0,12,0.0,12,0.0,12,0.0,12,,,0.0,12,0.0,12,0.0,12,0.0,12,0.0,12,0.0,12,0.0,12,0.0,12,0.0,12,0.0,12,0.0,12
"Adams County, Illinois",882.0,76,,,80.0,59,0.0,29,40.0,31,103.0,78,0.0,29,0.0,29,6.0,9,0.0,29,,,0.0,29,0.0,29,375.0,187,14.0,30,23.0,32,0.0,29,0.0,29,0.0,29,11.0,21,115.0,134,0.0,29
"Adams County, Indiana",187.0,31,,,1.0,3,0.0,27,20.0,31,103.0,74,0.0,27,0.0,27,0.0,27,0.0,27,,,0.0,27,0.0,27,9.0,21,0.0,27,0.0,27,0.0,27,0.0,27,0.0,27,0.0,27,45.0,66,0.0,27
"Adams County, Iowa",4.0,7,,,4.0,7,0.0,10,0.0,10,0.0,10,0.0,10,0.0,10,0.0,10,0.0,10,,,0.0,10,0.0,10,0.0,10,0.0,10,0.0,10,0.0,10,0.0,10,0.0,10,0.0,10,0.0,10,0.0,10
"Adams County, Mississippi",153.0,183,,,139.0,183,0.0,26,0.0,26,0.0,26,0.0,26,0.0,26,0.0,26,0.0,26,,,0.0,26,0.0,26,8.0,13,0.0,26,0.0,26,0.0,26,0.0,26,0.0,26,0.0,26,0.0,26,0.0,26
"Adams County, Nebraska",492.0,24,,,37.0,39,0.0,22,58.0,47,33.0,26,0.0,22,0.0,22,0.0,22,0.0,22,,,12.0,19,0.0,22,65.0,77,0.0,22,0.0,22,0.0,22,0.0,22,0.0,22,12.0,23,209.0,121,0.0,22
"Adams County, North Dakota",30.0,23,,,10.0,13,0.0,10,0.0,10,0.0,10,0.0,10,0.0,10,0.0,10,0.0,10,,,0.0,10,0.0,10,5.0,8,0.0,10,0.0,10,0.0,10,0.0,10,0.0,10,0.0,10,0.0,10,0.0,10
"Adams County, Ohio",139.0,3,,,0.0,24,0.0,24,0.0,24,1.0,3,0.0,24,0.0,24,0.0,24,0.0,24,,,0.0,24,0.0,24,44.0,45,0.0,24,0.0,24,0.0,24,0.0,24,0.0,24,0.0,24,0.0,24,0.0,24
"Adams County, Pennsylvania",1370.0,55,,,303.0,92,0.0,27,49.0,49,53.0,42,0.0,27,0.0,27,4.0,6,0.0,27,,,0.0,27,0.0,27,252.0,99,35.0,55,0.0,27,0.0,27,0.0,27,0.0,27,27.0,31,177.0,96,0.0,27
"Adams County, Washington",256.0,69,,,16.0,28,0.0,25,1.0,9,54.0,75,0.0,25,0.0,25,0.0,25,0.0,25,,,0.0,25,0.0,25,118.0,126,0.0,25,0.0,25,0.0,25,0.0,25,0.0,25,0.0,25,51.0,47,0.0,25
"Adams County, Wisconsin",194.0,9,,,9.0,11,28.0,32,6.0,8,2.0,4,0.0,18,0.0,18,0.0,18,0.0,18,,,0.0,18,0.0,18,25.0,26,0.0,18,0.0,18,0.0,18,0.0,18,0.0,18,13.0,16,74.0,44,0.0,18
"Addison County, Vermont",1114.0,79,,,452.0,108,0.0,22,131.0,79,114.0,71,0.0,22,0.0,22,20.0,25,0.0,22,,,0.0,22,0.0,22,142.0,70,0.0,22,0.0,22,0.0,22,0.0,22,0.0,22,42.0,56,76.0,49,0.0,22
"Adjuntas Municipio, Puerto Rico",0.0,24,,,0.0,24,0.0,24,0.0,24,0.0,24,0.0,24,0.0,24,0.0,24,0.0,24,,,0.0,24,0.0,24,0.0,24,0.0,24,0.0,24,0.0,24,0.0,24,0.0,24,0.0,24,0.0,24,0.0,24
"Aguada Municipio, Puerto Rico",44.0,52,,,18.0,28,0.0,32,0.0,32,0.0,32,0.0,32,0.0,32,0.0,32,0.0,32,,,0.0,32,0.0,32,0.0,32,0.0,32,0.0,32,0.0,32,0.0,32,0.0,32,0.0,32,0.0,32,0.0,32
"Aguadilla Municipio, Puerto Rico",26.0,31,,,8.0,13,0.0,35,0.0,35,18.0,29,0.0,35,0.0,35,0.0,35,0.0,35,,,0.0,35,0.0,35,0.0,35,0.0,35,0.0,35,0.0,35,0.0,35,0.0,35,0.0,35,0.0,35,0.0,35
"Aguas Buenas Municipio, Puerto Rico",28.0,45,,,0.0,28,0.0,28,0.0,28,0.0,28,0.0,28,0.0,28,0.0,28,0.0,28,,,0.0,28,0.0,28,0.0,28,0.0,28,0.0,28,0.0,28,0.0,28,0.0,28,0.0,28,0.0,28,0.0,28
"Aibonito Municipio, Puerto Rico",14.0,22,,,0.0,28,0.0,28,0.0,28,0.0,28,0.0,28,0.0,28,0.0,28,0.0,28,,,0.0,28,0.0,28,0.0,28,0.0,28,0.0,28,0.0,28,0.0,28,0.0,28,0.0,28,0.0,28,0.0,28
"Aiken County, South Carolina",3087.0,450,,,353.0,199,6.0,11,917.0,571,152.0,94,0.0,33,0.0,33,92.0,101,0.0,33,,,0.0,33,0.0,33,383.0,199,0.0,33,0.0,33,0.0,33,0.0,33,0.0,33,84.0,97,421.0,262,0.0,33
"Aitkin County, Minnesota",103.0,12,,,5.0,6,0.0,15,18.0,15,27.0,18,0.0,15,0.0,15,0.0,15,0.0,15,,,0.0,15,0.0,15,5.0,4,0.0,15,0.0,15,0.0,15,0.0,15,0.0,15,10.0,8,3.0,5,0.0,15
"Alachua County, Florida",21631.0,635,,,5223.0,933,0.0,35,878.0,347,1875.0,546,0.0,35,0.0,35,258.0,190,0.0,35,,,0.0,35,41.0,46,4260.0,810,305.0,244,28.0,42,38.0,66,0.0,35,0.0,35,18.0,29,1578.0,487,0.0,35
"Alamance County, North Carolina",4209.0,298,,,514.0,209,22.0,38,146.0,99,468.0,215,0.0,32,0.0,32,36.0,47,0.0,32,,,195.0,167,2.0,4,326.0,210,16.0,24,170.0,204,41.0,65,0.0,32,0.0,32,175.0,122,348.0,221,0.0,32
"Alameda County, California",622586.0,2369,,,198692.0,4667,1143.0,457,24822.0,1531,24205.0,1619,1668.0,560,92.0,62,10712.0,1083,10.0,19,,,4178.0,869,5857.0,1336,109583.0,3686,3071.0,833,2936.0,648,966.0,361,1616.0,633,510.0,218,3187.0,596,42076.0,3000,29.0,31
"Alamosa County, Colorado",172.0,94,,,23.0,37,0.0,21,22.0,38,56.0,59,0.0,21,0.0,21,0.0,21,0.0,21,,,0.0,21,0.0,21,33.0,36,0.0,21,0.0,21,0.0,21,0.0,21,0.0,21,20.0,32,18.0,39,0.0,21
"Albany County, New York",27678.0,494,,,4671.0,661,0.0,31,832.0,294,2010.0,618,22.0,35,0.0,31,293.0,211,0.0,31,,,1018.0,419,259.0,194,3058.0,650,73.0,51,0.0,31,157.0,168,0.0,31,0.0,31,458.0,311,1347.0,453,0.0,31
"Albany County, Wyoming",1825.0,107,,,609.0,189,0.0,27,118.0,84,123.0,96,0.0,27,0.0,27,0.0,27,0.0,27,,,0.0,27,0.0,27,84.0,59,2.0,4,0.0,27,52.0,55,0.0,27,0.0,27,97.0,86,32.0,33,0.0,27
"Albemarle County, Virginia",7858.0,181,,,1441.0,343,0.0,31,465.0,208,1145.0,330,0.0,31,0.0,31,23.0,21,0.0,31,,,0.0,31,67.0,77,730.0,278,34.0,40,0.0,31,19.0,31,0.0,31,22.0,25,50.0,58,464.0,253,5.0,12
"Alcona County, Michigan",71.0,6,,,0.0,17,0.0,17,11.0,9,23.0,22,1.0,3,0.0,17,0.0,17,0.0,17,,,0.0,17,0.0,17,26.0,19,0.0,17,0.0,17,0.0,17,0.0,17,0.0,17,0.0,17,0.0,17,0.0,17
"Alcorn County, Mississippi",144.0,131,,,2.0,4,0.0,30,9.0,15,13.0,24,0.0,30,0.0,30,0.0,30,0.0,30,,,0.0,30,0.0,30,20.0,34,0.0,30,0.0,30,0.0,30,0.0,30,0.0,30,0.0,30,18.0,23,0.0,30
"Aleutians East Borough, Alaska",842.0,154,,,13.0,15,0.0,10,22.0,28,38.0,30,23.0,35,0.0,10,0.0,10,0.0,10,,,0.0,10,0.0,10,708.0,175,0.0,10,0.0,10,0.0,10,0.0,10,0.0,10,0.0,10,38.0,54,0.0,10
"Aleutians West Census Area, Alaska",2481.0,160,,,79.0,86,6.0,8,49.0,42,26.0,17,0.0,15,0.0,15,0.0,15,0.0,15,,,0.0,15,0.0,15,2130.0,161,4.0,5,3.0,5,0.0,15,0.0,15,0.0,15,45.0,43,136.0,57,0.0,15
"Alexander County, Illinois",29.0,24,,,7.0,10,0.0,17,2.0,3,0.0,17,0.0,17,0.0,17,0.0,17,0.0,17,,,0.0,17,0.0,17,15.0,20,0.0,17,0.0,17,0.0,17,0.0,17,0.0,17,0.0,17,0.0,17,0.0,17
"Alexander County, North Carolina",473.0,25,,,197.0,159,52.0,78,29.0,37,23.0,40,0.0,29,29.0,49,0.0,29,0.0,29,,,0.0,29,0.0,29,42.0,89,0.0,29,0.0,29,0.0,29,0.0,29,0.0,29,0.0,29,0.0,29,0.0,29
"Alexandria city, Virginia",13649.0,510,,,1742.0,373,15.0,23,898.0,260,1613.0,318,74.0,107,0.0,31,155.0,83,0.0,31,,,0.0,31,66.0,65,2169.0,473,43.0,38,89.0,66,8.0,12,0.0,31,0.0,31,235.0,109,592.0,189,0.0,31
"Alfalfa County, Oklahoma",58.0,43,,,28.0,22,0.0,15,1.0,3,0.0,15,0.0,15,0.0,15,0.0,15,0.0,15,,,0.0,15,0.0,15,1.0,2,0.0,15,0.0,15,0.0,15,0.0,15,0.0,15,0.0,15,12.0,18,0.0,15
"Alger County, Michigan",63.0,34,,,30.0,27,0.0,15,7.0,13,11.0,16,0.0,15,0.0,15,0.0,15,0.0,15,,,0.0,15,0.0,15,11.0,16,0.0,15,0.0,15,0.0,15,0.0,15,0.0,15,0.0,15,0.0,15,0.0,15
"Allamakee County, Iowa",102.0,70,,,67.0,65,0.0,16,19.0,30,0.0,16,0.0,16,0.0,16,0.0,16,0.0,16,,,0.0,16,0.0,16,16.0,33,0.0,16,0.0,16,0.0,16,0.0,16,0.0,16,0.0,16,0.0,16,0.0,16
"Allegan County, Michigan",1527.0,121,,,204.0,94,0.0,26,194.0,118,149.0,105,5.0,8,0.0,26,0.0,26,0.0,26,,,0.0,26,191.0,161,249.0,102,6.0,10,111.0,78,0.0,26,0.0,26,0.0,26,75.0,55,110.0,90,0.0,26
"Allegany County, Maryland",990.0,45,,,280.0,127,0.0,32,31.0,32,61.0,39,0.0,32,0.0,32,19.0,31,0.0,32,,,0.0,32,0.0,32,222.0,109,0.0,32,0.0,32,0.0,32,0.0,32,0.0,32,7.0,11,150.0,115,0.0,32
"Allegany County, New York",818.0,39,,,233.0,72,0.0,28,69.0,28,90.0,67,0.0,28,0.0,28,21.0,23,0.0,28,,,5.0,11,4.0,7,114.0,76,0.0,28,0.0,28,10.0,11,0.0,28,0.0,28,5.0,5,61.0,46,0.0,28
"Alleghany County, North Carolina",85.0,81,,,0.0,21,0.0,21,0.0,21,0.0,21,0.0,21,0.0,21,0.0,21,0.0,21,,,0.0,21,0.0,21,57.0,77,0.0,21,0.0,21,0.0,21,0.0,21,0.0,21,0.0,21,0.0,21,0.0,21
"Alleghany County, Virginia",120.0,108,,,6.0,13,0.0,21,0.0,21,0.0,21,0.0,21,0.0,21,0.0,21,0.0,21,,,0.0,21,0.0,21,97.0,106,0.0,21,0.0,21,0.0,21,0.0,21,0.0,21,0.0,21,0.0,21,0.0,21
"Allegheny County, Pennsylvania",63790.0,536,,,14459.0,1138,9.0,15,2696.0,538,4531.0,673,68.0,47,0.0,27,696.0,270,6.0,9,,,363.0,207,88.0,69,4173.0,677,276.0,169,100.0,105,154.0,114,0.0,27,11.0,27,800.0,281,2929.0,624,3.0,7
"Allen County, Indiana",22207.0,251,,,1718.0,580,0.0,30,691.0,276,1421.0,532,0.0,30,0.0,30,129.0,80,0.0,30,,,9102.0,1056,53.0,76,2180.0,589,20.0,31,339.0,203,310.0,294,0.0,30,9.0,15,761.0,377,1901.0,567,0.0,30
"Allen County, Kansas",113.0,81,,,52.0,65,0.0,18,5.0,9,30.0,37,0.0,18,0.0,18,0.0,18,0.0,18,,,0.0,18,0.0,18,3.0,5,0.0,18,0.0,18,0.0,18,0.0,18,0.0,18,0.0,18,0.0,18,0.0,18
"Allen County, Kentucky",18.0,19,,,0.0,24,0.0,24,4.0,8,5.0,11,0.0,24,0.0,24,0.0,24,0.0,24,,,0.0,24,0.0,24,0.0,24,0.0,24,0.0,24,0.0,24,0.0,24,0.0,24,0.0,24,0.0,24,0.0,24
"Allen County, Ohio",1262.0,132,,,247.0,141,0.0,30,68.0,52,72.0,70,0.0,30,0.0,30,84.0,89,0.0,30,,,0.0,30,0.0,30,232.0,101,0.0,30,12.0,16,0.0,30,0.0,30,0.0,30,36.0,52,125.0,157,0.0,30
"Allen Parish, Louisiana",180.0,26,,,2.0,6,0.0,26,106.0,48,4.0,9,0.0,26,0.0,26,0.0,26,0.0,26,,,0.0,26,0.0,26,0.0,26,0.0,26,0.0,26,0.0,26,0.0,26,0.0,26,5.0,9,0.0,26,0.0,26
"Allendale County, South Carolina",369.0,238,,,0.0,20,0.0,20,6.0,15,5.0,13,0.0,20,0.0,20,0.0,20,0.0,20,,,0.0,20,3.0,7,311.0,220,0.0,20,0.0,20,0.0,20,0.0,20,0.0,20,39.0,74,0.0,20,0.0,20
"Alpena County, Michigan",206.0,3,,,3.0,6,0.0,20,7.0,10,15.0,27,0.0,20,0.0,20,0.0,20,0.0,20,,,0.0,20,3.0,7,119.0,66,0.0,20,0.0,20,0.0,20,0.0,20,0.0,20,0.0,20,0.0,20,0.0,20
"Alpine County, California",9.0,9,,,0.0,14,0.0,14,3.0,4,5.0,7,0.0,14,0.0,14,0.0,14,0.0,14,,,0.0,14,0.0,14,1.0,2,0.0,14,0.0,14,0.0,14,0.0,14,0.0,14,0.0,14,0.0,14,0.0,14
"Amador County, California",1852.0,462,,,261.0,133,6.0,10,230.0,169,83.0,59,0.0,29,14.0,21,0.0,29,0.0,29,,,0.0,29,87.0,111,804.0,308,23.0,30,0.0,29,0.0,29,11.0,21,0.0,29,0.0,29,245.0,165,0.0,29
"Amelia County, Virginia",12.0,21,,,0.0,21,0.0,21,0.0,21,11.0,22,0.0,21,0.0,21,0.0,21,0.0,21,,,0.0,21,0.0,21,0.0,21,0.0,21,0.0,21,0.0,21,0.0,21,0.0,21,0.0,21,1.0,3,0.0,21
"Amherst County, Virginia",313.0,14,,,24.0,33,0.0,28,10.0,19,13.0,24,0.0,28,0.0,28,0.0,28,0.0,28,,,0.0,28,0.0,28,90.0,82,0.0,28,0.0,28,0.0,28,0.0,28,0.0,28,15.0,25,10.0,19,0.0,28
"Amite County, Mississippi",11.0,15,,,0.0,22,0.0,22,0.0,22,0.0,22,0.0,22,0.0,22,0.0,22,0.0,22,,,0.0,22,0.0,22,4.0,7,0.0,22,0.0,22,0.0,22,0.0,22,0.0,22,7.0,14,0.0,22,0.0,22
"Anchorage Municipality, Alaska",39380.0,737,,,2545.0,855,4892.0,1366,2734.0,738,4242.0,832,0.0,24,85.0,124,110.0,89,11.0,17,,,17.0,29,319.0,316,19202.0,1784,157.0,137,1077.0,545,58.0,74,74.0,86,17.0,30,917.0,328,1010.0,437,0.0,24
"Anderson County, Kansas",0.0,16,,,0.0,16,0.0,16,0.0,16,0.0,16,0.0,16,0.0,16,0.0,16,0.0,16,,,0.0,16,0.0,16,0.0,16,0.0,16,0.0,16,0.0,16,0.0,16,0.0,16,0.0,16,0.0,16,0.0,16
"Anderson County, Kentucky",31.0,60,,,31.0,60,0.0,24,0.0,24,0.0,24,0.0,24,0.0,24,0.0,24,0.0,24,,,0.0,24,0.0,24,0.0,24,0.0,24,0.0,24,0.0,24,0.0,24,0.0,24,0.0,24,0.0,24,0.0,24
"Anderson County, South Carolina",3246.0,341,,,743.0,319,0.0,33,144.0,118,257.0,146,0.0,33,0.0,33,85.0,109,0.0,33,,,0.0,33,74.0,89,464.0,210,14.0,23,5.0,10,0.0,33,0.0,33,0.0,33,60.0,64,242.0,177,0.0,33
"Anderson County, Tennessee",1376.0,110,,,551.0,193,0.0,32,47.0,77,198.0,160,0.0,32,0.0,32,25.0,40,0.0,32,,,0.0,32,29.0,62,301.0,185,0.0,32,0.0,32,0.0,32,0.0,32,0.0,32,77.0,72,39.0,57,0.0,32
"Anderson County, Texas",587.0,47,,,3.0,6,0.0,35,19.0,23,15.0,20,0.0,35,0.0,35,14.0,24,0.0,35,,,15.0,32,0.0,35,296.0,127,0.0,35,8.0,16,0.0,35,0.0,35,0.0,35,22.0,30,133.0,116,0.0,35
"Andrew County, Missouri",181.0,46,,,3.0,5,31.0,41,21.0,22,0.0,19,0.0,19,0.0,19,0.0,19,0.0,19,,,0.0,19,0.0,19,34.0,47,0.0,19,0.0,19,0.0,19,0.0,19,0.0,19,11.0,20,0.0,19,0.0,19
"Andrews County, Texas",110.0,43,,,11.0,16,0.0,23,0.0,23,12.0,23,0.0,23,0.0,23,0.0,23,0.0,23,,,0.0,23,0.0,23,72.0,51,0.0,23,0.0,23,0.0,23,0.0,23,0.0,23,0.0,23,15.0,47,0.0,23
"Androscoggin County, Maine",1925.0,189,,,452.0,188,0.0,26,121.0,98,321.0,220,0.0,26,0.0,26,40.0,70,0.0,26,,,0.0,26,0.0,26,554.0,229,0.0,26,41.0,61,0.0,26,0.0,26,0.0,26,48.0,37,128.0,115,0.0,26
"Angelina County, Texas",1240.0,218,,,294.0,159,11.0,20,126.0,129,20.0,28,0.0,35,53.0,81,0.0,35,0.0,35,,,0.0,35,123.0,180,292.0,163,0.0,35,0.0,35,0.0,35,0.0,35,0.0,35,54.0,62,207.0,129,0.0,35
"Anne Arundel County, Maryland",35193.0,776,,,4522.0,946,60.0,64,2049.0,435,5010.0,828,38.0,78,25.0,35,185.0,117,0.0,32,,,428.0,295,83.0,94,10393.0,1082,35.0,46,110.0,94,0.0,32,0.0,32,0.0,32,825.0,401,1938.0,504,0.0,32
"Anoka County, Minnesota",25248.0,457,,,1683.0,395,9977.0,1283,797.0,261,1807.0,479,0.0,22,0.0,22,54.0,73,0.0,22,,,22.0,22,111.0,88,1774.0,367,16.0,19,1042.0,515,8.0,12,0.0,22,13.0,23,492.0,276,3675.0,624,0.0,22
"Anson County, North Carolina",515.0,146,,,0.0,25,0.0,25,43.0,32,110.0,155,0.0,25,0.0,25,0.0,25,0.0,25,,,0.0,25,0.0,25,158.0,109,0.0,25,0.0,25,0.0,25,0.0,25,0.0,25,0.0,25,0.0,25,0.0,25
"Antelope County, Nebraska",31.0,25,,,5.0,7,0.0,15,8.0,9,0.0,15,0.0,15,0.0,15,0.0,15,0.0,15,,,0.0,15,0.0,15,8.0,13,0.0,15,0.0,15,0.0,15,0.0,15,0.0,15,0.0,15,0.0,15,0.0,15
"Antrim County, Michigan",127.0,3,,,12.0,11,0.0,20,9.0,11,24.0,21,0.0,20,0.0,20,0.0,20,0.0,20,,,0.0,20,0.0,20,4.0,5,0.0,20,0.0,20,0.0,20,0.0,20,0.0,20,0.0,20,10.0,10,0.0,20
"Apache County, Arizona",485.0,76,,,88.0,54,0.0,33,23.0,23,2.0,4,0.0,33,0.0,33,0.0,33,0.0,33,,,0.0,33,0.0,33,302.0,78,0.0,33,0.0,33,0.0,33,0.0,33,0.0,33,4.0,7,6.0,11,0.0,33
"Appanoose County, Iowa",126.0,16,,,0.0,16,0.0,16,54.0,49,38.0,48,0.0,16,0.0,16,0.0,16,0.0,16,,,0.0,16,0.0,16,19.0,42,0.0,16,0.0,16,0.0,16,0.0,16,0.0,16,3.0,6,0.0,16,0.0,16
"Appling County, Georgia",149.0,123,,,46.0,88,0.0,23,0.0,23,0.0,23,0.0,23,0.0,23,0.0,23,0.0,23,,,0.0,23,0.0,23,69.0,78,0.0,23,0.0,23,0.0,23,0.0,23,0.0,23,0.0,23,0.0,23,0.0,23
"Appomattox County, Virginia",98.0,110,,,10.0,17,0.0,21,49.0,83,34.0,46,0.0,21,0.0,21,0.0,21,0.0,21,,,0.0,21,0.0,21,5.0,8,0.0,21,0.0,21,0.0,21,0.0,21,0.0,21,0.0,21,0.0,21,0.0,21
"Aransas County, Texas",505.0,58,,,0.0,28,0.0,28,52.0,60,187.0,173,0.0,28,0.0,28,7.0,9,0.0,28,,,0.0,28,0.0,28,134.0,145,0.0,28,0.0,28,0.0,28,0.0,28,0.0,28,0.0,28,96.0,100,0.0,28
"Arapahoe County, Colorado",56430.0,1212,,,8619.0,977,83.0,81,3962.0,662,8382.0,1118,317.0,173,11.0,13,424.0,162,0.0,31,,,869.0,371,984.0,359,7242.0,1021,1090.0,379,611.0,394,56.0,48,0.0,31,165.0,152,747.0,252,7566.0,1019,0.0,31
"Archer County, Texas",23.0,31,,,0.0,21,0.0,21,0.0,21,6.0,12,0.0,21,0.0,21,0.0,21,0.0,21,,,0.0,21,0.0,21,17.0,28,0.0,21,0.0,21,0.0,21,0.0,21,0.0,21,0.0,21,0.0,21,0.0,21
"Archuleta County, Colorado",117.0,66,,,19.0,32,0.0,21,47.0,55,0.0,21,40.0,53,0.0,21,0.0,21,0.0,21,,,0.0,21,0.0,21,0.0,21,0.0,21,0.0,21,0.0,21,0.0,21,0.0,21,0.0,21,0.0,21,0.0,21
"Arecibo Municipio, Puerto Rico",1033.0,337,,,39.0,61,0.0,35,0.0,35,0.0,35,0.0,35,0.0,35,0.0,35,0.0,35,,,0.0,35,0.0,35,6.0,9,0.0,35,0.0,35,0.0,35,0.0,35,0.0,35,0.0,35,0.0,35,0.0,35
"Arenac County, Michigan",141.0,35,,,10.0,13,19.0,19,54.0,30,24.0,24,0.0,17,0.0,17,0.0,17,0.0,17,,,2.0,3,0.0,17,25.0,22,4.0,10,0.0,17,0.0,17,0.0,17,0.0,17,0.0,17,0.0,17,0.0,17
"Arkansas County, Arkansas",14.0,18,,,11.0,18,0.0,20,0.0,20,0.0,20,0.0,20,0.0,20,0.0,20,0.0,20,,,0.0,20,0.0,20,0.0,20,0.0,20,0.0,20,0.0,20,0.0,20,0.0,20,0.0,20,0.0,20,0.0,20
"Arlington County, Virginia",32135.0,387,,,6721.0,738,25.0,41,1826.0,336,3322.0,469,1305.0,481,0.0,31,317.0,113,0.0,31,,,171.0,141,244.0,107,3082.0,595,413.0,250,79.0,65,49.0,42,116.0,159,50.0,39,607.0,225,2150.0,455,0.0,31
"Armstrong County, Pennsylvania",327.0,26,,,194.0,44,0.0,27,21.0,18,18.0,16,0.0,27,2.0,5,0.0,27,0.0,27,,,0.0,27,0.0,27,12.0,14,1.0,2,0.0,27,14.0,20,0.0,27,0.0,27,19.0,26,34.0,29,0.0,27
"Armstrong County, Texas",23.0,22,,,22.0,22,0.0,15,0.0,15,1.0,2,0.0,15,0.0,15,0.0,15,0.0,15,,,0.0,15,0.0,15,0.0,15,0.0,15,0.0,15,0.0,15,0.0,15,0.0,15,0.0,15,0.0,15,0.0,15
"Aroostook County, Maine",553.0,37,,,75.0,62,0.0,26,147.0,68,71.0,38,0.0,26,0.0,26,0.0,26,0.0,26,,,0.0,26,0.0,26,92.0,35,8.0,13,0.0,26,0.0,26,0.0,26,0.0,26,59.0,36,38.0,42,0.0,26
"Arroyo Municipio, Puerto Rico",23.0,38,,,0.0,24,0.0,24,0.0,24,0.0,24,0.0,24,0.0,24,0.0,24,0.0,24,,,0.0,24,0.0,24,0.0,24,0.0,24,0.0,24,0.0,24,0.0,24,0.0,24,0.0,24,0.0,24,0.0,24
"Arthur County, Nebraska",3.0,7,,,0.0,10,0.0,10,0.0,10,0.0,10,0.0,10,0.0,10,0.0,10,0.0,10,,,0.0,10,0.0,10,2.0,5,0.0,10,0.0,10,0.0,10,0.0,10,0.0,10,0.0,10,0.0,10,0.0,10
"Ascension Parish, Louisiana",2271.0,228,,,274.0,157,0.0,33,220.0,136,118.0,116,0.0,33,0.0,33,64.0,100,0.0,33,,,0.0,33,0.0,33,637.0,280,0.0,33,16.0,34,0.0,33,0.0,33,0.0,33,63.0,76,443.0,261,0.0,33
"Ashe County, North Carolina",204.0,51,,,33.0,32,0.0,25,53.0,55,0.0,25,0.0,25,0.0,25,0.0,25,0.0,25,,,0.0,25,0.0,25,39.0,41,0.0,25,0.0,25,0.0,25,0.0,25,0.0,25,0.0,25,79.0,60,0.0,25
"Ashland County, Ohio",632.0,127,,,122.0,95,0.0,30,27.0,40,64.0,78,0.0,30,0.0,30,0.0,30,0.0,30,,,0.0,30,178.0,157,117.0,113,0.0,30,34.0,60,0.0,30,0.0,30,0.0,30,40.0,59,21.0,29,0.0,30
"Ashland County, Wisconsin",161.0,3,,,26.0,20,12.0,20,3.0,5,10.0,10,6.0,8,12.0,15,0.0,16,0.0,16,,,6.0,10,0.0,16,10.0,15,0.0,16,0.0,16,0.0,16,0.0,16,0.0,16,0.0,16,0.0,16,0.0,16
"Ashley County, Arkansas",34.0,37,,,10.0,12,0.0,20,0.0,20,0.0,20,0.0,20,0.0,20,0.0,20,0.0,20,,,0.0,20,0.0,20,13.0,13,0.0,20,0.0,20,0.0,20,0.0,20,0.0,20,0.0,20,1.0,2,0.0,20
"Ashtabula County, Ohio",758.0,98,,,65.0,72,0.0,30,145.0,93,58.0,51,0.0,30,0.0,30,13.0,21,0.0,30,,,0.0,30,10.0,17,149.0,117,0.0,30,0.0,30,0.0,30,0.0,30,0.0,30,32.0,37,77.0,98,0.0,30
"Asotin County, Washington",381.0,33,,,25.0,30,0.0,25,0.0,25,72.0,57,0.0,25,0.0,25,0.0,25,0.0,25,,,0.0,25,0.0,25,252.0,68,0.0,25,0.0,25,0.0,25,0.0,25,0.0,25,3.0,18,14.0,22,0.0,25
"Assumption Parish, Louisiana",297.0,238,,,0.0,26,0.0,26,0.0,26,9.0,18,0.0,26,0.0,26,0.0,26,0.0,26,,,0.0,26,0.0,26,118.0,146,0.0,26,0.0,26,0.0,26,0.0,26,0.0,26,0.0,26,140.0,199,0.0,26
"Atascosa County, Texas",334.0,67,,,16.0,36,0.0,35,0.0,35,32.0,65,0.0,35,0.0,35,0.0,35,0.0,35,,,0.0,35,0.0,35,115.0,91,0.0,35,0.0,35,0.0,35,0.0,35,0.0,35,0.0,35,9.0,25,0.0,35
"Atchison County, Kansas",259.0,83,,,60.0,67,0.0,18,19.0,21,0.0,18,0.0,18,0.0,18,0.0,18,0.0,18,,,0.0,18,0.0,18,137.0,52,0.0,18,0.0,18,0.0,18,0.0,18,0.0,18,20.0,33,11.0,22,0.0,18
"Atchison County, Missouri",11.0,19,,,0.0,17,0.0,17,2.0,4,0.0,17,0.0,17,0.0,17,0.0,17,0.0,17,,,0.0,17,0.0,17,4.0,6,0.0,17,0.0,17,0.0,17,0.0,17,0.0,17,0.0,17,5.0,17,0.0,17
"Athens County, Ohio",2342.0,169,,,547.0,249,0.0,30,103.0,77,264.0,189,0.0,30,0.0,30,11.0,30,0.0,30,,,0.0,30,24.0,30,206.0,151,86.0,116,0.0,30,0.0,30,0.0,30,1.0,4,121.0,78,449.0,294,0.0,30
"Atkinson County, Georgia",42.0,53,,,0.0,20,0.0,20,42.0,53,0.0,20,0.0,20,0.0,20,0.0,20,0.0,20,,,0.0,20,0.0,20,0.0,20,0.0,20,0.0,20,0.0,20,0.0,20,0.0,20,0.0,20,0.0,20,0.0,20
"Atlantic County, New Jersey",25228.0,379,,,4462.0,717,0.0,32,736.0,339,1532.0,545,5.0,8,0.0,32,41.0,40,0.0,32,,,63.0,72,58.0,89,3972.0,848,0.0,32,63.0,72,0.0,32,0.0,32,0.0,32,416.0,287,3553.0,886,0.0,32
"Atoka County, Oklahoma",178.0,23,,,15.0,23,0.0,16,25.0,49,19.0,31,0.0,16,0.0,16,0.0,16,0.0,16,,,102.0,76,0.0,16,5.0,7,0.0,16,0.0,16,0.0,16,0.0,16,0.0,16,0.0,16,12.0,20,0.0,16
"Attala County, Mississippi",69.0,60,,,27.0,39,0.0,22,16.0,24,0.0,22,0.0,22,0.0,22,0.0,22,0.0,22,,,0.0,22,0.0,22,7.0,12,0.0,22,0.0,22,0.0,22,0.0,22,0.0,22,19.0,47,0.0,22,0.0,22
"Audrain County, Missouri",224.0,18,,,34.0,54,0.0,22,0.0,22,0.0,22,0.0,22,0.0,22,0.0,22,0.0,22,,,0.0,22,33.0,43,122.0,82,0.0,22,0.0,22,0.0,22,0.0,22,0.0,22,0.0,22,35.0,50,0.0,22
"Audubon County, Iowa",3.0,9,,,0.0,15,0.0,15,0.0,15,3.0,9,0.0,15,0.0,15,0.0,15,0.0,15,,,0.0,15,0.0,15,0.0,15,0.0,15,0.0,15,0.0,15,0.0,15,0.0,15,0.0,15,0.0,15,0.0,15
"Auglaize County, Ohio",381.0,15,,,17.0,28,0.0,27,112.0,93,18.0,24,0.0,27,0.0,27,0.0,27,0.0,27,,,0.0,27,0.0,27,103.0,86,0.0,27,11.0,19,0.0,27,0.0,27,0.0,27,0.0,27,0.0,27,0.0,27
"Augusta County, Virginia",791.0,90,,,130.0,122,0.0,31,55.0,110,30.0,35,0.0,31,0.0,31,0.0,31,0.0,31,,,0.0,31,0.0,31,99.0,100,0.0,31,0.0,31,0.0,31,0.0,31,0.0,31,23.0,31,38.0,43,0.0,31
"Aurora County, South Dakota",13.0,13,,,0.0,10,0.0,10,0.0,10,0.0,10,0.0,10,0.0,10,0.0,10,0.0,10,,,0.0,10,0.0,10,13.0,13,0.0,10,0.0,10,0.0,10,0.0,10,0.0,10,0.0,10,0.0,10,0.0,10
"Austin County, Texas",289.0,20,,,0.0,31,0.0,31,4.0,12,24.0,36,0.0,31,0.0,31,0.0,31,0.0,31,,,0.0,31,0.0,31,0.0,31,0.0,31,0.0,31,0.0,31,0.0,31,0.0,31,11.0,16,55.0,85,0.0,31
"Autauga County, Alabama",1104.0,146,,,199.0,218,0.0,31,233.0,220,160.0,130,0.0,31,0.0,31,0.0,31,0.0,31,,,0.0,31,0.0,31,305.0,189,0.0,31,0.0,31,0.0,31,0.0,31,0.0,31,36.0,60,0.0,31,0.0,31
"Avery County, North Carolina",114.0,108,,,9.0,14,0.0,21,17.0,40,25.0,61,0.0,21,0.0,21,0.0,21,0.0,21,,,0.0,21,0.0,21,7.0,13,18.0,38,0.0,21,0.0,21,0.0,21,0.0,21,0.0,21,0.0,21,0.0,21
"Avoyelles Parish, Louisiana",296.0,46,,,87.0,95,0.0,30,7.0,7,7.0,13,0.0,30,0.0,30,0.0,30,0.0,30,,,0.0,30,0.0,30,114.0,116,0.0,30,0.0,30,0.0,30,0.0,30,0.0,30,0.0,30,68.0,79,0.0,30
"Añasco Municipio, Puerto Rico",37.0,46,,,0.0,28,0.0,28,0.0,28,0.0,28,0.0,28,0.0,28,0.0,28,0.0,28,,,0.0,28,0.0,28,0.0,28,0.0,28,0.0,28,0.0,28,0.0,28,0.0,28,0.0,28,0.0,28,0.0,28
"Baca County, Colorado",87.0,41,,,0.0,13,0.0,13,0.0,13,0.0,13,0.0,13,0.0,13,0.0,13,0.0,13,,,0.0,13,0.0,13,33.0,21,0.0,13,0.0,13,0.0,13,0.0,13,0.0,13,0.0,13,54.0,45,0.0,13
"Bacon County, Georgia",105.0,121,,,0.0,23,0.0,23,0.0,23,0.0,23,0.0,23,0.0,23,0.0,23,0.0,23,,,0.0,23,0.0,23,39.0,53,0.0,23,0.0,23,0.0,23,0.0,23,0.0,23,0.0,23,9.0,14,0.0,23
"Bailey County, Texas",226.0,108,,,0.0,21,0.0,21,0.0,21,0.0,21,0.0,21,0.0,21,0.0,21,0.0,21,,,0.0,21,0.0,21,0.0,21,0.0,21,0.0,21,0.0,21,0.0,21,0.0,21,0.0,21,0.0,21,0.0,21
"Baker County, Florida",385.0,106,,,103.0,101,0.0,28,18.0,30,18.0,34,0.0,28,0.0,28,0.0,28,0.0,28,,,0.0,28,24.0,28,91.0,99,0.0,28,0.0,28,0.0,28,0.0,28,0.0,28,36.0,40,8.0,14,0.0,28
"Baker County, Georgia",161.0,135,,,0.0,14,0.0,14,0.0,14,0.0,14,0.0,14,0.0,14,0.0,14,0.0,14,,,0.0,14,0.0,14,9.0,16,0.0,14,0.0,14,0.0,14,0.0,14,0.0,14,0.0,14,152.0,138,0.0,14
"Baker County, Oregon",231.0,35,,,16.0,31,0.0,21,22.0,25,0.0,21,0.0,21,0.0,21,0.0,21,0.0,21,,,0.0,21,29.0,44,22.0,24,0.0,21,0.0,21,0.0,21,0.0,21,0.0,21,127.0,58,15.0,31,0.0,21
"Baldwin County, Alabama",4179.0,395,,,640.0,357,0.0,31,398.0,153,303.0,182,0.0,31,0.0,31,6.0,11,0.0,31,,,0.0,31,0.0,31,1086.0,500,170.0,257,137.0,170,52.0,74,0.0,31,0.0,31,307.0,257,240.0,167,0.0,31
"Baldwin County, Georgia",866.0,45,,,47.0,61,0.0,30,9.0,17,505.0,223,0.0,30,0.0,30,61.0,79,0.0,30,,,0.0,30,0.0,30,7.0,19,12.0,25,0.0,30,0.0,30,0.0,30,0.0,30,13.0,25,0.0,30,0.0,30
"Ballard County, Kentucky",62.0,41,,,0.0,18,0.0,18,11.0,19,0.0,18,0.0,18,0.0,18,0.0,18,0.0,18,,,0.0,18,0.0,18,13.0,18,0.0,18,0.0,18,0.0,18,0.0,18,0.0,18,0.0,18,17.0,23,0.0,18
"Baltimore County, Maryland",62900.0,942,,,8671.0,1212,0.0,32,1920.0,618,4739.0,645,118.0,140,12.0,18,606.0,288,57.0,79,,,3161.0,872,343.0,179,9118.0,1380,35.0,34,163.0,163,4.0,6,0.0,32,8.0,18,459.0,182,2832.0,704,19.0,29
"Baltimore city, Maryland",20767.0,592,,,4690.0,537,18.0,22,964.0,268,2639.0,400,53.0,73,14.0,20,494.0,188,1.0,7,,,75.0,113,35.0,50,2985.0,515,369.0,276,31.0,56,9.0,11,0.0,32,95.0,93,201.0,95,1107.0,318,0.0,32
"Bamberg County, South Carolina",74.0,81,,,1.0,3,0.0,22,0.0,22,23.0,27,0.0,22,0.0,22,0.0,22,0.0,22,,,0.0,22,0.0,22,1.0,3,0.0,22,0.0,22,0.0,22,0.0,22,0.0,22,0.0,22,48.0,78,0.0,22
"Bandera County, Texas",211.0,39,,,0.0,28,0.0,28,88.0,51,4.0,6,0.0,28,0.0,28,0.0,28,0.0,28,,,0.0,28,0.0,28,93.0,66,0.0,28,0.0,28,0.0,28,0.0,28,0.0,28,0.0,28,22.0,25,0.0,28
"Banks County, Georgia",364.0,95,,,60.0,58,0.0,23,0.0,23,65.0,64,0.0,23,0.0,23,0.0,23,0.0,23,,,0.0,23,0.0,23,73.0,67,0.0,23,0.0,23,0.0,23,0.0,23,0.0,23,0.0,23,166.0,87,0.0,23
"Banner County, Nebraska",7.0,10,,,0.0,10,0.0,10,0.0,10,7.0,10,0.0,10,0.0,10,0.0,10,0.0,10,,,0.0,10,0.0,10,0.0,10,0.0,10,0.0,10,0.0,10,0.0,10,0.0,10,0.0,10,0.0,10,0.0,10
"Bannock County, Idaho",2424.0,136,,,199.0,111,0.0,29,688.0,206,103.0,64,0.0,29,0.0,29,67.0,91,0.0,29,,,35.0,45,0.0,29,465.0,161,208.0,185,0.0,29,0.0,29,0.0,29,0.0,29,89.0,93,128.0,153,0.0,29
"Baraga County, Michigan",69.0,15,,,19.0,17,0.0,15,1.0,3,17.0,17,0.0,15,0.0,15,0.0,15,0.0,15,,,0.0,15,0.0,15,1.0,3,0.0,15,0.0,15,0.0,15,0.0,15,0.0,15,0.0,15,0.0,15,0.0,15
"Barber County, Kansas",39.0,26,,,0.0,11,0.0,11,0.0,11,5.0,10,0.0,11,0.0,11,0.0,11,0.0,11,,,0.0,11,13.0,14,0.0,11,0.0,11,0.0,11,0.0,11,0.0,11,0.0,11,0.0,11,21.0,26,0.0,11
"Barbour County, Alabama",173.0,32,,,47.0,34,0.0,25,16.0,16,48.0,28,0.0,25,0.0,25,0.0,25,0.0,25,,,0.0,25,0.0,25,7.0,10,0.0,25,0.0,25,0.0,25,0.0,25,0.0,25,0.0,25,5.0,10,0.0,25
"Barbour County, West Virginia",110.0,85,,,0.0,20,0.0,20,30.0,60,0.0,20,0.0,20,0.0,20,0.0,20,0.0,20,,,0.0,20,0.0,20,77.0,68,0.0,20,0.0,20,0.0,20,0.0,20,0.0,20,3.0,8,0.0,20,0.0,20
"Barceloneta Municipio, Puerto Rico",306.0,215,,,0.0,28,0.0,28,0.0,28,0.0,28,0.0,28,0.0,28,0.0,28,0.0,28,,,0.0,28,0.0,28,0.0,28,0.0,28,0.0,28,0.0,28,0.0,28,0.0,28,0.0,28,0.0,28,0.0,28
"Barnes County, North Dakota",159.0,5,,,0.0,16,0.0,16,13.0,16,10.0,18,0.0,16,1.0,3,0.0,16,0.0,16,,,13.0,26,0.0,16,103.0,41,0.0,16,0.0,16,0.0,16,0.0,16,0.0,16,0.0,16,0.0,16,0.0,16
"Barnstable County, Massachusetts",5061.0,242,,,1132.0,402,0.0,32,491.0,207,193.0,125,0.0,32,0.0,32,331.0,348,0.0,32,,,0.0,32,86.0,168,578.0,266,85.0,78,13.0,26,10.0,22,0.0,32,10.0,22,355.0,261,208.0,167,0.0,32
"Barnwell County, South Carolina",223.0,26,,,59.0,83,0.0,26,0.0,26,0.0,26,0.0,26,0.0,26,0.0,26,0.0,26,,,0.0,26,0.0,26,30.0,44,0.0,26,0.0,26,0.0,26,0.0,26,0.0,26,0.0,26,0.0,26,0.0,26
"Barranquitas Municipio, Puerto Rico",0.0,28,,,0.0,28,0.0,28,0.0,28,0.0,28,0.0,28,0.0,28,0.0,28,0.0,28,,,0.0,28,0.0,28,0.0,28,0.0,28,0.0,28,0.0,28,0.0,28,0.0,28,0.0,28,0.0,28,0.0,28
"Barren County, Kentucky",432.0,48,,,24.0,40,0.0,27,138.0,111,87.0,89,0.0,27,0.0,27,0.0,27,0.0,27,,,0.0,27,0.0,27,149.0,91,0.0,27,0.0,27,0.0,27,0.0,27,0.0,27,0.0,27,11.0,19,0.0,27
"Barron County, Wisconsin",454.0,12,,,19.0,18,33.0,28,46.0,28,38.0,22,0.0,21,0.0,21,0.0,21,0.0,21,,,0.0,21,57.0,43,110.0,49,0.0,21,0.0,21,0.0,21,0.0,21,0.0,21,59.0,54,0.0,21,0.0,21
"Barrow County, Georgia",4032.0,119,,,155.0,134,2179.0,424,25.0,26,276.0,157,0.0,34,0.0,34,0.0,34,0.0,34,,,0.0,34,95.0,86,261.0,122,34.0,55,155.0,122,0.0,34,0.0,34,0.0,34,11.0,15,260.0,180,0.0,34
"Barry County, Michigan",599.0,61,,,40.0,40,0.0,26,195.0,94,152.0,113,0.0,26,0.0,26,0.0,26,0.0,26,,,18.0,30,0.0,26,18.0,19,31.0,50,0.0,26,0.0,26,0.0,26,0.0,26,0.0,26,125.0,96,0.0,26
"Barry County, Missouri",887.0,220,,,27.0,37,294.0,165,0.0,25,164.0,130,0.0,25,0.0,25,0.0,25,0.0,25,,,223.0,89,0.0,25,4.0,7,0.0,25,0.0,25,0.0,25,0.0,25,0.0,25,40.0,73,45.0,53,0.0,25
"Bartholomew County, Indiana",6880.0,193,,,671.0,264,0.0,30,341.0,230,395.0,248,0.0,30,0.0,30,0.0,30,41.0,65,,,67.0,99,0.0,30,234.0,142,81.0,105,0.0,30,13.0,19,0.0,30,47.0,71,0.0,30,211.0,174,0.0,30
"Barton County, Kansas",121.0,21,,,19.0,25,0.0,21,6.0,11,52.0,53,20.0,35,0.0,21,0.0,21,0.0,21,,,0.0,21,0.0,21,0.0,21,0.0,21,3.0,7,0.0,21,0.0,21,0.0,21,0.0,21,0.0,21,0.0,21
"Barton County, Missouri",23.0,28,,,0.0,19,0.0,19,18.0,27,2.0,3,0.0,19,3.0,6,0.0,19,0.0,19,,,0.0,19,0.0,19,0.0,19,0.0,19,0.0,19,0.0,19,0.0,19,0.0,19,0.0,19,0.0,19,0.0,19
"Bartow County, Georgia",1779.0,194,,,49.0,43,0.0,34,109.0,86,81.0,71,0.0,34,0.0,34,28.0,47,0.0,34,,,0.0,34,91.0,114,711.0,309,0.0,34,7.0,14,33.0,56,0.0,34,0.0,34,0.0,34,254.0,226,0.0,34
"Bastrop County, Texas",1521.0,327,,,220.0,209,0.0,35,290.0,272,20.0,25,0.0,35,0.0,35,0.0,35,0.0,35,,,0.0,35,0.0,35,320.0,218,0.0,35,14.0,24,0.0,35,0.0,35,0.0,35,5.0,11,419.0,290,0.0,35
"Bates County, Missouri",93.0,3,,,5.0,11,0.0,19,4.0,7,11.0,15,0.0,19,0.0,19,14.0,23,0.0,19,,,0.0,19,0.0,19,54.0,30,0.0,19,0.0,19,0.0,19,0.0,19,0.0,19,0.0,19,0.0,19,0.0,19
"Bath County, Kentucky",18.0,28,,,0.0,20,0.0,20,0.0,20,18.0,28,0.0,20,0.0,20,0.0,20,0.0,20,,,0.0,20,0.0,20,0.0,20,0.0,20,0.0,20,0.0,20,0.0,20,0.0,20,0.0,20,0.0,20,0.0,20
"Bath County, Virginia",60.0,70,,,11.0,22,0.0,13,0.0,13,0.0,13,0.0,13,0.0,13,0.0,13,0.0,13,,,0.0,13,0.0,13,29.0,39,0.0,13,0.0,13,0.0,13,0.0,13,0.0,13,0.0,13,0.0,13,0.0,13
"Baxter County, Arkansas",329.0,7,,,9.0,12,0.0,27,4.0,6,50.0,49,0.0,27,0.0,27,35.0,46,0.0,27,,,0.0,27,0.0,27,152.0,89,0.0,27,35.0,63,0.0,27,0.0,27,0.0,27,1.0,2,6.0,14,0.0,27
"Bay County, Florida",6439.0,214,,,378.0,161,0.0,35,295.0,168,742.0,262,8.0,13,0.0,35,56.0,47,0.0,35,,,0.0,35,0.0,35,1781.0,394,18.0,30,21.0,36,0.0,35,0.0,35,0.0,35,559.0,243,1554.0,532,0.0,35
"Bay County, Michigan",1013.0,191,,,142.0,101,47.0,67,233.0,157,239.0,163,0.0,26,0.0,26,10.0,17,56.0,76,,,0.0,26,25.0,37,88.0,96,0.0,26,0.0,26,0.0,26,0.0,26,0.0,26,0.0,26,64.0,61,0.0,26
"Bayamón Municipio, Puerto Rico",726.0,295,,,341.0,205,0.0,35,21.0,24,13.0,21,0.0,35,0.0,35,0.0,35,0.0,35,,,0.0,35,0.0,35,65.0,69,0.0,35,0.0,35,0.0,35,0.0,35,0.0,35,0.0,35,0.0,35,0.0,35
"Bayfield County, Wisconsin",189.0,37,,,28.0,19,13.0,18,10.0,10,29.0,17,1.0,2,0.0,16,19.0,18,0.0,16,,,0.0,16,0.0,16,44.0,27,7.0,8,0.0,16,6.0,8,0.0,16,0.0,16,1.0,2,3.0,4,0.0,16
"Baylor County, Texas",0.0,15,,,0.0,15,0.0,15,0.0,15,0.0,15,0.0,15,0.0,15,0.0,15,0.0,15,,,0.0,15,0.0,15,0.0,15,0.0,15,0.0,15,0.0,15,0.0,15,0.0,15,0.0,15,0.0,15,0.0,15
"Beadle County, South Dakota",2020.0,268,,,0.0,16,276.0,287,35.0,58,0.0,16,35.0,58,0.0,16,0.0,16,0.0,16,,,946.0,574,0.0,16,162.0,216,0.0,16,0.0,16,0.0,16,0.0,16,0.0,16,172.0,239,346.0,400,0.0,16
"Bear Lake County, Idaho",48.0,17,,,0.0,17,0.0,17,0.0,17,4.0,7,0.0,17,0.0,17,0.0,17,0.0,17,,,6.0,11,0.0,17,36.0,16,0.0,17,0.0,17,0.0,17,0.0,17,0.0,17,0.0,17,0.0,17,0.0,17
"Beaufort County, North Carolina",337.0,68,,,21.0,29,0.0,29,10.0,12,27.0,25,0.0,29,0.0,29,0.0,29,0.0,29,,,0.0,29,0.0,29,65.0,76,2.0,3,0.0,29,0.0,29,0.0,29,0.0,29,0.0,29,172.0,71,0.0,29
"Beaufort County, South Carolina",3753.0,244,,,494.0,275,76.0,73,481.0,268,296.0,192,0.0,33,0.0,33,13.0,21,0.0,33,,,0.0,33,8.0,15,1138.0,316,43.0,88,86.0,138,0.0,33,0.0,33,0.0,33,274.0,181,437.0,342,0.0,33
"Beauregard Parish, Louisiana",389.0,27,,,9.0,11,0.0,30,21.0,24,34.0,41,0.0,30,0.0,30,1.0,3,0.0,30,,,0.0,30,14.0,15,134.0,60,0.0,30,49.0,55,0.0,30,0.0,30,0.0,30,60.0,19,6.0,10,0.0,30
"Beaver County, Oklahoma",39.0,37,,,2.0,4,0.0,15,6.0,8,26.0,36,0.0,15,0.0,15,0.0,15,0.0,15,,,0.0,15,0.0,15,0.0,15,0.0,15,0.0,15,0.0,15,0.0,15,0.0,15,0.0,15,5.0,7,0.0,15
"Beaver County, Pennsylvania",1784.0,170,,,415.0,150,0.0,27,205.0,95,377.0,157,0.0,27,0.0,27,26.0,30,0.0,27,,,0.0,27,0.0,27,298.0,113,15.0,22,0.0,27,0.0,27,0.0,27,0.0,27,21.0,25,18.0,29,0.0,27
"Beaver County, Utah",52.0,66,,,0.0,17,0.0,17,45.0,64,0.0,17,0.0,17,0.0,17,0.0,17,0.0,17,,,0.0,17,0.0,17,0.0,17,0.0,17,7.0,18,0.0,17,0.0,17,0.0,17,0.0,17,0.0,17,0.0,17
"Beaverhead County, Montana",93.0,4,,,9.0,10,0.0,15,17.0,24,0.0,15,0.0,15,0.0,15,0.0,15,0.0,15,,,0.0,15,0.0,15,67.0,28,0.0,15,0.0,15,0.0,15,0.0,15,0.0,15,0.0,15,0.0,15,0.0,15
"Becker County, Minnesota",383.0,29,,,77.0,41,0.0,20,39.0,28,68.0,46,0.0,20,4.0,5,0.0,20,0.0,20,,,9.0,11,18.0,26,30.0,25,0.0,20,39.0,52,0.0,20,0.0,20,0.0,20,0.0,20,32.0,30,0.0,20
"Beckham County, Oklahoma",226.0,119,,,60.0,64,0.0,19,15.0,26,11.0,21,0.0,19,0.0,19,0.0,19,0.0,19,,,0.0,19,0.0,19,123.0,143,15.0,22,0.0,19,0.0,19,0.0,19,0.0,19,0.0,19,0.0,19,0.0,19
"Bedford County, Pennsylvania",474.0,200,,,20.0,16,0.0,24,55.0,45,59.0,49,0.0,24,0.0,24,0.0,24,0.0,24,,,0.0,24,0.0,24,130.0,61,0.0,24,0.0,24,0.0,24,0.0,24,0.0,24,3.0,5,62.0,53,0.0,24
"Bedford County, Tennessee",622.0,95,,,139.0,136,0.0,32,30.0,38,81.0,95,0.0,32,0.0,32,0.0,32,0.0,32,,,0.0,32,0.0,32,111.0,76,0.0,32,170.0,135,0.0,32,0.0,32,0.0,32,0.0,32,28.0,61,0.0,32
"Bedford County, Virginia",1591.0,138,,,282.0,135,0.0,31,125.0,115,98.0,102,0.0,31,0.0,31,0.0,31,0.0,31,,,0.0,31,34.0,42,398.0,206,12.0,22,0.0,31,0.0,31,0.0,31,9.0,14,37.0,42,93.0,116,0.0,31
"Bee County, Texas",231.0,12,,,14.0,27,0.0,31,16.0,33,0.0,31,0.0,31,0.0,31,0.0,31,0.0,31,,,0.0,31,0.0,31,100.0,96,7.0,12,6.0,13,0.0,31,0.0,31,0.0,31,0.0,31,0.0,31,0.0,31
"Belknap County, New Hampshire",1009.0,61,,,136.0,105,0.0,29,0.0,29,53.0,56,15.0,23,0.0,29,0.0,29,0.0,29,,,0.0,29,1.0,3,262.0,166,0.0,29,137.0,146,0.0,29,0.0,29,0.0,29,33.0,32,38.0,42,0.0,29
"Bell County, Kentucky",66.0,72,,,0.0,24,0.0,24,26.0,46,5.0,9,0.0,24,0.0,24,0.0,24,0.0,24,,,0.0,24,0.0,24,20.0,28,0.0,24,0.0,24,0.0,24,0.0,24,0.0,24,15.0,24,0.0,24,0.0,24
"Bell County, Texas",19292.0,1035,,,1580.0,616,38.0,52,1938.0,593,4276.0,715,0.0,35,36.0,62,167.0,148,0.0,35,,,45.0,94,421.0,416,4643.0,865,87.0,111,204.0,202,0.0,35,0.0,35,0.0,35,518.0,248,1960.0,637,0.0,35
"Belmont County, Ohio",545.0,51,,,104.0,92,4.0,8,8.0,14,91.0,85,0.0,30,0.0,30,0.0,30,0.0,30,,,0.0,30,0.0,30,120.0,77,0.0,30,0.0,30,0.0,30,0.0,30,0.0,30,0.0,30,54.0,48,0.0,30
"Beltrami County, Minnesota",564.0,97,,,154.0,72,47.0,45,45.0,33,105.0,53,0.0,20,0.0,20,0.0,20,0.0,20,,,0.0,20,0.0,20,103.0,78,0.0,20,18.0,25,0.0,20,0.0,20,0.0,20,18.0,29,58.0,40,0.0,20
"Ben Hill County, Georgia",91.0,110,,,23.0,39,0.0,23,17.0,54,10.0,25,0.0,23,0.0,23,0.0,23,0.0,23,,,0.0,23,0.0,23,0.0,23,0.0,23,0.0,23,0.0,23,0.0,23,0.0,23,0.0,23,0.0,23,0.0,23
"Benewah County, Idaho",28.0,25,,,8.0,12,0.0,17,0.0,17,3.0,5,0.0,17,0.0,17,0.0,17,0.0,17,,,4.0,5,0.0,17,8.0,12,0.0,17,0.0,17,0.0,17,0.0,17,0.0,17,3.0,5,0.0,17,0.0,17
"Bennett County, South Dakota",54.0,56,,,6.0,10,0.0,10,0.0,10,0.0,10,0.0,10,0.0,10,0.0,10,0.0,10,,,0.0,10,0.0,10,48.0,55,0.0,10,0.0,10,0.0,10,0.0,10,0.0,10,0.0,10,0.0,10,0.0,10
"Bennington County, Vermont",583.0,67,,,123.0,51,0.0,22,58.0,43,75.0,52,1.0,2,0.0,22,0.0,22,0.0,22,,,1.0,4,1.0,2,79.0,54,0.0,22,5.0,9,0.0,22,0.0,22,0.0,22,7.0,11,15.0,13,0.0,22
"Benson County, North Dakota",42.0,26,,,0.0,15,0.0,15,3.0,4,0.0,15,0.0,15,0.0,15,0.0,15,0.0,15,,,0.0,15,0.0,15,31.0,27,0.0,15,8.0,8,0.0,15,0.0,15,0.0,15,0.0,15,0.0,15,0.0,15
"Bent County, Colorado",50.0,35,,,0.0,19,0.0,19,6.0,11,0.0,19,0.0,19,0.0,19,0.0,19,0.0,19,,,0.0,19,0.0,19,5.0,9,0.0,19,0.0,19,0.0,19,0.0,19,0.0,19,0.0,19,3.0,6,0.0,19
"Benton County, Arkansas",16324.0,538,,,1232.0,443,547.0,263,623.0,336,578.0,248,42.0,58,84.0,88,182.0,162,0.0,30,,,28.0,50,93.0,91,1577.0,459,6.0,10,858.0,508,82.0,102,0.0,30,0.0,30,144.0,131,1425.0,455,0.0,30
"Benton County, Indiana",35.0,36,,,0.0,18,0.0,18,0.0,18,9.0,14,0.0,18,0.0,18,0.0,18,0.0,18,,,0.0,18,0.0,18,26.0,32,0.0,18,0.0,18,0.0,18,0.0,18,0.0,18,0.0,18,0.0,18,0.0,18
"Benton County, Iowa",176.0,9,,,23.0,25,0.0,19,0.0,19,71.0,35,0.0,19,0.0,19,0.0,19,0.0,19,,,0.0,19,0.0,19,18.0,17,0.0,19,7.0,10,0.0,19,0.0,19,0.0,19,3.0,4,17.0,17,0.0,19
"Benton County, Minnesota",853.0,102,,,150.0,87,86.0,82,26.0,33,45.0,46,0.0,20,0.0,20,0.0,20,0.0,20,,,0.0,20,74.0,115,154.0,88,76.0,75,0.0,20,0.0,20,0.0,20,0.0,20,0.0,20,141.0,120,0.0,20
"Benton County, Mississippi",34.0,52,,,0.0,20,0.0,20,0.0,20,1.0,2,0.0,20,0.0,20,0.0,20,0.0,20,,,0.0,20,0.0,20,31.0,51,0.0,20,0.0,20,0.0,20,0.0,20,0.0,20,0.0,20,0.0,20,0.0,20
"Benton County, Missouri",155.0,26,,,54.0,44,0.0,19,30.0,40,37.0,46,0.0,19,0.0,19,0.0,19,0.0,19,,,0.0,19,0.0,19,34.0,39,0.0,19,0.0,19,0.0,19,0.0,19,0.0,19,0.0,19,0.0,19,0.0,19
"Benton County, Oregon",8767.0,295,,,3021.0,389,17.0,28,921.0,266,1252.0,419,8.0,12,0.0,31,139.0,97,0.0,31,,,37.0,40,61.0,53,1096.0,368,90.0,82,0.0,31,9.0,16,0.0,31,9.0,14,191.0,122,488.0,179,0.0,31
"Benton County, Tennessee",166.0,90,,,118.0,87,0.0,21,0.0,21,0.0,21,0.0,21,0.0,21,0.0,21,0.0,21,,,0.0,21,0.0,21,27.0,33,0.0,21,0.0,21,0.0,21,0.0,21,0.0,21,0.0,21,0.0,21,0.0,21
"Benton County, Washington",9658.0,417,,,1276.0,389,125.0,183,827.0,221,1016.0,355,68.0,108,52.0,63,97.0,94,0.0,31,,,231.0,234,49.0,69,2229.0,515,101.0,103,173.0,129,0.0,31,0.0,31,0.0,31,199.0,162,912.0,384,0.0,31
"Benzie County, Michigan",231.0,90,,,51.0,36,0.0,17,63.0,38,0.0,17,0.0,17,0.0,17,0.0,17,0.0,17,,,0.0,17,0.0,17,80.0,54,0.0,17,0.0,17,0.0,17,0.0,17,0.0,17,0.0,17,23.0,18,0.0,17
"Bergen County, New Jersey",178016.0,964,,,25263.0,1938,0.0,32,8159.0,1209,64121.0,2754,27.0,33,0.0,32,1465.0,417,48.0,79,,,43.0,57,152.0,147,28078.0,1992,758.0,381,90.0,110,62.0,101,0.0,32,56.0,48,1201.0,504,2519.0,665,0.0,32
"Berkeley County, South Carolina",8855.0,329,,,906.0,319,42.0,58,569.0,209,811.0,288,0.0,33,0.0,33,24.0,36,0.0,33,,,0.0,33,63.0,70,4395.0,676,0.0,33,264.0,189,0.0,33,0.0,33,0.0,33,246.0,176,770.0,326,0.0,33
"Berkeley County, West Virginia",2419.0,202,,,102.0,91,0.0,30,359.0,199,396.0,212,0.0,30,1.0,2,47.0,75,0.0,30,,,36.0,41,17.0,27,460.0,182,23.0,39,66.0,89,0.0,30,0.0,30,0.0,30,46.0,63,217.0,138,0.0,30
"Berks County, Pennsylvania",8417.0,521,,,963.0,266,14.0,33,502.0,194,915.0,460,0.0,27,25.0,41,19.0,24,0.0,27,,,35.0,39,103.0,76,1247.0,328,0.0,27,202.0,143,0.0,27,0.0,27,0.0,27,76.0,63,1331.0,439,0.0,27
"Berkshire County, Massachusetts",3129.0,206,,,585.0,156,0.0,32,251.0,137,377.0,174,0.0,32,0.0,32,54.0,53,0.0,32,,,17.0,22,78.0,99,177.0,107,28.0,54,57.0,91,103.0,108,0.0,32,0.0,32,58.0,65,109.0,77,0.0,32
"Bernalillo County, New Mexico",30488.0,1483,,,4980.0,1006,19.0,31,3218.0,687,2092.0,459,57.0,83,10.0,19,331.0,198,0.0,31,,,0.0,31,70.0,79,7415.0,1167,280.0,145,344.0,227,14.0,21,0.0,31,0.0,31,553.0,286,4847.0,732,0.0,31
"Berrien County, Georgia",346.0,115,,,0.0,23,0.0,23,0.0,23,97.0,111,0.0,23,0.0,23,0.0,23,0.0,23,,,162.0,123,0.0,23,13.0,29,0.0,23,0.0,23,0.0,23,0.0,23,0.0,23,0.0,23,74.0,81,0.0,23
"Berrien County, Michigan",4356.0,196,,,528.0,206,0.0,26,261.0,141,469.0,146,0.0,26,0.0,26,20.0,34,2.0,4,,,55.0,54,7.0,11,1222.0,285,351.0,254,17.0,29,54.0,73,0.0,26,15.0,24,53.0,66,110.0,107,0.0,26
"Bertie County, North Carolina",219.0,95,,,26.0,27,0.0,21,0.0,21,127.0,160,0.0,21,0.0,21,0.0,21,0.0,21,,,0.0,21,0.0,21,8.0,17,0.0,21,0.0,21,0.0,21,0.0,21,0.0,21,0.0,21,0.0,21,0.0,21
"Bethel Census Area, Alaska",291.0,14,,,4.0,5,0.0,16,0.0,16,170.0,83,0.0,16,0.0,16,0.0,16,0.0,16,,,0.0,16,0.0,16,85.0,97,0.0,16,0.0,16,0.0,16,0.0,16,0.0,16,0.0,16,0.0,16,0.0,16
"Bexar County, Texas",96856.0,1829,,,11625.0,1339,333.0,468,6768.0,1028,8755.0,1237,16.0,27,147.0,138,749.0,334,20.0,30,,,883.0,635,325.0,182,25221.0,1938,530.0,265,355.0,223,111.0,135,0.0,35,43.0,50,2406.0,738,9346.0,1286,0.0,35
"Bibb County, Alabama",156.0,198,,,0.0,25,0.0,25,0.0,25,23.0,39,0.0,25,0.0,25,0.0,25,0.0,25,,,0.0,25,0.0,25,0.0,25,0.0,25,0.0,25,0.0,25,0.0,25,0.0,25,0.0,25,0.0,25,0.0,25
"Bibb County, Georgia",4505.0,366,,,429.0,203,0.0,34,130.0,91,683.0,267,0.0,34,0.0,34,21.0,41,0.0,34,,,33.0,36,0.0,34,424.0,172,0.0,34,189.0,153,1.0,4,0.0,34,0.0,34,178.0,268,648.0,258,0.0,34
"Bienville Parish, Louisiana",41.0,47,,,0.0,22,0.0,22,1.0,4,0.0,22,0.0,22,0.0,22,0.0,22,0.0,22,,,0.0,22,0.0,22,3.0,4,0.0,22,0.0,22,0.0,22,0.0,22,0.0,22,30.0,46,0.0,22,0.0,22
"Big Horn County, Montana",296.0,182,,,0.0,17,0.0,17,26.0,33,0.0,17,0.0,17,0.0,17,0.0,17,0.0,17,,,0.0,17,0.0,17,257.0,188,0.0,17,0.0,17,0.0,17,0.0,17,0.0,17,0.0,17,0.0,17,0.0,17
"Big Horn County, Wyoming",100.0,13,,,22.0,26,0.0,20,12.0,17,0.0,20,0.0,20,0.0,20,0.0,20,0.0,20,,,0.0,20,0.0,20,33.0,32,0.0,20,6.0,13,0.0,20,0.0,20,0.0,20,24.0,27,0.0,20,0.0,20
"Big Stone County, Minnesota",67.0,29,,,9.0,10,0.0,13,8.0,9,8.0,7,0.0,13,0.0,13,0.0,13,0.0,13,,,0.0,13,0.0,13,29.0,20,0.0,13,0.0,13,0.0,13,0.0,13,0.0,13,0.0,13,0.0,13,0.0,13
"Billings County, North Dakota",0.0,10,,,0.0,10,0.0,10,0.0,10,0.0,10,0.0,10,0.0,10,0.0,10,0.0,10,,,0.0,10,0.0,10,0.0,10,0.0,10,0.0,10,0.0,10,0.0,10,0.0,10,0.0,10,0.0,10,0.0,10
"Bingham County, Idaho",739.0,117,,,33.0,45,0.0,26,313.0,119,198.0,110,0.0,26,0.0,26,0.0,26,0.0,26,,,0.0,26,0.0,26,112.0,95,0.0,26,0.0,26,0.0,26,0.0,26,0.0,26,0.0,26,16.0,27,0.0,26
"Black Hawk County, Iowa",4592.0,223,,,298.0,144,0.0,24,365.0,309,610.0,219,8.0,14,0.0,24,71.0,79,0.0,24,,,867.0,409,27.0,45,457.0,283,0.0,24,176.0,143,0.0,24,0.0,24,0.0,24,85.0,76,445.0,264,2.0,3
"Blackford County, Indiana",42.0,39,,,23.0,40,0.0,20,0.0,20,0.0,20,0.0,20,0.0,20,0.0,20,0.0,20,,,0.0,20,0.0,20,0.0,20,0.0,20,0.0,20,0.0,20,0.0,20,0.0,20,0.0,20,12.0,20,0.0,20
"Bladen County, North Carolina",67.0,65,,,10.0,17,0.0,25,0.0,25,42.0,60,0.0,25,0.0,25,0.0,25,0.0,25,,,0.0,25,0.0,25,15.0,21,0.0,25,0.0,25,0.0,25,0.0,25,0.0,25,0.0,25,0.0,25,0.0,25
"Blaine County, Idaho",192.0,174,,,117.0,130,0.0,23,56.0,86,0.0,23,0.0,23,0.0,23,0.0,23,0.0,23,,,0.0,23,0.0,23,19.0,36,0.0,23,0.0,23,0.0,23,0.0,23,0.0,23,0.0,23,0.0,23,0.0,23
"Blaine County, Montana",0.0,15,,,0.0,15,0.0,15,0.0,15,0.0,15,0.0,15,0.0,15,0.0,15,0.0,15,,,0.0,15,0.0,15,0.0,15,0.0,15,0.0,15,0.0,15,0.0,15,0.0,15,0.0,15,0.0,15,0.0,15
"Blaine County, Nebraska",0.0,10,,,0.0,10,0.0,10,0.0,10,0.0,10,0.0,10,0.0,10,0.0,10,0.0,10,,,0.0,10,0.0,10,0.0,10,0.0,10,0.0,10,0.0,10,0.0,10,0.0,10,0.0,10,0.0,10,0.0,10
"Blaine County, Oklahoma",5.0,6,,,0.0,15,0.0,15,0.0,15,0.0,15,0.0,15,0.0,15,0.0,15,0.0,15,,,0.0,15,0.0,15,0.0,15,0.0,15,0.0,15,0.0,15,0.0,15,0.0,15,0.0,15,0.0,15,0.0,15
"Blair County, Pennsylvania",1313.0,89,,,267.0,154,0.0,27,97.0,81,149.0,95,0.0,27,0.0,27,19.0,28,0.0,27,,,0.0,27,78.0,106,352.0,156,0.0,27,6.0,9,0.0,27,0.0,27,0.0,27,7.0,9,23.0,34,0.0,27
"Blanco County, Texas",194.0,107,,,0.0,23,0.0,23,92.0,99,0.0,23,0.0,23,0.0,23,0.0,23,0.0,23,,,0.0,23,0.0,23,9.0,22,0.0,23,0.0,23,0.0,23,0.0,23,0.0,23,93.0,126,0.0,23,0.0,23
"Bland County, Virginia",41.0,31,,,0.0,19,0.0,19,15.0,22,0.0,19,0.0,19,0.0,19,0.0,19,0.0,19,,,0.0,19,0.0,19,0.0,19,8.0,14,0.0,19,0.0,19,0.0,19,0.0,19,0.0,19,0.0,19,0.0,19
"Bleckley County, Georgia",175.0,25,,,51.0,60,0.0,23,3.0,7,30.0,50,0.0,23,0.0,23,0.0,23,0.0,23,,,12.0,22,0.0,23,34.0,38,0.0,23,0.0,23,0.0,23,0.0,23,0.0,23,0.0,23,14.0,25,0.0,23
"Bledsoe County, Tennessee",21.0,30,,,3.0,8,0.0,21,0.0,21,0.0,21,0.0,21,0.0,21,0.0,21,0.0,21,,,0.0,21,0.0,21,13.0,24,0.0,21,0.0,21,0.0,21,0.0,21,0.0,21,0.0,21,0.0,21,0.0,21
"Blount County, Alabama",310.0,31,,,1.0,4,0.0,31,0.0,31,7.0,31,0.0,31,0.0,31,5.0,12,0.0,31,,,0.0,31,0.0,31,246.0,70,0.0,31,0.0,31,0.0,31,0.0,31,0.0,31,0.0,31,0.0,31,0.0,31
"Blount County, Tennessee",1701.0,47,,,249.0,160,0.0,32,113.0,127,458.0,229,0.0,32,19.0,34,0.0,32,0.0,32,,,0.0,32,109.0,162,150.0,84,0.0,32,119.0,184,0.0,32,0.0,32,0.0,32,62.0,85,26.0,37,0.0,32
"Blue Earth County, Minnesota",2319.0,96,,,217.0,95,147.0,131,100.0,60,380.0,141,0.0,22,0.0,22,15.0,15,0.0,22,,,9.0,19,19.0,32,405.0,164,3.0,4,36.0,38,0.0,22,0.0,22,0.0,22,37.0,38,377.0,190,0.0,22
"Boise County, Idaho",159.0,7,,,0.0,17,0.0,17,114.0,44,0.0,17,0.0,17,0.0,17,0.0,17,0.0,17,,,0.0,17,0.0,17,26.0,31,11.0,23,0.0,17,0.0,17,0.0,17,0.0,17,0.0,17,0.0,17,0.0,17
"Bolivar County, Mississippi",322.0,7,,,18.0,27,0.0,30,8.0,13,0.0,30,0.0,30,0.0,30,0.0,30,0.0,30,,,0.0,30,0.0,30,4.0,7,0.0,30,0.0,30,8.0,16,0.0,30,0.0,30,23.0,55,151.0,133,0.0,30
"Bollinger County, Missouri",21.0,18,,,3.0,5,0.0,19,0.0,19,0.0,19,0.0,19,0.0,19,0.0,19,0.0,19,,,0.0,19,0.0,19,4.0,5,0.0,19,0.0,19,0.0,19,0.0,19,0.0,19,0.0,19,0.0,19,0.0,19
"Bon Homme County, South Dakota",13.0,19,,,0.0,15,0.0,15,2.0,7,0.0,15,0.0,15,0.0,15,0.0,15,0.0,15,,,5.0,12,0.0,15,3.0,5,0.0,15,0.0,15,0.0,15,0.0,15,0.0,15,0.0,15,0.0,15,0.0,15
"Bond County, Illinois",105.0,71,,,4.0,7,0.0,19,0.0,19,7.0,18,0.0,19,0.0,19,0.0,19,0.0,19,,,0.0,19,0.0,19,43.0,56,0.0,19,0.0,19,0.0,19,0.0,19,0.0,19,0.0,19,0.0,19,0.0,19
"Bonner County, Idaho",871.0,127,,,131.0,88,0.0,26,295.0,113,91.0,66,0.0,26,1.0,3,0.0,26,0.0,26,,,0.0,26,0.0,26,211.0,118,12.0,20,0.0,26,0.0,26,0.0,26,0.0,26,61.0,87,30.0,42,0.0,26
"Bonneville County, Idaho",2605.0,200,,,548.0,241,0.0,29,806.0,251,123.0,89,0.0,29,0.0,29,8.0,12,0.0,29,,,0.0,29,14.0,39,568.0,217,0.0,29,0.0,29,0.0,29,0.0,29,0.0,29,102.0,108,41.0,45,0.0,29
"Boone County, Arkansas",393.0,52,,,32.0,40,0.0,27,224.0,100,0.0,27,0.0,27,0.0,27,0.0,27,0.0,27,,,0.0,27,0.0,27,91.0,69,30.0,46,0.0,27,0.0,27,0.0,27,0.0,27,0.0,27,14.0,22,0.0,27
"Boone County, Illinois",1125.0,106,,,222.0,75,0.0,29,72.0,58,148.0,138,0.0,29,0.0,29,0.0,29,0.0,29,,,0.0,29,0.0,29,479.0,128,0.0,29,88.0,101,0.0,29,0.0,29,0.0,29,0.0,29,24.0,38,0.0,29
"Boone County, Indiana",3368.0,123,,,1046.0,351,0.0,30,184.0,172,77.0,76,0.0,30,0.0,30,0.0,30,0.0,30,,,0.0,30,0.0,30,240.0,186,84.0,105,0.0,30,0.0,30,0.0,30,0.0,30,19.0,22,181.0,161,0.0,30
"Boone County, Iowa",103.0,89,,,27.0,46,0.0,19,0.0,19,0.0,19,0.0,19,0.0,19,0.0,19,0.0,19,,,0.0,19,0.0,19,0.0,19,0.0,19,31.0,47,0.0,19,0.0,19,0.0,19,44.0,63,0.0,19,0.0,19
"Boone County, Kentucky",4525.0,167,,,531.0,237,16.0,24,420.0,210,352.0,194,0.0,30,0.0,30,65.0,79,0.0,30,,,8.0,13,44.0,71,891.0,324,0.0,30,0.0,30,15.0,27,0.0,30,0.0,30,73.0,68,460.0,288,0.0,30
"Boone County, Missouri",11499.0,388,,,3454.0,728,0.0,28,832.0,441,1652.0,633,18.0,27,0.0,28,161.0,141,0.0,28,,,95.0,124,739.0,424,904.0,360,13.0,23,88.0,134,0.0,28,0.0,28,0.0,28,167.0,122,978.0,366,0.0,28
"Boone County, Nebraska",42.0,24,,,0.0,15,0.0,15,0.0,15,11.0,11,0.0,15,0.0,15,0.0,15,0.0,15,,,0.0,15,0.0,15,6.0,8,0.0,15,0.0,15,0.0,15,0.0,15,0.0,15,0.0,15,0.0,15,0.0,15
"Boone County, West Virginia",54.0,14,,,29.0,24,0.0,24,0.0,24,15.0,22,0.0,24,0.0,24,0.0,24,0.0,24,,,0.0,24,0.0,24,5.0,14,0.0,24,0.0,24,0.0,24,0.0,24,0.0,24,0.0,24,5.0,9,0.0,24
"Borden County, Texas",0.0,15,,,0.0,15,0.0,15,0.0,15,0.0,15,0.0,15,0.0,15,0.0,15,0.0,15,,,0.0,15,0.0,15,0.0,15,0.0,15,0.0,15,0.0,15,0.0,15,0.0,15,0.0,15,0.0,15,0.0,15
"Bosque County, Texas",148.0,21,,,28.0,36,0.0,23,0.0,23,0.0,23,0.0,23,0.0,23,0.0,23,0.0,23,,,0.0,23,0.0,23,75.0,44,4.0,6,0.0,23,0.0,23,0.0,23,0.0,23,0.0,23,3.0,5,0.0,23
"Bossier Parish, Louisiana",3668.0,244,,,579.0,311,0.0,33,332.0,180,127.0,78,0.0,33,0.0,33,11.0,19,0.0,33,,,72.0,127,0.0,33,1063.0,344,34.0,62,0.0,33,0.0,33,0.0,33,0.0,33,161.0,140,873.0,340,0.0,33
"Botetourt County, Virginia",423.0,14,,,1.0,3,0.0,28,0.0,28,80.0,74,0.0,28,0.0,28,36.0,51,0.0,28,,,0.0,28,0.0,28,82.0,72,0.0,28,0.0,28,0.0,28,0.0,28,0.0,28,0.0,28,119.0,96,0.0,28
"Bottineau County, North Dakota",55.0,41,,,2.0,3,0.0,15,11.0,17,0.0,15,0.0,15,0.0,15,0.0,15,0.0,15,,,0.0,15,0.0,15,35.0,39,0.0,15,0.0,15,0.0,15,0.0,15,0.0,15,0.0,15,0.0,15,0.0,15
"Boulder County, Colorado",22035.0,434,,,6099.0,720,302.0,262,2728.0,461,2178.0,433,0.0,31,20.0,27,405.0,182,0.0,31,,,48.0,87,426.0,286,2230.0,494,133.0,159,30.0,26,35.0,46,0.0,31,0.0,31,360.0,187,1182.0,326,0.0,31
"Boundary County, Idaho",259.0,27,,,100.0,76,0.0,19,14.0,21,31.0,48,0.0,19,0.0,19,0.0,19,0.0,19,,,0.0,19,0.0,19,36.0,40,0.0,19,0.0,19,0.0,19,0.0,19,0.0,19,12.0,24,0.0,19,0.0,19
"Bourbon County, Kansas",229.0,34,,,0.0,18,19.0,26,21.0,24,0.0,18,0.0,18,0.0,18,0.0,18,0.0,18,,,0.0,18,37.0,47,25.0,30,0.0,18,6.0,12,0.0,18,0.0,18,0.0,18,0.0,18,25.0,44,0.0,18
"Bourbon County, Kentucky",119.0,24,,,31.0,29,0.0,24,13.0,20,0.0,24,0.0,24,0.0,24,0.0,24,0.0,24,,,0.0,24,0.0,24,11.0,18,18.0,24,0.0,24,26.0,34,0.0,24,0.0,24,0.0,24,0.0,24,0.0,24
"Bowie County, Texas",1684.0,158,,,149.0,89,0.0,35,52.0,55,205.0,148,0.0,35,0.0,35,0.0,35,0.0,35,,,0.0,35,36.0,56,492.0,247,0.0,35,0.0,35,0.0,35,0.0,35,0.0,35,92.0,115,322.0,160,0.0,35
"Bowman County, North Dakota",0.0,10,,,0.0,10,0.0,10,0.0,10,0.0,10,0.0,10,0.0,10,0.0,10,0.0,10,,,0.0,10,0.0,10,0.0,10,0.0,10,0.0,10,0.0,10,0.0,10,0.0,10,0.0,10,0.0,10,0.0,10
"Box Butte County, Nebraska",155.0,122,,,0.0,16,0.0,16,36.0,36,16.0,33,0.0,16,0.0,16,0.0,16,0.0,16,,,0.0,16,0.0,16,77.0,67,0.0,16,0.0,16,0.0,16,0.0,16,0.0,16,0.0,16,0.0,16,0.0,16
"Box Elder County, Utah",1069.0,98,,,69.0,65,14.0,28,626.0,124,128.0,86,0.0,29,0.0,29,0.0,29,0.0,29,,,0.0,29,25.0,30,62.0,41,19.0,26,0.0,29,0.0,29,0.0,29,0.0,29,6.0,8,92.0,86,0.0,29
"Boyd County, Kentucky",450.0,56,,,33.0,33,0.0,27,51.0,59,7.0,12,0.0,27,0.0,27,0.0,27,0.0,27,,,0.0,27,0.0,27,188.0,78,0.0,27,59.0,75,0.0,27,0.0,27,0.0,27,16.0,33,15.0,15,0.0,27
"Boyd County, Nebraska",0.0,10,,,0.0,10,0.0,10,0.0,10,0.0,10,0.0,10,0.0,10,0.0,10,0.0,10,,,0.0,10,0.0,10,0.0,10,0.0,10,0.0,10,0.0,10,0.0,10,0.0,10,0.0,10,0.0,10,0.0,10
"Boyle County, Kentucky",714.0,208,,,251.0,214,0.0,27,56.0,65,104.0,100,0.0,27,0.0,27,0.0,27,0.0,27,,,5.0,7,0.0,27,178.0,107,0.0,27,0.0,27,13.0,20,0.0,27,0.0,27,51.0,84,39.0,36,0.0,27
"Bracken County, Kentucky",5.0,8,,,0.0,18,0.0,18,0.0,18,0.0,18,0.0,18,0.0,18,0.0,18,0.0,18,,,0.0,18,0.0,18,0.0,18,0.0,18,0.0,18,0.0,18,0.0,18,0.0,18,0.0,18,0.0,18,0.0,18
"Bradford County, Florida",369.0,132,,,0.0,28,0.0,28,0.0,28,4.0,9,0.0,28,0.0,28,0.0,28,0.0,28,,,0.0,28,0.0,28,33.0,63,4.0,13,0.0,28,0.0,28,0.0,28,0.0,28,47.0,64,10.0,13,0.0,28
"Bradford County, Pennsylvania",559.0,14,,,67.0,41,0.0,27,100.0,46,36.0,25,0.0,27,0.0,27,0.0,27,0.0,27,,,0.0,27,3.0,7,114.0,56,35.0,42,0.0,27,0.0,27,0.0,27,0.0,27,7.0,10,15.0,13,0.0,27
"Bradley County, Arkansas",18.0,19,,,0.0,20,0.0,20,7.0,11,0.0,20,0.0,20,0.0,20,0.0,20,0.0,20,,,0.0,20,0.0,20,3.0,5,0.0,20,0.0,20,0.0,20,0.0,20,0.0,20,8.0,14,0.0,20,0.0,20
"Bradley County, Tennessee",1618.0,139,,,126.0,108,0.0,32,51.0,65,75.0,62,0.0,32,0.0,32,44.0,66,0.0,32,,,0.0,32,0.0,32,425.0,174,19.0,25,0.0,32,11.0,21,0.0,32,0.0,32,34.0,53,90.0,118,0.0,32
"Branch County, Michigan",719.0,139,,,113.0,72,0.0,23,102.0,81,66.0,51,0.0,23,0.0,23,0.0,23,0.0,23,,,0.0,23,21.0,32,104.0,66,5.0,8,4.0,7,0.0,23,0.0,23,0.0,23,21.0,32,23.0,33,0.0,23
"Brantley County, Georgia",120.0,166,,,0.0,23,0.0,23,0.0,23,0.0,23,0.0,23,0.0,23,0.0,23,0.0,23,,,0.0,23,0.0,23,0.0,23,0.0,23,0.0,23,0.0,23,0.0,23,0.0,23,0.0,23,27.0,48,0.0,23
"Braxton County, West Virginia",57.0,8,,,23.0,34,0.0,20,0.0,20,0.0,20,0.0,20,0.0,20,0.0,20,0.0,20,,,0.0,20,0.0,20,31.0,34,0.0,20,0.0,20,0.0,20,0.0,20,0.0,20,0.0,20,0.0,20,0.0,20
"Brazoria County, Texas",31583.0,700,,,5064.0,1124,0.0,35,809.0,402,1746.0,765,0.0,35,0.0,35,732.0,509,0.0,35,,,67.0,112,1165.0,681,6287.0,1283,31.0,54,13.0,22,23.0,53,0.0,35,4.0,9,88.0,85,6350.0,1194,0.0,35
"Brazos County, Texas",16727.0,453,,,3890.0,608,9.0,22,533.0,217,1893.0,446,0.0,35,10.0,20,259.0,154,17.0,32,,,108.0,142,144.0,149,1428.0,307,358.0,202,11.0,13,170.0,138,0.0,35,9.0,18,59.0,39,1112.0,410,0.0,35
"Breathitt County, Kentucky",142.0,101,,,52.0,87,0.0,20,0.0,20,40.0,60,0.0,20,0.0,20,0.0,20,0.0,20,,,0.0,20,0.0,20,0.0,20,0.0,20,0.0,20,0.0,20,0.0,20,0.0,20,0.0,20,0.0,20,0.0,20
"Breckinridge County, Kentucky",56.0,66,,,0.0,24,0.0,24,13.0,21,0.0,24,0.0,24,0.0,24,0.0,24,0.0,24,,,0.0,24,0.0,24,0.0,24,0.0,24,0.0,24,0.0,24,0.0,24,0.0,24,0.0,24,0.0,24,0.0,24
"Bremer County, Iowa",393.0,17,,,44.0,43,0.0,19,40.0,42,62.0,64,3.0,7,0.0,19,0.0,19,0.0,19,,,0.0,19,35.0,52,120.0,78,0.0,19,5.0,11,0.0,19,0.0,19,0.0,19,41.0,49,2.0,4,0.0,19
"Brevard County, Florida",25100.0,1071,,,4965.0,908,0.0,35,2375.0,630,1560.0,520,0.0,35,168.0,194,198.0,134,0.0,35,,,0.0,35,226.0,254,6797.0,1001,108.0,113,270.0,215,0.0,35,14.0,22,33.0,58,1042.0,400,2808.0,652,12.0,20
"Brewster County, Texas",274.0,254,,,12.0,22,0.0,21,52.0,83,7.0,16,0.0,21,0.0,21,0.0,21,0.0,21,,,0.0,21,0.0,21,203.0,211,0.0,21,0.0,21,0.0,21,0.0,21,0.0,21,0.0,21,0.0,21,0.0,21
"Briscoe County, Texas",0.0,15,,,0.0,15,0.0,15,0.0,15,0.0,15,0.0,15,0.0,15,0.0,15,0.0,15,,,0.0,15,0.0,15,0.0,15,0.0,15,0.0,15,0.0,15,0.0,15,0.0,15,0.0,15,0.0,15,0.0,15
"Bristol Bay Borough, Alaska",96.0,61,,,14.0,18,0.0,10,2.0,3,0.0,10,0.0,10,0.0,10,0.0,10,0.0,10,,,0.0,10,0.0,10,70.0,57,0.0,10,0.0,10,0.0,10,0.0,10,0.0,10,0.0,10,0.0,10,0.0,10
"Bristol County, Massachusetts",18410.0,486,,,3002.0,534,0.0,32,642.0,302,511.0,162,216.0,286,0.0,32,366.0,155,0.0,32,,,97.0,145,2252.0,624,2091.0,509,30.0,32,96.0,85,29.0,49,0.0,32,5.0,7,522.0,314,2252.0,607,0.0,32
"Bristol County, Rhode Island",1847.0,99,,,474.0,198,0.0,34,36.0,31,161.0,126,0.0,34,0.0,34,30.0,51,0.0,34,,,0.0,34,0.0,34,351.0,240,0.0,34,19.0,30,0.0,34,0.0,34,0.0,34,222.0,149,18.0,26,0.0,34
"Bristol city, Virginia",146.0,149,,,0.0,21,0.0,21,0.0,21,34.0,40,0.0,21,0.0,21,0.0,21,0.0,21,,,0.0,21,0.0,21,110.0,144,0.0,21,0.0,21,2.0,4,0.0,21,0.0,21,0.0,21,0.0,21,0.0,21
"Broadwater County, Montana",67.0,58,,,31.0,44,0.0,15,0.0,15,0.0,15,0.0,15,0.0,15,0.0,15,0.0,15,,,0.0,15,0.0,15,36.0,40,0.0,15,0.0,15,0.0,15,0.0,15,0.0,15,0.0,15,0.0,15,0.0,15
"Bronx County, New York",71943.0,1667,,,8212.0,1036,25.0,28,1281.0,456,2168.0,481,84.0,77,0.0,31,164.0,94,0.0,31,,,17.0,30,1351.0,437,8444.0,1271,116.0,90,301.0,318,211.0,152,0.0,31,0.0,31,242.0,177,3326.0,686,0.0,31
"Brooke County, West Virginia",165.0,24,,,0.0,24,0.0,24,5.0,9,0.0,24,0.0,24,0.0,24,2.0,9,0.0,24,,,0.0,24,0.0,24,61.0,33,8.0,13,0.0,24,0.0,24,0.0,24,0.0,24,0.0,24,84.0,24,0.0,24
"Brookings County, South Dakota",1307.0,29,,,271.0,196,1.0,3,109.0,94,56.0,51,0.0,22,0.0,22,1.0,3,0.0,22,,,14.0,24,0.0,22,151.0,108,0.0,22,0.0,22,0.0,22,0.0,22,0.0,22,0.0,22,46.0,67,0.0,22
"Brooks County, Georgia",233.0,190,,,0.0,23,0.0,23,61.0,78,4.0,7,0.0,23,0.0,23,0.0,23,0.0,23,,,0.0,23,0.0,23,91.0,122,0.0,23,0.0,23,0.0,23,0.0,23,0.0,23,0.0,23,0.0,23,0.0,23
"Brooks County, Texas",13.0,26,,,0.0,21,0.0,21,0.0,21,0.0,21,13.0,26,0.0,21,0.0,21,0.0,21,,,0.0,21,0.0,21,0.0,21,0.0,21,0.0,21,0.0,21,0.0,21,0.0,21,0.0,21,0.0,21,0.0,21
"Broome County, New York",11192.0,231,,,3518.0,573,0.0,31,363.0,137,701.0,268,0.0,31,0.0,31,69.0,61,0.0,31,,,53.0,117,0.0,31,478.0,182,14.0,19,538.0,217,19.0,31,0.0,31,0.0,31,135.0,104,514.0,195,82.0,103
"Broomfield County, Colorado",6729.0,195,,,1422.0,316,64.0,64,508.0,195,517.0,169,54.0,79,0.0,31,4.0,6,0.0,31,,,0.0,31,96.0,88,981.0,333,82.0,92,77.0,99,53.0,66,0.0,31,6.0,11,75.0,63,741.0,284,0.0,31
"Broward County, Florida",94276.0,1552,,,20314.0,2090,52.0,89,3223.0,811,2967.0,717,0.0,35,0.0,35,671.0,279,10.0,16,,,171.0,152,226.0,140,12810.0,1545,277.0,212,252.0,198,155.0,132,0.0,35,73.0,115,990.0,344,7585.0,1456,0.0,35
"Brown County, Illinois",2.0,4,,,0.0,17,0.0,17,0.0,17,0.0,17,0.0,17,0.0,17,0.0,17,0.0,17,,,0.0,17,2.0,4,0.0,17,0.0,17,0.0,17,0.0,17,0.0,17,0.0,17,0.0,17,0.0,17,0.0,17
"Brown County, Indiana",112.0,20,,,0.0,20,0.0,20,0.0,20,16.0,28,0.0,20,0.0,20,0.0,20,0.0,20,,,53.0,55,0.0,20,43.0,48,0.0,20,0.0,20,0.0,20,0.0,20,0.0,20,0.0,20,0.0,20,0.0,20
"Brown County, Kansas",69.0,70,,,53.0,68,0.0,16,1.0,2,0.0,16,0.0,16,0.0,16,0.0,16,0.0,16,,,0.0,16,0.0,16,4.0,6,0.0,16,0.0,16,0.0,16,0.0,16,0.0,16,0.0,16,0.0,16,0.0,16
"Brown County, Minnesota",249.0,26,,,39.0,38,0.0,17,9.0,14,40.0,46,0.0,17,0.0,17,0.0,17,0.0,17,,,0.0,17,5.0,13,36.0,38,0.0,17,0.0,17,2.0,3,0.0,17,0.0,17,0.0,17,37.0,47,0.0,17
"Brown County, Nebraska",9.0,9,,,0.0,10,0.0,10,0.0,10,0.0,10,0.0,10,0.0,10,0.0,10,0.0,10,,,0.0,10,0.0,10,8.0,9,0.0,10,0.0,10,0.0,10,0.0,10,0.0,10,1.0,3,0.0,10,0.0,10
"Brown County, Ohio",227.0,20,,,20.0,28,0.0,27,0.0,27,2.0,5,0.0,27,0.0,27,0.0,27,0.0,27,,,0.0,27,0.0,27,25.0,43,0.0,27,0.0,27,0.0,27,0.0,27,0.0,27,29.0,46,0.0,27,0.0,27
"Brown County, South Dakota",1408.0,86,,,282.0,183,0.0,22,51.0,77,180.0,229,0.0,22,0.0,22,0.0,22,0.0,22,,,371.0,281,0.0,22,269.0,196,0.0,22,0.0,22,0.0,22,0.0,22,0.0,22,160.0,154,44.0,71,0.0,22
"Brown County, Texas",314.0,3,,,78.0,52,0.0,31,8.0,17,2.0,6,0.0,31,0.0,31,2.0,5,0.0,31,,,0.0,31,47.0,55,26.0,39,0.0,31,0.0,31,0.0,31,0.0,31,0.0,31,0.0,31,105.0,99,0.0,31
"Brown County, Wisconsin",11309.0,351,,,720.0,264,4792.0,643,622.0,330,814.0,291,0.0,23,0.0,23,6.0,8,0.0,23,,,97.0,112,32.0,52,1204.0,346,56.0,48,117.0,96,24.0,36,0.0,23,0.0,23,51.0,69,426.0,278,0.0,23
"Brule County, South Dakota",21.0,29,,,0.0,15,0.0,15,0.0,15,10.0,17,0.0,15,0.0,15,0.0,15,0.0,15,,,0.0,15,0.0,15,11.0,22,0.0,15,0.0,15,0.0,15,0.0,15,0.0,15,0.0,15,0.0,15,0.0,15
"Brunswick County, North Carolina",1818.0,246,,,393.0,290,0.0,32,178.0,97,102.0,66,0.0,32,0.0,32,39.0,49,0.0,32,,,0.0,32,11.0,22,374.0,175,18.0,27,17.0,27,0.0,32,0.0,32,0.0,32,24.0,31,69.0,57,0.0,32
"Brunswick County, Virginia",106.0,91,,,1.0,4,0.0,21,7.0,14,47.0,66,0.0,21,0.0,21,0.0,21,0.0,21,,,0.0,21,0.0,21,34.0,40,0.0,21,0.0,21,0.0,21,0.0,21,0.0,21,0.0,21,0.0,21,0.0,21
"Bryan County, Georgia",1828.0,309,,,162.0,120,0.0,30,186.0,109,396.0,301,0.0,30,0.0,30,0.0,30,0.0,30,,,0.0,30,0.0,30,260.0,174,0.0,30,0.0,30,0.0,30,0.0,30,0.0,30,95.0,145,74.0,75,0.0,30
"Bryan County, Oklahoma",579.0,99,,,37.0,31,0.0,22,8.0,10,42.0,49,0.0,22,0.0,22,0.0,22,0.0,22,,,0.0,22,0.0,22,130.0,94,19.0,31,0.0,22,0.0,22,0.0,22,0.0,22,11.0,17,164.0,102,0.0,22
"Buchanan County, Iowa",165.0,9,,,4.0,9,0.0,19,15.0,22,0.0,19,0.0,19,0.0,19,0.0,19,0.0,19,,,0.0,19,0.0,19,106.0,53,4.0,9,0.0,19,0.0,19,0.0,19,0.0,19,3.0,7,0.0,19,0.0,19
"Buchanan County, Missouri",1867.0,161,,,406.0,230,0.0,28,373.0,195,85.0,79,0.0,28,0.0,28,0.0,28,0.0,28,,,80.0,141,9.0,15,206.0,117,0.0,28,0.0,28,0.0,28,0.0,28,0.0,28,24.0,38,263.0,146,0.0,28
"Buchanan County, Virginia",103.0,55,,,0.0,21,0.0,21,19.0,23,6.0,12,0.0,21,0.0,21,0.0,21,0.0,21,,,0.0,21,0.0,21,40.0,50,0.0,21,0.0,21,0.0,21,0.0,21,0.0,21,0.0,21,38.0,40,0.0,21
"Buckingham County, Virginia",86.0,68,,,0.0,21,0.0,21,0.0,21,0.0,21,0.0,21,0.0,21,0.0,21,0.0,21,,,0.0,21,27.0,44,49.0,49,0.0,21,0.0,21,0.0,21,0.0,21,0.0,21,0.0,21,0.0,21,0.0,21
"Bucks County, Pennsylvania",40618.0,396,,,6510.0,939,0.0,27,1149.0,328,3962.0,741,224.0,213,0.0,27,305.0,223,0.0,27,,,55.0,89,329.0,180,3120.0,826,121.0,78,114.0,92,62.0,75,0.0,27,15.0,22,223.0,109,2477.0,643,0.0,27
"Buena Vista County, Iowa",2203.0,36,,,14.0,20,796.0,474,24.0,36,44.0,49,0.0,19,0.0,19,0.0,19,0.0,19,,,527.0,336,0.0,19,65.0,86,0.0,19,693.0,290,0.0,19,0.0,19,0.0,19,35.0,73,0.0,19,0.0,19
"Buena Vista city, Virginia",113.0,82,,,6.0,13,0.0,19,0.0,19,0.0,19,0.0,19,0.0,19,0.0,19,0.0,19,,,0.0,19,0.0,19,53.0,64,0.0,19,0.0,19,0.0,19,0.0,19,0.0,19,0.0,19,35.0,53,0.0,19
"Buffalo County, Nebraska",1050.0,151,,,422.0,192,0.0,24,165.0,104,187.0,164,0.0,24,0.0,24,0.0,24,0.0,24,,,0.0,24,0.0,24,4.0,5,0.0,24,0.0,24,8.0,20,0.0,24,0.0,24,17.0,23,69.0,93,0.0,24
"Buffalo County, South Dakota",0.0,10,,,0.0,10,0.0,10,0.0,10,0.0,10,0.0,10,0.0,10,0.0,10,0.0,10,,,0.0,10,0.0,10,0.0,10,0.0,10,0.0,10,0.0,10,0.0,10,0.0,10,0.0,10,0.0,10,0.0,10
"Buffalo County, Wisconsin",96.0,16,,,8.0,7,0.0,16,5.0,6,28.0,23,0.0,16,0.0,16,0.0,16,0.0,16,,,0.0,16,0.0,16,16.0,16,23.0,18,0.0,16,0.0,16,0.0,16,0.0,16,0.0,16,16.0,18,0.0,16
"Bullitt County, Kentucky",890.0,38,,,49.0,58,0.0,30,156.0,114,126.0,99,0.0,30,0.0,30,0.0,30,0.0,30,,,44.0,62,0.0,30,28.0,35,0.0,30,0.0,30,0.0,30,0.0,30,0.0,30,14.0,25,151.0,207,0.0,30
"Bulloch County, Georgia",1887.0,272,,,300.0,128,6.0,9,101.0,85,89.0,86,0.0,34,0.0,34,3.0,7,0.0,34,,,0.0,34,0.0,34,394.0,220,0.0,34,0.0,34,3.0,14,0.0,34,0.0,34,65.0,74,137.0,164,0.0,34
"Bullock County, Alabama",108.0,99,,,0.0,21,0.0,21,0.0,21,0.0,21,0.0,21,0.0,21,0.0,21,0.0,21,,,0.0,21,0.0,21,61.0,82,0.0,21,0.0,21,0.0,21,0.0,21,0.0,21,0.0,21,0.0,21,0.0,21
"Buncombe County, North Carolina",4906.0,129,,,704.0,238,0.0,32,712.0,236,610.0,244,0.0,32,0.0,32,74.0,80,0.0,32,,,7.0,11,31.0,44,849.0,250,46.0,36,34.0,53,0.0,32,0.0,32,0.0,32,218.0,144,121.0,80,0.0,32
"Bureau County, Illinois",432.0,25,,,36.0,34,34.0,35,23.0,27,0.0,26,0.0,26,1.0,2,0.0,26,0.0,26,,,0.0,26,2.0,4,235.0,66,4.0,7,5.0,8,0.0,26,25.0,26,0.0,26,0.0,26,12.0,11,0.0,26
"Burke County, Georgia",226.0,90,,,0.0,27,0.0,27,7.0,17,107.0,83,0.0,27,0.0,27,0.0,27,0.0,27,,,0.0,27,0.0,27,22.0,36,0.0,27,0.0,27,0.0,27,0.0,27,0.0,27,0.0,27,0.0,27,0.0,27
"Burke County, North Carolina",3454.0,47,,,230.0,152,1796.0,356,75.0,67,51.0,67,0.0,32,0.0,32,48.0,53,0.0,32,,,0.0,32,81.0,95,543.0,274,0.0,32,279.0,260,0.0,32,0.0,32,0.0,32,125.0,106,96.0,88,0.0,32
"Burke County, North Dakota",72.0,9,,,0.0,10,10.0,11,2.0,4,0.0,10,0.0,10,3.0,4,0.0,10,0.0,10,,,0.0,10,0.0,10,31.0,17,0.0,10,12.0,15,0.0,10,0.0,10,0.0,10,0.0,10,14.0,13,0.0,10
"Burleigh County, North Dakota",1562.0,236,,,166.0,93,0.0,24,144.0,99,62.0,71,0.0,24,1.0,4,5.0,9,0.0,24,,,0.0,24,0.0,24,612.0,167,0.0,24,0.0,24,0.0,24,0.0,24,0.0,24,156.0,125,105.0,90,0.0,24
"Burleson County, Texas",251.0,137,,,5.0,9,0.0,23,0.0,23,33.0,43,0.0,23,0.0,23,0.0,23,0.0,23,,,0.0,23,0.0,23,141.0,170,0.0,23,0.0,23,0.0,23,0.0,23,0.0,23,0.0,23,42.0,54,0.0,23
"Burlington County, New Jersey",33499.0,711,,,3668.0,723,17.0,29,1607.0,391,3934.0,714,36.0,38,101.0,145,694.0,338,0.0,32,,,0.0,32,275.0,181,5176.0,822,104.0,106,35.0,35,76.0,95,0.0,32,13.0,21,331.0,193,956.0,414,0.0,32
"Burnet County, Texas",715.0,119,,,35.0,35,0.0,35,32.0,29,43.0,33,0.0,35,0.0,35,0.0,35,0.0,35,,,0.0,35,0.0,35,287.0,97,0.0,35,0.0,35,0.0,35,0.0,35,0.0,35,0.0,35,77.0,102,0.0,35
"Burnett County, Wisconsin",126.0,4,,,14.0,13,55.0,30,13.0,12,6.0,9,5.0,7,0.0,16,0.0,16,0.0,16,,,0.0,16,0.0,16,26.0,20,0.0,16,0.0,16,0.0,16,0.0,16,0.0,16,0.0,16,0.0,16,0.0,16
"Burt County, Nebraska",67.0,19,,,12.0,13,0.0,15,37.0,27,6.0,9,0.0,15,0.0,15,0.0,15,0.0,15,,,0.0,15,0.0,15,0.0,15,0.0,15,0.0,15,0.0,15,0.0,15,0.0,15,0.0,15,0.0,15,0.0,15
"Butler County, Alabama",292.0,21,,,0.0,21,0.0,21,43.0,62,42.0,48,0.0,21,0.0,21,0.0,21,0.0,21,,,0.0,21,0.0,21,17.0,30,0.0,21,0.0,21,0.0,21,0.0,21,0.0,21,0.0,21,0.0,21,0.0,21
"Butler County, Iowa",180.0,22,,,0.0,16,0.0,16,16.0,20,39.0,52,0.0,16,0.0,16,0.0,16,0.0,16,,,22.0,31,0.0,16,97.0,61,0.0,16,0.0,16,0.0,16,0.0,16,0.0,16,0.0,16,0.0,16,0.0,16
"Butler County, Kansas",1469.0,107,,,309.0,151,0.0,27,64.0,85,161.0,156,0.0,27,0.0,27,0.0,27,0.0,27,,,11.0,14,4.0,6,316.0,167,0.0,27,0.0,27,0.0,27,0.0,27,0.0,27,45.0,45,62.0,53,0.0,27
"Butler County, Kentucky",66.0,22,,,28.0,21,0.0,20,1.0,3,1.0,3,0.0,20,0.0,20,0.0,20,0.0,20,,,0.0,20,0.0,20,11.0,12,0.0,20,0.0,20,0.0,20,0.0,20,0.0,20,0.0,20,2.0,5,0.0,20
"Butler County, Missouri",540.0,38,,,8.0,6,0.0,25,17.0,27,208.0,168,0.0,25,0.0,25,0.0,25,0.0,25,,,0.0,25,0.0,25,148.0,130,0.0,25,0.0,25,0.0,25,0.0,25,0.0,25,0.0,25,158.0,136,0.0,25
"Butler County, Nebraska",107.0,31,,,0.0,15,0.0,15,43.0,36,0.0,15,0.0,15,0.0,15,0.0,15,0.0,15,,,0.0,15,0.0,15,64.0,41,0.0,15,0.0,15,0.0,15,0.0,15,0.0,15,0.0,15,0.0,15,0.0,15
"Butler County, Ohio",20100.0,537,,,5179.0,938,0.0,30,630.0,300,1196.0,449,0.0,30,40.0,63,135.0,127,0.0,30,,,24.0,27,556.0,409,2971.0,811,0.0,30,0.0,30,40.0,59,0.0,30,15.0,25,203.0,160,1963.0,669,0.0,30
"Butler County, Pennsylvania",4205.0,218,,,939.0,295,0.0,27,261.0,128,360.0,201,0.0,27,0.0,27,20.0,25,0.0,27,,,0.0,27,274.0,216,515.0,229,37.0,45,0.0,27,14.0,24,0.0,27,0.0,27,121.0,142,164.0,138,0.0,27
"Butte County, California",15458.0,469,,,1620.0,376,5400.0,740,1353.0,423,639.0,277,0.0,32,0.0,32,146.0,120,0.0,32,,,35.0,43,133.0,106,2499.0,490,236.0,168,501.0,251,0.0,32,477.0,257,0.0,32,128.0,69,956.0,335,0.0,32
"Butte County, Idaho",0.0,12,,,0.0,12,0.0,12,0.0,12,0.0,12,0.0,12,0.0,12,0.0,12,0.0,12,,,0.0,12,0.0,12,0.0,12,0.0,12,0.0,12,0.0,12,0.0,12,0.0,12,0.0,12,0.0,12,0.0,12
"Butte County, South Dakota",88.0,6,,,0.0,16,0.0,16,0.0,16,18.0,29,0.0,16,0.0,16,0.0,16,0.0,16,,,0.0,16,0.0,16,42.0,34,0.0,16,0.0,16,0.0,16,0.0,16,0.0,16,0.0,16,8.0,17,0.0,16
"Butts County, Georgia",71.0,78,,,24.0,30,0.0,27,5.0,13,0.0,27,0.0,27,0.0,27,0.0,27,0.0,27,,,0.0,27,0.0,27,6.0,13,0.0,27,0.0,27,0.0,27,0.0,27,0.0,27,0.0,27,6.0,13,0.0,27
"Cabarrus County, North Carolina",14716.0,413,,,1263.0,422,285.0,340,243.0,142,619.0,369,0.0,32,0.0,32,0.0,32,0.0,32,,,0.0,32,130.0,140,1843.0,691,12.0,21,117.0,123,26.0,40,0.0,32,0.0,32,67.0,59,658.0,293,0.0,32
"Cabell County, West Virginia",1608.0,107,,,300.0,140,0.0,30,159.0,106,121.0,94,0.0,30,0.0,30,0.0,30,0.0,30,,,39.0,45,0.0,30,323.0,169,0.0,30,0.0,30,0.0,30,0.0,30,0.0,30,36.0,37,51.0,50,0.0,30
"Cabo Rojo Municipio, Puerto Rico",407.0,308,,,183.0,228,0.0,32,0.0,32,17.0,28,0.0,32,0.0,32,0.0,32,0.0,32,,,0.0,32,0.0,32,0.0,32,0.0,32,0.0,32,0.0,32,0.0,32,0.0,32,0.0,32,0.0,32,0.0,32
"Cache County, Utah",4240.0,96,,,737.0,293,0.0,29,535.0,192,238.0,142,0.0,29,0.0,29,47.0,57,0.0,29,,,173.0,137,504.0,331,811.0,321,0.0,29,0.0,29,0.0,29,0.0,29,0.0,29,118.0,104,218.0,186,0.0,29
"Caddo County, Oklahoma",90.0,41,,,25.0,26,0.0,19,13.0,12,2.0,3,0.0,19,0.0,19,0.0,19,0.0,19,,,0.0,19,15.0,24,8.0,6,0.0,19,0.0,19,0.0,19,0.0,19,0.0,19,1.0,3,0.0,19,0.0,19
"Caddo Parish, Louisiana",4528.0,359,,,1123.0,426,0.0,33,115.0,125,338.0,407,0.0,33,0.0,33,0.0,33,0.0,33,,,0.0,33,172.0,201,1392.0,380,0.0,33,0.0,33,0.0,33,0.0,33,0.0,33,63.0,58,360.0,202,0.0,33
"Caguas Municipio, Puerto Rico",613.0,365,,,114.0,94,0.0,35,0.0,35,0.0,35,0.0,35,0.0,35,0.0,35,0.0,35,,,0.0,35,0.0,35,0.0,35,0.0,35,0.0,35,0.0,35,0.0,35,0.0,35,0.0,35,0.0,35,0.0,35
"Calaveras County, California",1492.0,139,,,206.0,156,0.0,29,220.0,213,22.0,142,0.0,29,0.0,29,164.0,151,0.0,29,,,0.0,29,36.0,69,633.0,336,0.0,29,0.0,29,0.0,29,0.0,29,0.0,29,0.0,29,3.0,5,0.0,29
"Calcasieu Parish, Louisiana",3932.0,175,,,63.0,56,61.0,96,333.0,225,134.0,114,0.0,33,0.0,33,8.0,20,0.0,33,,,0.0,33,213.0,174,393.0,217,0.0,33,140.0,137,0.0,33,0.0,33,0.0,33,56.0,45,494.0,314,0.0,33
"Caldwell County, Kentucky",0.0,20,,,0.0,20,0.0,20,0.0,20,0.0,20,0.0,20,0.0,20,0.0,20,0.0,20,,,0.0,20,0.0,20,0.0,20,0.0,20,0.0,20,0.0,20,0.0,20,0.0,20,0.0,20,0.0,20,0.0,20
"Caldwell County, Missouri",72.0,3,,,7.0,10,0.0,17,15.0,13,0.0,17,0.0,17,0.0,17,0.0,17,0.0,17,,,0.0,17,0.0,17,30.0,17,0.0,17,0.0,17,0.0,17,0.0,17,0.0,17,11.0,14,1.0,2,0.0,17
"Caldwell County, North Carolina",1021.0,250,,,51.0,63,0.0,32,243.0,149,140.0,128,79.0,112,0.0,32,0.0,32,0.0,32,,,0.0,32,0.0,32,193.0,127,12.0,24,14.0,27,0.0,32,0.0,32,0.0,32,11.0,21,154.0,138,0.0,32
"Caldwell County, Texas",537.0,118,,,153.0,128,0.0,31,64.0,64,4.0,12,0.0,31,0.0,31,0.0,31,0.0,31,,,0.0,31,0.0,31,86.0,68,0.0,31,31.0,35,0.0,31,0.0,31,0.0,31,0.0,31,0.0,31,0.0,31
"Caldwell Parish, Louisiana",34.0,49,,,0.0,20,0.0,20,4.0,9,0.0,20,0.0,20,0.0,20,0.0,20,0.0,20,,,0.0,20,0.0,20,4.0,7,0.0,20,0.0,20,0.0,20,0.0,20,0.0,20,26.0,46,0.0,20,0.0,20
"Caledonia County, Vermont",415.0,16,,,22.0,34,0.0,22,53.0,56,6.0,9,0.0,22,0.0,22,0.0,22,0.0,22,,,0.0,22,0.0,22,66.0,65,0.0,22,0.0,22,0.0,22,0.0,22,0.0,22,189.0,149,0.0,22,0.0,22
"Calhoun County, Alabama",1684.0,183,,,263.0,151,0.0,31,99.0,74,364.0,196,0.0,31,0.0,31,0.0,31,0.0,31,,,0.0,31,0.0,31,303.0,183,57.0,88,52.0,74,0.0,31,0.0,31,0.0,31,119.0,136,107.0,87,0.0,31
"Calhoun County, Arkansas",9.0,17,,,0.0,13,0.0,13,0.0,13,0.0,13,0.0,13,0.0,13,0.0,13,0.0,13,,,0.0,13,0.0,13,0.0,13,0.0,13,0.0,13,0.0,13,0.0,13,0.0,13,0.0,13,0.0,13,0.0,13
"Calhoun County, Florida",185.0,58,,,0.0,23,0.0,23,0.0,23,12.0,17,0.0,23,0.0,23,0.0,23,0.0,23,,,0.0,23,0.0,23,54.0,54,0.0,23,0.0,23,0.0,23,0.0,23,0.0,23,23.0,41,19.0,33,0.0,23
"Calhoun County, Georgia",38.0,32,,,0.0,20,2.0,5,4.0,7,0.0,20,0.0,20,0.0,20,0.0,20,0.0,20,,,0.0,20,0.0,20,22.0,23,0.0,20,0.0,20,0.0,20,0.0,20,0.0,20,0.0,20,0.0,20,0.0,20
"Calhoun County, Illinois",3.0,16,,,0.0,12,0.0,12,2.0,15,0.0,12,0.0,12,0.0,12,0.0,12,0.0,12,,,0.0,12,0.0,12,0.0,12,0.0,12,0.0,12,0.0,12,0.0,12,0.0,12,0.0,12,0.0,12,0.0,12
"Calhoun County, Iowa",71.0,21,,,2.0,3,3.0,5,0.0,15,10.0,11,0.0,15,0.0,15,0.0,15,0.0,15,,,0.0,15,1.0,2,29.0,13,0.0,15,1.0,4,0.0,15,0.0,15,0.0,15,4.0,4,4.0,8,0.0,15
"Calhoun County, Michigan",4754.0,194,,,121.0,85,0.0,26,429.0,237,391.0,155,0.0,26,81.0,107,11.0,22,51.0,99,,,1959.0,381,5.0,10,518.0,203,190.0,159,6.0,17,78.0,114,0.0,26,0.0,26,16.0,27,64.0,61,0.0,26
"Calhoun County, Mississippi",8.0,11,,,0.0,22,0.0,22,7.0,11,0.0,22,0.0,22,0.0,22,0.0,22,0.0,22,,,0.0,22,0.0,22,1.0,3,0.0,22,0.0,22,0.0,22,0.0,22,0.0,22,0.0,22,0.0,22,0.0,22
"Calhoun County, South Carolina",58.0,74,,,0.0,22,0.0,22,12.0,20,8.0,12,0.0,22,0.0,22,0.0,22,0.0,22,,,0.0,22,0.0,22,0.0,22,0.0,22,0.0,22,0.0,22,0.0,22,0.0,22,32.0,69,0.0,22,0.0,22
"Calhoun County, Texas",1110.0,42,,,441.0,164,0.0,23,19.0,32,21.0,33,0.0,23,0.0,23,187.0,96,0.0,23,,,340.0,148,0.0,23,26.0,29,0.0,23,0.0,23,0.0,23,0.0,23,0.0,23,6.0,15,41.0,61,0.0,23
"Calhoun County, West Virginia",2.0,4,,,2.0,4,0.0,18,0.0,18,0.0,18,0.0,18,0.0,18,0.0,18,0.0,18,,,0.0,18,0.0,18,0.0,18,0.0,18,0.0,18,0.0,18,0.0,18,0.0,18,0.0,18,0.0,18,0.0,18
"Callahan County, Texas",126.0,132,,,77.0,119,0.0,23,49.0,76,0.0,23,0.0,23,0.0,23,0.0,23,0.0,23,,,0.0,23,0.0,23,0.0,23,0.0,23,0.0,23,0.0,23,0.0,23,0.0,23,0.0,23,0.0,23,0.0,23
"Callaway County, Missouri",528.0,75,,,55.0,58,0.0,25,12.0,18,46.0,55,0.0,25,0.0,25,0.0,25,0.0,25,,,0.0,25,0.0,25,230.0,162,0.0,25,0.0,25,0.0,25,0.0,25,0.0,25,7.0,15,22.0,33,0.0,25
"Calloway County, Kentucky",838.0,68,,,82.0,66,0.0,27,54.0,55,74.0,98,0.0,27,0.0,27,11.0,16,0.0,27,,,0.0,27,11.0,17,227.0,143,127.0,153,0.0,27,0.0,27,0.0,27,0.0,27,0.0,27,1.0,2,0.0,27
"Calumet County, Wisconsin",1716.0,174,,,137.0,97,633.0,252,168.0,129,71.0,73,0.0,23,0.0,23,0.0,23,0.0,23,,,0.0,23,7.0,14,75.0,67,0.0,23,0.0,23,0.0,23,0.0,23,0.0,23,0.0,23,181.0,157,0.0,23
"Calvert County, Maryland",3472.0,337,,,197.0,147,0.0,32,521.0,235,326.0,193,0.0,32,0.0,32,0.0,32,0.0,32,,,0.0,32,0.0,32,1044.0,250,10.0,17,0.0,32,0.0,32,0.0,32,0.0,32,205.0,150,245.0,199,0.0,32
"Camas County, Idaho",0.0,12,,,0.0,12,0.0,12,0.0,12,0.0,12,0.0,12,0.0,12,0.0,12,0.0,12,,,0.0,12,0.0,12,0.0,12,0.0,12,0.0,12,0.0,12,0.0,12,0.0,12,0.0,12,0.0,12,0.0,12
"Cambria County, Pennsylvania",1030.0,29,,,93.0,54,0.0,27,79.0,50,162.0,80,3.0,4,7.0,10,7.0,11,0.0,27,,,0.0,27,0.0,27,362.0,139,0.0,27,0.0,27,0.0,27,0.0,27,0.0,27,20.0,26,69.0,63,0.0,27
"Camden County, Georgia",1771.0,266,,,177.0,115,0.0,34,281.0,125,142.0,182,0.0,34,0.0,34,0.0,34,0.0,34,,,0.0,34,124.0,164,585.0,261,8.0,15,0.0,34,0.0,34,0.0,34,0.0,34,40.0,50,63.0,68,0.0,34
"Camden County, Missouri",481.0,93,,,67.0,54,0.0,25,71.0,88,70.0,102,0.0,25,0.0,25,12.0,21,0.0,25,,,0.0,25,0.0,25,222.0,119,18.0,29,0.0,25,0.0,25,0.0,25,0.0,25,0.0,25,0.0,25,0.0,25
"Camden County, New Jersey",39465.0,1223,,,7567.0,1017,0.0,32,1449.0,535,3259.0,732,363.0,447,102.0,160,345.0,167,18.0,37,,,112.0,113,792.0,372,7532.0,955,219.0,152,0.0,32,46.0,52,0.0,32,0.0,32,79.0,69,5153.0,737,0.0,32
"Camden County, North Carolina",288.0,64,,,87.0,88,0.0,21,100.0,109,39.0,56,0.0,21,0.0,21,0.0,21,0.0,21,,,0.0,21,0.0,21,38.0,64,0.0,21,0.0,21,0.0,21,0.0,21,0.0,21,0.0,21,24.0,43,0.0,21
"Cameron County, Pennsylvania",23.0,26,,,0.0,11,0.0,11,0.0,11,0.0,11,0.0,11,0.0,11,0.0,11,0.0,11,,,0.0,11,0.0,11,21.0,25,0.0,11,0.0,11,0.0,11,0.0,11,0.0,11,0.0,11,0.0,11,0.0,11
"Cameron County, Texas",4725.0,632,,,428.0,193,0.0,35,431.0,264,134.0,110,0.0,35,0.0,35,1.0,6,0.0,35,,,0.0,35,104.0,163,1059.0,349,0.0,35,0.0,35,0.0,35,0.0,35,0.0,35,15.0,26,819.0,322,0.0,35
"Cameron Parish, Louisiana",116.0,184,,,0.0,20,0.0,20,0.0,20,0.0,20,0.0,20,0.0,20,0.0,20,0.0,20,,,0.0,20,116.0,184,0.0,20,0.0,20,0.0,20,0.0,20,0.0,20,0.0,20,0.0,20,0.0,20,0.0,20
"Camp County, Texas",197.0,58,,,0.0,23,0.0,23,54.0,77,0.0,23,0.0,23,0.0,23,0.0,23,0.0,23,,,0.0,23,0.0,23,6.0,13,0.0,23,0.0,23,0.0,23,0.0,23,0.0,23,0.0,23,92.0,72,0.0,23
"Campbell County, Kentucky",1345.0,56,,,155.0,88,0.0,30,127.0,78,145.0,85,0.0,30,0.0,30,0.0,30,0.0,30,,,0.0,30,76.0,91,190.0,110,33.0,47,18.0,28,17.0,27,0.0,30,0.0,30,8.0,12,21.0,21,0.0,30
"Campbell County, South Dakota",9.0,11,,,8.0,11,0.0,10,0.0,10,0.0,10,0.0,10,0.0,10,0.0,10,0.0,10,,,0.0,10,0.0,10,0.0,10,0.0,10,0.0,10,0.0,10,0.0,10,0.0,10,0.0,10,0.0,10,0.0,10
"Campbell County, Tennessee",202.0,11,,,135.0,54,0.0,29,0.0,29,1.0,2,0.0,29,0.0,29,0.0,29,0.0,29,,,0.0,29,0.0,29,6.0,11,0.0,29,20.0,34,0.0,29,0.0,29,0.0,29,0.0,29,0.0,29,0.0,29
"Campbell County, Virginia",843.0,71,,,125.0,123,0.0,31,46.0,44,75.0,78,0.0,31,0.0,31,0.0,31,0.0,31,,,0.0,31,0.0,31,145.0,113,0.0,31,0.0,31,0.0,31,0.0,31,0.0,31,47.0,60,303.0,268,0.0,31
"Campbell County, Wyoming",548.0,27,,,5.0,11,0.0,27,23.0,52,56.0,78,0.0,27,0.0,27,0.0,27,0.0,27,,,0.0,27,67.0,125,370.0,207,0.0,27,0.0,27,0.0,27,0.0,27,0.0,27,0.0,27,27.0,58,0.0,27
"Camuy Municipio, Puerto Rico",0.0,32,,,0.0,32,0.0,32,0.0,32,0.0,32,0.0,32,0.0,32,0.0,32,0.0,32,,,0.0,32,0.0,32,0.0,32,0.0,32,0.0,32,0.0,32,0.0,32,0.0,32,0.0,32,0.0,32,0.0,32
"Canadian County, Oklahoma",7708.0,466,,,533.0,273,33.0,52,170.0,114,417.0,189,0.0,24,0.0,24,49.0,47,0.0,24,,,47.0,70,77.0,189,899.0,359,110.0,145,529.0,364,12.0,22,0.0,24,0.0,24,122.0,95,2641.0,603,0.0,24
"Candler County, Georgia",142.0,110,,,19.0,33,0.0,23,14.0,25,21.0,31,0.0,23,0.0,23,0.0,23,0.0,23,,,0.0,23,0.0,23,57.0,65,0.0,23,0.0,23,0.0,23,0.0,23,0.0,23,0.0,23,17.0,28,0.0,23
"Cannon County, Tennessee",80.0,111,,,0.0,21,0.0,21,66.0,107,0.0,21,0.0,21,0.0,21,0.0,21,0.0,21,,,0.0,21,0.0,21,0.0,21,0.0,21,0.0,21,0.0,21,0.0,21,0.0,21,0.0,21,0.0,21,0.0,21
"Canyon County, Idaho",5445.0,447,,,710.0,272,0.0,29,772.0,249,623.0,371,0.0,29,53.0,69,12.0,21,253.0,326,,,0.0,29,0.0,29,1583.0,308,27.0,29,152.0,121,9.0,18,0.0,29,0.0,29,345.0,207,317.0,180,0.0,29
"Canóvanas Municipio, Puerto Rico",366.0,240,,,0.0,32,0.0,32,0.0,32,0.0,32,0.0,32,0.0,32,0.0,32,0.0,32,,,0.0,32,0.0,32,0.0,32,0.0,32,0.0,32,0.0,32,0.0,32,0.0,32,0.0,32,0.0,32,0.0,32
"Cape Girardeau County, Missouri",1747.0,126,,,266.0,176,0.0,28,506.0,167,151.0,122,0.0,28,0.0,28,0.0,28,0.0,28,,,18.0,32,0.0,28,186.0,145,3.0,5,39.0,57,0.0,28,0.0,28,0.0,28,7.0,13,108.0,102,0.0,28
"Cape May County, New Jersey",1559.0,223,,,184.0,132,0.0,32,108.0,97,333.0,137,0.0,32,0.0,32,36.0,53,0.0,32,,,0.0,32,0.0,32,434.0,238,13.0,23,0.0,32,0.0,32,0.0,32,16.0,26,30.0,42,148.0,114,0.0,32
"Capitol Planning Region, Connecticut",68100.0,749,,,12467.0,1152,2.0,14,1844.0,541,3694.0,677,30.0,34,12.0,19,512.0,217,0.0,32,,,206.0,190,304.0,201,4701.0,716,174.0,113,974.0,397,165.0,145,0.0,32,43.0,42,422.0,143,4616.0,899,0.0,32
"Carbon County, Montana",52.0,58,,,0.0,17,0.0,17,0.0,17,0.0,17,0.0,17,0.0,17,0.0,17,0.0,17,,,0.0,17,0.0,17,52.0,58,0.0,17,0.0,17,0.0,17,0.0,17,0.0,17,0.0,17,0.0,17,0.0,17
"Carbon County, Pennsylvania",595.0,63,,,119.0,130,0.0,27,15.0,28,14.0,22,0.0,27,0.0,27,15.0,22,0.0,27,,,0.0,27,0.0,27,197.0,126,0.0,27,0.0,27,0.0,27,0.0,27,0.0,27,57.0,68,5.0,7,0.0,27
"Carbon County, Utah",388.0,386,,,91.0,102,0.0,23,17.0,25,17.0,26,0.0,23,0.0,23,0.0,23,0.0,23,,,0.0,23,0.0,23,115.0,102,0.0,23,0.0,23,0.0,23,0.0,23,0.0,23,0.0,23,72.0,98,0.0,23
"Carbon County, Wyoming",173.0,5,,,1.0,3,0.0,20,41.0,59,11.0,15,0.0,20,0.0,20,0.0,20,0.0,20,,,0.0,20,0.0,20,3.0,6,0.0,20,0.0,20,0.0,20,0.0,20,0.0,20,16.0,28,24.0,40,0.0,20
"Caribou County, Idaho",12.0,13,,,9.0,12,0.0,17,0.0,17,0.0,17,0.0,17,0.0,17,0.0,17,0.0,17,,,0.0,17,0.0,17,3.0,5,0.0,17,0.0,17,0.0,17,0.0,17,0.0,17,0.0,17,0.0,17,0.0,17
"Carlisle County, Kentucky",37.0,47,,,0.0,13,0.0,13,0.0,13,14.0,26,0.0,13,0.0,13,0.0,13,0.0,13,,,0.0,13,0.0,13,0.0,13,0.0,13,0.0,13,0.0,13,0.0,13,0.0,13,3.0,5,0.0,13,0.0,13
"Carlton County, Minnesota",393.0,22,,,56.0,27,35.0,39,78.0,82,5.0,7,0.0,20,0.0,20,0.0,20,1.0,3,,,0.0,20,5.0,10,161.0,81,0.0,20,9.0,12,0.0,20,0.0,20,0.0,20,2.0,4,5.0,10,0.0,20
"Carolina Municipio, Puerto Rico",635.0,227,,,221.0,114,0.0,35,0.0,35,20.0,32,0.0,35,0.0,35,0.0,35,0.0,35,,,0.0,35,0.0,35,0.0,35,0.0,35,0.0,35,0.0,35,0.0,35,0.0,35,0.0,35,0.0,35,0.0,35
"Caroline County, Maryland",478.0,44,,,85.0,76,0.0,29,59.0,61,7.0,20,0.0,29,0.0,29,0.0,29,0.0,29,,,0.0,29,0.0,29,49.0,51,0.0,29,0.0,29,0.0,29,0.0,29,0.0,29,46.0,57,47.0,52,0.0,29
"Caroline County, Virginia",555.0,97,,,58.0,79,0.0,28,39.0,114,50.0,53,0.0,28,0.0,28,0.0,28,0.0,28,,,0.0,28,0.0,28,265.0,105,0.0,28,0.0,28,0.0,28,0.0,28,0.0,28,3.0,6,15.0,22,0.0,28
"Carroll County, Arkansas",821.0,137,,,44.0,55,17.0,33,2.0,5,64.0,39,0.0,24,0.0,24,4.0,4,0.0,24,,,126.0,141,16.0,32,381.0,162,0.0,24,0.0,24,0.0,24,0.0,24,0.0,24,0.0,24,2.0,8,0.0,24
"Carroll County, Georgia",1798.0,201,,,185.0,124,0.0,34,119.0,86,83.0,69,0.0,34,0.0,34,1.0,2,0.0,34,,,43.0,65,81.0,99,346.0,171,39.0,59,105.0,97,0.0,34,0.0,34,0.0,34,190.0,162,109.0,96,0.0,34
"Carroll County, Illinois",166.0,26,,,3.0,17,0.0,19,23.0,32,19.0,25,0.0,19,0.0,19,3.0,5,0.0,19,,,0.0,19,0.0,19,12.0,11,0.0,19,0.0,19,0.0,19,0.0,19,0.0,19,0.0,19,3.0,6,0.0,19
"Carroll County, Indiana",123.0,78,,,12.0,18,0.0,24,0.0,24,0.0,24,0.0,24,0.0,24,0.0,24,0.0,24,,,0.0,24,0.0,24,46.0,51,0.0,24,0.0,24,0.0,24,0.0,24,0.0,24,0.0,24,0.0,24,0.0,24
"Carroll County, Iowa",154.0,19,,,57.0,64,9.0,16,0.0,19,66.0,61,0.0,19,0.0,19,0.0,19,0.0,19,,,18.0,29,0.0,19,1.0,2,2.0,4,0.0,19,0.0,19,0.0,19,0.0,19,0.0,19,0.0,19,0.0,19
"Carroll County, Kentucky",1.0,2,,,0.0,20,0.0,20,0.0,20,0.0,20,0.0,20,0.0,20,0.0,20,0.0,20,,,0.0,20,0.0,20,1.0,2,0.0,20,0.0,20,0.0,20,0.0,20,0.0,20,0.0,20,0.0,20,0.0,20
"Carroll County, Maryland",5580.0,154,,,941.0,266,0.0,32,246.0,149,826.0,208,0.0,32,0.0,32,61.0,51,0.0,32,,,110.0,124,43.0,49,1140.0,333,65.0,70,0.0,32,0.0,32,0.0,32,15.0,32,145.0,136,289.0,161,0.0,32
"Carroll County, Mississippi",39.0,41,,,0.0,20,0.0,20,0.0,20,0.0,20,0.0,20,0.0,20,0.0,20,0.0,20,,,0.0,20,0.0,20,22.0,31,0.0,20,0.0,20,0.0,20,0.0,20,0.0,20,0.0,20,0.0,20,0.0,20
"Carroll County, Missouri",35.0,24,,,0.0,17,0.0,17,0.0,17,0.0,17,0.0,17,0.0,17,0.0,17,0.0,17,,,0.0,17,0.0,17,18.0,19,0.0,17,0.0,17,0.0,17,0.0,17,0.0,17,0.0,17,6.0,9,0.0,17
"Carroll County, New Hampshire",516.0,23,,,63.0,35,0.0,29,29.0,36,10.0,11,0.0,29,22.0,32,0.0,29,0.0,29,,,0.0,29,0.0,29,50.0,47,10.0,10,0.0,29,0.0,29,0.0,29,0.0,29,13.0,17,64.0,42,0.0,29
"Carroll County, Ohio",53.0,64,,,31.0,50,0.0,24,13.0,20,0.0,24,0.0,24,0.0,24,0.0,24,0.0,24,,,0.0,24,0.0,24,9.0,20,0.0,24,0.0,24,0.0,24,0.0,24,0.0,24,0.0,24,0.0,24,0.0,24
"Carroll County, Tennessee",114.0,75,,,38.0,46,0.0,25,0.0,25,0.0,25,0.0,25,0.0,25,0.0,25,0.0,25,,,0.0,25,0.0,25,3.0,8,0.0,25,0.0,25,0.0,25,0.0,25,0.0,25,0.0,25,0.0,25,0.0,25
"Carroll County, Virginia",71.0,54,,,0.0,25,0.0,25,12.0,14,16.0,23,0.0,25,0.0,25,0.0,25,0.0,25,,,0.0,25,0.0,25,0.0,25,0.0,25,0.0,25,1.0,4,0.0,25,0.0,25,7.0,14,10.0,18,0.0,25
"Carson City, Nevada",2328.0,129,,,216.0,107,6.0,12,166.0,79,116.0,77,0.0,33,0.0,33,13.0,25,0.0,33,,,0.0,33,0.0,33,1122.0,295,156.0,144,0.0,33,0.0,33,0.0,33,0.0,33,0.0,33,399.0,234,0.0,33
"Carson County, Texas",14.0,19,,,8.0,11,0.0,21,0.0,21,0.0,21,6.0,8,0.0,21,0.0,21,0.0,21,,,0.0,21,0.0,21,0.0,21,0.0,21,0.0,21,0.0,21,0.0,21,0.0,21,0.0,21,0.0,21,0.0,21
"Carter County, Kentucky",99.0,138,,,0.0,24,0.0,24,0.0,24,96.0,139,0.0,24,0.0,24,0.0,24,0.0,24,,,0.0,24,0.0,24,3.0,5,0.0,24,0.0,24,0.0,24,0.0,24,0.0,24,0.0,24,0.0,24,0.0,24
"Carter County, Missouri",16.0,20,,,0.0,17,0.0,17,0.0,17,0.0,17,0.0,17,0.0,17,0.0,17,0.0,17,,,0.0,17,0.0,17,0.0,17,0.0,17,0.0,17,0.0,17,0.0,17,0.0,17,3.0,5,0.0,17,0.0,17
"Carter County, Montana",0.0,11,,,0.0,11,0.0,11,0.0,11,0.0,11,0.0,11,0.0,11,0.0,11,0.0,11,,,0.0,11,0.0,11,0.0,11,0.0,11,0.0,11,0.0,11,0.0,11,0.0,11,0.0,11,0.0,11,0.0,11
"Carter County, Oklahoma",823.0,33,,,192.0,105,0.0,22,6.0,12,69.0,70,0.0,22,0.0,22,0.0,22,31.0,43,,,65.0,91,0.0,22,144.0,86,5.0,8,2.0,6,0.0,22,0.0,22,0.0,22,92.0,117,33.0,61,0.0,22
"Carter County, Tennessee",352.0,32,,,3.0,7,0.0,32,46.0,50,148.0,153,0.0,32,0.0,32,0.0,32,0.0,32,,,0.0,32,0.0,32,91.0,135,0.0,32,16.0,167,0.0,32,0.0,32,0.0,32,0.0,32,4.0,36,0.0,32
"Carteret County, North Carolina",1454.0,282,,,150.0,79,0.0,32,327.0,185,57.0,61,0.0,32,0.0,32,8.0,16,0.0,32,,,29.0,39,0.0,32,374.0,160,0.0,32,21.0,36,0.0,32,0.0,32,0.0,32,25.0,27,256.0,139,0.0,32
"Carver County, Minnesota",4846.0,156,,,509.0,214,312.0,245,177.0,94,564.0,276,32.0,40,0.0,22,12.0,22,0.0,22,,,0.0,22,412.0,303,389.0,193,13.0,18,103.0,85,0.0,22,0.0,22,0.0,22,49.0,45,657.0,248,0.0,22
"Cascade County, Montana",1710.0,112,,,252.0,117,0.0,26,299.0,175,135.0,94,0.0,26,0.0,26,0.0,26,0.0,26,,,0.0,26,12.0,18,794.0,217,11.0,18,0.0,26,0.0,26,0.0,26,0.0,26,0.0,26,41.0,39,0.0,26
"Casey County, Kentucky",163.0,153,,,0.0,20,0.0,20,0.0,20,0.0,20,0.0,20,0.0,20,0.0,20,0.0,20,,,0.0,20,0.0,20,162.0,153,0.0,20,0.0,20,0.0,20,0.0,20,0.0,20,1.0,2,0.0,20,0.0,20
"Cass County, Illinois",143.0,35,,,28.0,33,0.0,19,0.0,19,0.0,19,0.0,19,0.0,19,0.0,19,0.0,19,,,61.0,36,0.0,19,53.0,35,0.0,19,0.0,19,0.0,19,0.0,19,0.0,19,0.0,19,0.0,19,0.0,19
"Cass County, Indiana",860.0,61,,,131.0,123,0.0,27,33.0,60,26.0,40,0.0,27,0.0,27,0.0,27,0.0,27,,,119.0,169,0.0,27,134.0,135,14.0,24,205.0,227,0.0,27,93.0,102,0.0,27,0.0,27,11.0,22,0.0,27
"Cass County, Iowa",172.0,51,,,53.0,27,0.0,16,0.0,16,48.0,26,0.0,16,0.0,16,0.0,16,0.0,16,,,0.0,16,0.0,16,23.0,27,0.0,16,0.0,16,0.0,16,0.0,16,0.0,16,0.0,16,48.0,26,0.0,16
"Cass County, Michigan",722.0,88,,,47.0,41,4.0,6,17.0,24,48.0,35,0.0,26,0.0,26,12.0,17,0.0,26,,,0.0,26,0.0,26,200.0,104,0.0,26,67.0,69,0.0,26,0.0,26,0.0,26,8.0,12,36.0,43,0.0,26
"Cass County, Minnesota",367.0,44,,,33.0,20,38.0,33,33.0,18,51.0,35,7.0,9,0.0,20,0.0,20,0.0,20,,,0.0,20,0.0,20,130.0,38,0.0,20,0.0,20,0.0,20,0.0,20,0.0,20,6.0,6,6.0,6,0.0,20
"Cass County, Missouri",1679.0,132,,,86.0,96,0.0,28,207.0,145,176.0,131,0.0,28,13.0,20,51.0,74,0.0,28,,,0.0,28,10.0,16,490.0,224,41.0,59,0.0,28,0.0,28,0.0,28,0.0,28,93.0,106,123.0,122,0.0,28
"Cass County, Nebraska",291.0,28,,,66.0,39,0.0,19,30.0,23,17.0,17,0.0,19,0.0,19,0.0,19,0.0,19,,,0.0,19,0.0,19,112.0,64,0.0,19,0.0,19,0.0,19,0.0,19,0.0,19,1.0,4,0.0,19,0.0,19
"Cass County, North Dakota",8197.0,419,,,965.0,332,15.0,18,243.0,114,1305.0,475,40.0,70,0.0,24,103.0,133,0.0,24,,,19.0,33,42.0,44,1109.0,407,0.0,24,76.0,95,0.0,24,0.0,24,0.0,24,93.0,73,684.0,336,0.0,24
"Cass County, Texas",277.0,38,,,123.0,100,0.0,28,1.0,3,0.0,28,0.0,28,0.0,28,19.0,33,0.0,28,,,0.0,28,0.0,28,26.0,23,0.0,28,0.0,28,0.0,28,0.0,28,0.0,28,0.0,28,91.0,93,3.0,5
"Cassia County, Idaho",236.0,38,,,17.0,24,0.0,23,44.0,43,17.0,20,0.0,23,0.0,23,0.0,23,0.0,23,,,36.0,50,0.0,23,85.0,73,27.0,41,0.0,23,0.0,23,0.0,23,0.0,23,0.0,23,0.0,23,0.0,23
"Castro County, Texas",91.0,57,,,0.0,21,0.0,21,0.0,21,0.0,21,0.0,21,0.0,21,0.0,21,0.0,21,,,0.0,21,0.0,21,91.0,57,0.0,21,0.0,21,0.0,21,0.0,21,0.0,21,0.0,21,0.0,21,0.0,21
"Caswell County, North Carolina",149.0,101,,,40.0,62,0.0,25,12.0,17,0.0,25,17.0,35,0.0,25,0.0,25,0.0,25,,,0.0,25,63.0,79,17.0,28,0.0,25,0.0,25,0.0,25,0.0,25,0.0,25,0.0,25,0.0,25,0.0,25
"Catahoula Parish, Louisiana",22.0,30,,,0.0,20,0.0,20,0.0,20,0.0,20,0.0,20,0.0,20,0.0,20,0.0,20,,,0.0,20,0.0,20,22.0,30,0.0,20,0.0,20,0.0,20,0.0,20,0.0,20,0.0,20,0.0,20,0.0,20
"Catawba County, North Carolina",8626.0,394,,,253.0,169,5465.0,542,112.0,89,258.0,296,0.0,32,0.0,32,15.0,26,0.0,32,,,0.0,32,0.0,32,296.0,199,0.0,32,198.0,177,0.0,32,134.0,91,0.0,32,203.0,147,547.0,300,10.0,20
"Cataño Municipio, Puerto Rico",44.0,61,,,0.0,28,0.0,28,0.0,28,0.0,28,0.0,28,0.0,28,0.0,28,0.0,28,,,0.0,28,0.0,28,0.0,28,0.0,28,0.0,28,0.0,28,0.0,28,0.0,28,0.0,28,0.0,28,0.0,28
"Catoosa County, Georgia",1485.0,175,,,254.0,139,0.0,34,123.0,172,183.0,158,0.0,34,4.0,10,0.0,34,0.0,34,,,0.0,34,13.0,27,246.0,165,0.0,34,96.0,78,0.0,34,0.0,34,0.0,34,0.0,34,93.0,78,0.0,34
"Catron County, New Mexico",24.0,35,,,0.0,13,0.0,13,0.0,13,24.0,35,0.0,13,0.0,13,0.0,13,0.0,13,,,0.0,13,0.0,13,0.0,13,0.0,13,0.0,13,0.0,13,0.0,13,0.0,13,0.0,13,0.0,13,0.0,13
"Cattaraugus County, New York",1010.0,69,,,145.0,64,0.0,31,99.0,75,65.0,61,14.0,21,0.0,31,0.0,31,0.0,31,,,5.0,8,0.0,31,235.0,118,5.0,7,0.0,31,0.0,31,0.0,31,0.0,31,45.0,56,59.0,56,0.0,31
"Cavalier County, North Dakota",23.0,29,,,0.0,10,0.0,10,0.0,10,0.0,10,0.0,10,0.0,10,0.0,10,0.0,10,,,0.0,10,0.0,10,3.0,5,0.0,10,0.0,10,0.0,10,0.0,10,0.0,10,0.0,10,0.0,10,0.0,10
"Cayey Municipio, Puerto Rico",149.0,143,,,71.0,118,0.0,32,0.0,32,0.0,32,0.0,32,0.0,32,0.0,32,0.0,32,,,0.0,32,0.0,32,0.0,32,0.0,32,0.0,32,0.0,32,0.0,32,0.0,32,0.0,32,0.0,32,0.0,32
"Cayuga County, New York",816.0,40,,,126.0,93,0.0,31,123.0,82,66.0,52,0.0,31,0.0,31,0.0,31,0.0,31,,,0.0,31,0.0,31,191.0,99,0.0,31,0.0,31,0.0,31,0.0,31,0.0,31,3.0,6,82.0,76,0.0,31
"Cecil County, Maryland",2269.0,146,,,495.0,255,0.0,32,306.0,228,126.0,144,0.0,32,0.0,32,32.0,34,0.0,32,,,0.0,32,0.0,32,540.0,291,0.0,32,0.0,32,0.0,32,0.0,32,0.0,32,0.0,32,78.0,102,0.0,32
"Cedar County, Iowa",160.0,16,,,9.0,15,0.0,16,6.0,11,68.0,50,0.0,16,0.0,16,0.0,16,0.0,16,,,0.0,16,0.0,16,64.0,49,0.0,16,0.0,16,0.0,16,0.0,16,0.0,16,0.0,16,0.0,16,0.0,16
"Cedar County, Missouri",36.0,50,,,0.0,19,0.0,19,0.0,19,0.0,19,0.0,19,0.0,19,0.0,19,0.0,19,,,0.0,19,0.0,19,36.0,50,0.0,19,0.0,19,0.0,19,0.0,19,0.0,19,0.0,19,0.0,19,0.0,19
"Cedar County, Nebraska",137.0,120,,,35.0,39,0.0,15,20.0,23,0.0,15,0.0,15,0.0,15,0.0,15,0.0,15,,,0.0,15,0.0,15,22.0,27,0.0,15,22.0,27,0.0,15,0.0,15,0.0,15,0.0,15,22.0,27,0.0,15
"Ceiba Municipio, Puerto Rico",65.0,95,,,56.0,93,0.0,24,0.0,24,0.0,24,0.0,24,0.0,24,0.0,24,0.0,24,,,0.0,24,0.0,24,0.0,24,0.0,24,0.0,24,0.0,24,0.0,24,0.0,24,0.0,24,0.0,24,0.0,24
"Centre County, Pennsylvania",11491.0,166,,,5007.0,626,0.0,27,408.0,185,1501.0,357,62.0,51,0.0,27,37.0,39,0.0,27,,,27.0,30,55.0,73,1317.0,405,0.0,27,0.0,27,172.0,159,0.0,27,4.0,9,97.0,80,308.0,155,0.0,27
"Cerro Gordo County, Iowa",678.0,49,,,265.0,126,0.0,22,12.0,19,34.0,37,0.0,22,25.0,38,0.0,22,0.0,22,,,0.0,22,0.0,22,70.0,54,2.0,4,93.0,82,0.0,22,0.0,22,0.0,22,4.0,6,91.0,45,0.0,22
"Chaffee County, Colorado",267.0,60,,,15.0,30,17.0,29,7.0,11,104.0,73,0.0,21,0.0,21,0.0,21,0.0,21,,,0.0,21,0.0,21,0.0,21,0.0,21,0.0,21,0.0,21,0.0,21,9.0,15,15.0,30,84.0,63,0.0,21
"Chambers County, Alabama",418.0,97,,,7.0,15,0.0,28,70.0,78,156.0,104,0.0,28,0.0,28,0.0,28,0.0,28,,,0.0,28,0.0,28,52.0,78,0.0,28,0.0,28,0.0,28,0.0,28,0.0,28,0.0,28,0.0,28,0.0,28
"Chambers County, Texas",770.0,31,,,83.0,125,0.0,31,0.0,31,0.0,31,0.0,31,0.0,31,0.0,31,0.0,31,,,0.0,31,42.0,265,107.0,116,0.0,31,77.0,118,0.0,31,0.0,31,0.0,31,43.0,74,161.0,229,0.0,31
"Champaign County, Illinois",25053.0,358,,,8983.0,996,7.0,12,1013.0,367,2702.0,475,138.0,121,0.0,29,580.0,262,0.0,29,,,177.0,188,41.0,43,2410.0,577,56.0,54,348.0,243,63.0,59,0.0,29,10.0,15,584.0,502,1646.0,376,0.0,29
"Champaign County, Ohio",277.0,27,,,15.0,20,0.0,27,3.0,5,42.0,60,0.0,27,0.0,27,0.0,27,0.0,27,,,0.0,27,0.0,27,99.0,81,9.0,14,0.0,27,0.0,27,0.0,27,0.0,27,0.0,27,7.0,15,0.0,27
"Chariton County, Missouri",0.0,17,,,0.0,17,0.0,17,0.0,17,0.0,17,0.0,17,0.0,17,0.0,17,0.0,17,,,0.0,17,0.0,17,0.0,17,0.0,17,0.0,17,0.0,17,0.0,17,0.0,17,0.0,17,0.0,17,0.0,17
"Charles City County, Virginia",120.0,47,,,0.0,19,0.0,19,0.0,19,0.0,19,0.0,19,0.0,19,0.0,19,0.0,19,,,0.0,19,0.0,19,41.0,28,0.0,19,0.0,19,0.0,19,0.0,19,0.0,19,1.0,2,76.0,50,0.0,19
"Charles County, Maryland",9002.0,566,,,1221.0,365,10.0,20,613.0,304,364.0,199,0.0,32,0.0,32,116.0,140,0.0,32,,,0.0,32,192.0,152,3394.0,521,8.0,13,0.0,32,145.0,157,0.0,32,0.0,32,116.0,79,470.0,230,0.0,32
"Charles Mix County, South Dakota",91.0,27,,,0.0,15,0.0,15,0.0,15,19.0,21,0.0,15,0.0,15,0.0,15,0.0,15,,,0.0,15,0.0,15,51.0,46,0.0,15,0.0,15,0.0,15,0.0,15,0.0,15,0.0,15,21.0,22,0.0,15
"Charleston County, South Carolina",10495.0,321,,,2426.0,453,5.0,10,492.0,178,933.0,285,5.0,10,0.0,33,133.0,105,0.0,33,,,118.0,116,47.0,47,2194.0,521,97.0,90,56.0,77,0.0,33,0.0,33,0.0,33,197.0,136,1010.0,374,0.0,33
"Charlevoix County, Michigan",269.0,37,,,29.0,22,41.0,32,23.0,20,35.0,33,0.0,20,0.0,20,0.0,20,0.0,20,,,0.0,20,0.0,20,92.0,67,0.0,20,0.0,20,0.0,20,0.0,20,0.0,20,0.0,20,45.0,35,0.0,20
"Charlotte County, Florida",3708.0,169,,,605.0,282,0.0,35,450.0,196,113.0,70,0.0,35,0.0,35,0.0,35,0.0,35,,,0.0,35,140.0,182,1424.0,304,81.0,101,31.0,51,23.0,38,0.0,35,0.0,35,137.0,97,338.0,186,0.0,35
"Charlotte County, Virginia",28.0,30,,,1.0,3,0.0,21,3.0,7,14.0,24,0.0,21,0.0,21,0.0,21,0.0,21,,,0.0,21,0.0,21,0.0,21,0.0,21,0.0,21,0.0,21,0.0,21,0.0,21,0.0,21,10.0,15,0.0,21
"Charlottesville city, Virginia",3950.0,56,,,1254.0,312,0.0,28,105.0,77,349.0,139,7.0,12,0.0,28,121.0,100,0.0,28,,,147.0,168,0.0,28,340.0,185,16.0,39,0.0,28,0.0,28,0.0,28,0.0,28,44.0,47,122.0,69,12.0,27
"Charlton County, Georgia",141.0,12,,,1.0,2,0.0,23,3.0,9,0.0,23,0.0,23,0.0,23,0.0,23,0.0,23,,,0.0,23,0.0,23,17.0,36,0.0,23,0.0,23,0.0,23,0.0,23,0.0,23,0.0,23,0.0,23,0.0,23
"Chase County, Kansas",27.0,22,,,9.0,15,0.0,11,0.0,11,10.0,15,0.0,11,0.0,11,0.0,11,0.0,11,,,0.0,11,0.0,11,0.0,11,0.0,11,0.0,11,0.0,11,0.0,11,0.0,11,7.0,11,1.0,2,0.0,11
"Chase County, Nebraska",81.0,63,,,0.0,10,0.0,10,0.0,10,0.0,10,0.0,10,0.0,10,0.0,10,0.0,10,,,0.0,10,0.0,10,81.0,63,0.0,10,0.0,10,0.0,10,0.0,10,0.0,10,0.0,10,0.0,10,0.0,10
"Chatham County, Georgia",12149.0,547,,,3027.0,606,0.0,34,488.0,212,1089.0,362,0.0,34,0.0,34,0.0,34,0.0,34,,,69.0,121,64.0,87,2318.0,681,118.0,92,539.0,324,38.0,47,0.0,34,0.0,34,389.0,247,1854.0,491,0.0,34
"Chatham County, North Carolina",2260.0,155,,,819.0,265,0.0,32,117.0,92,209.0,140,0.0,32,0.0,32,0.0,32,0.0,32,,,0.0,32,55.0,92,321.0,200,0.0,32,0.0,32,0.0,32,0.0,32,0.0,32,42.0,54,87.0,80,0.0,32
"Chattahoochee County, Georgia",495.0,79,,,66.0,55,16.0,35,13.0,29,43.0,48,0.0,20,0.0,20,8.0,14,0.0,20,,,0.0,20,17.0,24,256.0,109,0.0,20,0.0,20,0.0,20,0.0,20,0.0,20,3.0,10,0.0,20,0.0,20
"Chattooga County, Georgia",121.0,103,,,1.0,3,0.0,27,80.0,101,11.0,8,0.0,27,0.0,27,0.0,27,0.0,27,,,0.0,27,0.0,27,14.0,21,0.0,27,0.0,27,0.0,27,0.0,27,0.0,27,0.0,27,11.0,21,0.0,27
"Chautauqua County, Kansas",29.0,30,,,5.0,9,0.0,11,0.0,11,0.0,11,0.0,11,0.0,11,0.0,11,0.0,11,,,0.0,11,0.0,11,0.0,11,0.0,11,0.0,11,0.0,11,0.0,11,0.0,11,0.0,11,0.0,11,0.0,11
"Chautauqua County, New York",1349.0,197,,,479.0,155,0.0,31,28.0,32,85.0,50,0.0,31,0.0,31,13.0,24,0.0,31,,,0.0,31,16.0,22,240.0,95,3.0,6,44.0,72,5.0,8,0.0,31,0.0,31,11.0,11,138.0,71,0.0,31
"Chaves County, New Mexico",966.0,146,,,57.0,47,0.0,31,80.0,59,33.0,31,0.0,31,0.0,31,0.0,31,0.0,31,,,0.0,31,0.0,31,372.0,151,26.0,32,0.0,31,0.0,31,0.0,31,0.0,31,20.0,42,112.0,99,0.0,31
"Cheatham County, Tennessee",373.0,58,,,142.0,132,0.0,29,0.0,29,30.0,32,0.0,29,0.0,29,0.0,29,0.0,29,,,0.0,29,0.0,29,70.0,86,0.0,29,29.0,49,0.0,29,0.0,29,0.0,29,0.0,29,39.0,49,0.0,29
"Cheboygan County, Michigan",201.0,39,,,14.0,13,4.0,7,0.0,20,12.0,12,0.0,20,0.0,20,3.0,5,0.0,20,,,0.0,20,0.0,20,51.0,28,0.0,20,0.0,20,0.0,20,0.0,20,0.0,20,3.0,6,0.0,20,0.0,20
"Chelan County, Washington",1348.0,103,,,289.0,132,0.0,31,219.0,118,46.0,41,0.0,31,42.0,58,0.0,31,0.0,31,,,0.0,31,9.0,14,330.0,134,30.0,39,0.0,31,0.0,31,0.0,31,0.0,31,0.0,31,164.0,164,0.0,31
"Chemung County, New York",1801.0,59,,,572.0,186,0.0,31,134.0,91,159.0,80,0.0,31,0.0,31,22.0,42,0.0,31,,,0.0,31,0.0,31,150.0,79,0.0,31,0.0,31,0.0,31,0.0,31,0.0,31,44.0,57,16.0,19,0.0,31
"Chenango County, New York",455.0,41,,,80.0,59,0.0,28,16.0,17,20.0,23,0.0,28,0.0,28,4.0,5,0.0,28,,,0.0,28,0.0,28,154.0,71,0.0,28,0.0,28,0.0,28,0.0,28,0.0,28,0.0,28,0.0,28,0.0,28
"Cherokee County, Alabama",45.0,67,,,0.0,25,0.0,25,0.0,25,0.0,25,0.0,25,0.0,25,0.0,25,0.0,25,,,0.0,25,6.0,11,6.0,10,0.0,25,0.0,25,0.0,25,0.0,25,0.0,25,0.0,25,27.0,63,0.0,25
"Cherokee County, Georgia",8839.0,489,,,1329.0,420,0.0,34,810.0,358,706.0,291,0.0,34,0.0,34,90.0,81,0.0,34,,,0.0,34,422.0,359,1623.0,580,112.0,136,0.0,34,0.0,34,0.0,34,0.0,34,80.0,67,615.0,269,0.0,34
"Cherokee County, Iowa",111.0,6,,,4.0,10,0.0,16,103.0,18,0.0,16,0.0,16,0.0,16,0.0,16,0.0,16,,,0.0,16,0.0,16,0.0,16,0.0,16,0.0,16,0.0,16,0.0,16,0.0,16,0.0,16,0.0,16,0.0,16
"Cherokee County, Kansas",168.0,37,,,67.0,65,0.0,18,22.0,35,0.0,18,0.0,18,0.0,18,0.0,18,0.0,18,,,0.0,18,0.0,18,0.0,18,0.0,18,0.0,18,0.0,18,0.0,18,0.0,18,0.0,18,15.0,26,0.0,18
"Cherokee County, North Carolina",247.0,24,,,0.0,25,53.0,73,19.0,26,0.0,25,0.0,25,0.0,25,0.0,25,0.0,25,,,0.0,25,0.0,25,120.0,68,0.0,25,0.0,25,0.0,25,0.0,25,0.0,25,14.0,24,41.0,50,0.0,25
"Cherokee County, Oklahoma",806.0,100,,,122.0,60,24.0,19,17.0,25,38.0,34,0.0,22,0.0,22,0.0,22,0.0,22,,,0.0,22,0.0,22,220.0,105,0.0,22,0.0,22,0.0,22,0.0,22,0.0,22,81.0,44,130.0,79,0.0,22
"Cherokee County, South Carolina",624.0,134,,,235.0,161,0.0,33,0.0,33,105.0,102,0.0,33,0.0,33,0.0,33,0.0,33,,,0.0,33,4.0,9,39.0,63,31.0,46,0.0,33,0.0,33,0.0,33,0.0,33,31.0,46,84.0,126,0.0,33
"Cherokee County, Texas",432.0,81,,,32.0,41,0.0,35,2.0,5,6.0,14,0.0,35,0.0,35,12.0,19,0.0,35,,,0.0,35,0.0,35,298.0,102,0.0,35,0.0,35,0.0,35,0.0,35,0.0,35,0.0,35,72.0,71,0.0,35
"Cherry County, Nebraska",82.0,54,,,0.0,15,0.0,15,0.0,15,0.0,15,0.0,15,0.0,15,0.0,15,0.0,15,,,0.0,15,0.0,15,2.0,3,0.0,15,0.0,15,0.0,15,0.0,15,0.0,15,0.0,15,63.0,51,0.0,15
"Chesapeake city, Virginia",13931.0,592,,,1585.0,520,50.0,99,783.0,293,1410.0,533,0.0,31,0.0,31,76.0,76,19.0,31,,,0.0,31,62.0,76,6619.0,826,79.0,68,19.0,32,0.0,31,0.0,31,0.0,31,308.0,169,1211.0,498,0.0,31
"Cheshire County, New Hampshire",1616.0,18,,,354.0,185,0.0,29,82.0,50,76.0,55,0.0,29,0.0,29,15.0,24,0.0,29,,,0.0,29,82.0,121,360.0,170,5.0,9,77.0,93,0.0,29,0.0,29,0.0,29,4.0,10,78.0,69,0.0,29
"Chester County, Pennsylvania",42005.0,895,,,7914.0,1007,0.0,27,1384.0,585,3018.0,560,34.0,43,25.0,30,367.0,194,0.0,27,,,0.0,27,405.0,256,3261.0,822,95.0,70,17.0,27,9.0,15,0.0,27,38.0,43,302.0,181,2246.0,595,4.0,7
"Chester County, South Carolina",232.0,14,,,21.0,41,0.0,30,16.0,32,14.0,23,0.0,30,0.0,30,0.0,30,0.0,30,,,0.0,30,9.0,14,38.0,82,0.0,30,0.0,30,0.0,30,0.0,30,0.0,30,0.0,30,126.0,87,0.0,30
"Chester County, Tennessee",77.0,80,,,2.0,6,0.0,21,0.0,21,10.0,14,0.0,21,0.0,21,0.0,21,0.0,21,,,0.0,21,0.0,21,47.0,68,0.0,21,0.0,21,0.0,21,0.0,21,0.0,21,13.0,28,0.0,21,0.0,21
"Chesterfield County, South Carolina",346.0,9,,,13.0,16,0.0,30,24.0,39,30.0,30,0.0,30,0.0,30,0.0,30,0.0,30,,,0.0,30,0.0,30,153.0,71,0.0,30,38.0,52,0.0,30,0.0,30,0.0,30,0.0,30,0.0,30,0.0,30
"Chesterfield County, Virginia",17436.0,400,,,2240.0,580,0.0,31,999.0,328,2362.0,591,0.0,31,0.0,31,129.0,111,0.0,31,,,31.0,54,878.0,383,3888.0,731,5.0,8,102.0,105,0.0,31,0.0,31,0.0,31,451.0,256,1190.0,394,0.0,31
"Cheyenne County, Colorado",9.0,9,,,0.0,13,0.0,13,0.0,13,5.0,8,0.0,13,0.0,13,0.0,13,0.0,13,,,0.0,13,0.0,13,0.0,13,0.0,13,0.0,13,0.0,13,0.0,13,0.0,13,0.0,13,0.0,13,0.0,13
"Cheyenne County, Kansas",14.0,22,,,0.0,11,0.0,11,0.0,11,0.0,11,0.0,11,0.0,11,0.0,11,0.0,11,,,0.0,11,0.0,11,0.0,11,0.0,11,0.0,11,0.0,11,0.0,11,0.0,11,0.0,11,0.0,11,0.0,11
"Cheyenne County, Nebraska",94.0,62,,,0.0,15,0.0,15,10.0,20,0.0,15,0.0,15,0.0,15,0.0,15,0.0,15,,,0.0,15,0.0,15,63.0,57,0.0,15,0.0,15,0.0,15,0.0,15,0.0,15,0.0,15,0.0,15,0.0,15
"Chickasaw County, Iowa",28.0,31,,,0.0,16,0.0,16,0.0,16,0.0,16,0.0,16,0.0,16,0.0,16,0.0,16,,,0.0,16,0.0,16,28.0,31,0.0,16,0.0,16,0.0,16,0.0,16,0.0,16,0.0,16,0.0,16,0.0,16
"Chickasaw County, Mississippi",127.0,124,,,54.0,89,0.0,22,61.0,93,0.0,22,0.0,22,0.0,22,0.0,22,0.0,22,,,0.0,22,0.0,22,12.0,22,0.0,22,0.0,22,0.0,22,0.0,22,0.0,22,0.0,22,0.0,22,0.0,22
"Chicot County, Arkansas",51.0,67,,,8.0,14,0.0,18,7.0,11,0.0,18,0.0,18,0.0,18,0.0,18,0.0,18,,,0.0,18,0.0,18,36.0,64,0.0,18,0.0,18,0.0,18,0.0,18,0.0,18,0.0,18,0.0,18,0.0,18
"Childress County, Texas",8.0,20,,,0.0,21,0.0,21,0.0,21,8.0,20,0.0,21,0.0,21,0.0,21,0.0,21,,,0.0,21,0.0,21,0.0,21,0.0,21,0.0,21,0.0,21,0.0,21,0.0,21,0.0,21,0.0,21,0.0,21
"Chilton County, Alabama",260.0,8,,,41.0,67,0.0,28,56.0,79,54.0,59,0.0,28,0.0,28,0.0,28,0.0,28,,,0.0,28,0.0,28,0.0,28,0.0,28,0.0,28,0.0,28,0.0,28,0.0,28,0.0,28,0.0,28,0.0,28
"Chippewa County, Michigan",645.0,89,,,171.0,103,0.0,23,48.0,35,13.0,12,0.0,23,0.0,23,0.0,23,0.0,23,,,0.0,23,2.0,7,161.0,88,0.0,23,0.0,23,0.0,23,0.0,23,0.0,23,3.0,6,113.0,79,0.0,23
"Chippewa County, Minnesota",195.0,9,,,12.0,12,1.0,3,13.0,25,0.0,15,0.0,15,0.0,15,0.0,15,0.0,15,,,0.0,15,0.0,15,15.0,20,0.0,15,22.0,32,0.0,15,0.0,15,0.0,15,0.0,15,0.0,15,0.0,15
"Chippewa County, Wisconsin",1391.0,150,,,114.0,96,612.0,145,95.0,97,64.0,40,0.0,23,0.0,23,0.0,23,0.0,23,,,0.0,23,0.0,23,297.0,119,57.0,98,3.0,5,36.0,53,0.0,23,0.0,23,7.0,8,19.0,21,0.0,23
"Chisago County, Minnesota",1362.0,62,,,214.0,130,339.0,237,141.0,102,92.0,49,0.0,22,0.0,22,12.0,18,0.0,22,,,48.0,45,4.0,5,183.0,139,6.0,8,85.0,72,0.0,22,0.0,22,0.0,22,30.0,34,55.0,50,0.0,22
"Chittenden County, Vermont",9889.0,146,,,1758.0,405,0.0,24,451.0,205,751.0,308,0.0,24,0.0,24,76.0,60,0.0,24,,,433.0,382,62.0,99,1252.0,411,163.0,136,54.0,81,0.0,24,0.0,24,17.0,26,136.0,113,754.0,307,0.0,24
"Choctaw County, Alabama",98.0,76,,,4.0,6,0.0,21,0.0,21,34.0,49,0.0,21,0.0,21,0.0,21,0.0,21,,,0.0,21,0.0,21,0.0,21,0.0,21,0.0,21,0.0,21,0.0,21,0.0,21,0.0,21,0.0,21,0.0,21
"Choctaw County, Mississippi",53.0,62,,,0.0,20,0.0,20,9.0,16,0.0,20,0.0,20,0.0,20,0.0,20,0.0,20,,,0.0,20,0.0,20,44.0,60,0.0,20,0.0,20,0.0,20,0.0,20,0.0,20,0.0,20,0.0,20,0.0,20
"Choctaw County, Oklahoma",152.0,12,,,12.0,13,44.0,37,4.0,6,13.0,14,0.0,16,0.0,16,0.0,16,0.0,16,,,0.0,16,0.0,16,53.0,38,0.0,16,0.0,16,0.0,16,0.0,16,0.0,16,12.0,15,0.0,16,0.0,16
"Chouteau County, Montana",44.0,3,,,3.0,6,0.0,15,0.0,15,8.0,10,0.0,15,0.0,15,0.0,15,0.0,15,,,0.0,15,0.0,15,33.0,12,0.0,15,0.0,15,0.0,15,0.0,15,0.0,15,0.0,15,0.0,15,0.0,15
"Chowan County, North Carolina",29.0,43,,,8.0,15,0.0,21,0.0,21,21.0,40,0.0,21,0.0,21,0.0,21,0.0,21,,,0.0,21,0.0,21,0.0,21,0.0,21,0.0,21,0.0,21,0.0,21,0.0,21,0.0,21,0.0,21,0.0,21
"Christian County, Illinois",289.0,26,,,12.0,18,0.0,26,46.0,38,31.0,39,0.0,26,0.0,26,4.0,6,0.0,26,,,0.0,26,21.0,34,1.0,4,0.0,26,14.0,17,0.0,26,0.0,26,0.0,26,0.0,26,51.0,51,0.0,26
"Christian County, Kentucky",1686.0,141,,,78.0,109,0.0,30,309.0,216,146.0,112,0.0,30,15.0,18,0.0,30,0.0,30,,,0.0,30,0.0,30,342.0,197,0.0,30,0.0,30,0.0,30,0.0,30,0.0,30,67.0,70,224.0,171,0.0,30
"Christian County, Missouri",1201.0,79,,,77.0,85,0.0,28,157.0,140,200.0,145,0.0,28,0.0,28,0.0,28,0.0,28,,,0.0,28,0.0,28,367.0,207,0.0,28,0.0,28,0.0,28,0.0,28,0.0,28,0.0,28,236.0,240,0.0,28
"Chugach Census Area, Alaska",625.0,20,,,17.0,23,0.0,15,18.0,30,0.0,15,0.0,15,0.0,15,39.0,82,0.0,15,,,0.0,15,0.0,15,337.0,105,0.0,15,0.0,15,0.0,15,0.0,15,0.0,15,34.0,50,180.0,126,0.0,15
"Churchill County, Nevada",1217.0,135,,,18.0,19,0.0,26,153.0,125,3.0,7,0.0,26,0.0,26,0.0,26,0.0,26,,,0.0,26,0.0,26,965.0,188,0.0,26,0.0,26,0.0,26,0.0,26,0.0,26,18.0,29,52.0,80,0.0,26
"Ciales Municipio, Puerto Rico",121.0,138,,,0.0,24,0.0,24,0.0,24,0.0,24,0.0,24,0.0,24,0.0,24,0.0,24,,,0.0,24,0.0,24,0.0,24,0.0,24,0.0,24,0.0,24,0.0,24,0.0,24,0.0,24,0.0,24,0.0,24
"Cibola County, New Mexico",236.0,36,,,28.0,26,0.0,25,8.0,18,8.0,14,0.0,25,0.0,25,0.0,25,0.0,25,,,0.0,25,0.0,25,88.0,67,0.0,25,0.0,25,0.0,25,0.0,25,0.0,25,0.0,25,59.0,69,0.0,25
"Cidra Municipio, Puerto Rico",81.0,97,,,0.0,32,0.0,32,0.0,32,0.0,32,0.0,32,0.0,32,0.0,32,0.0,32,,,0.0,32,0.0,32,0.0,32,0.0,32,0.0,32,0.0,32,0.0,32,0.0,32,0.0,32,0.0,32,0.0,32
"Cimarron County, Oklahoma",0.0,10,,,0.0,10,0.0,10,0.0,10,0.0,10,0.0,10,0.0,10,0.0,10,0.0,10,,,0.0,10,0.0,10,0.0,10,0.0,10,0.0,10,0.0,10,0.0,10,0.0,10,0.0,10,0.0,10,0.0,10
"Citrus County, Florida",4132.0,554,,,287.0,125,72.0,124,597.0,306,244.0,160,0.0,35,0.0,35,0.0,35,0.0,35,,,0.0,35,0.0,35,1666.0,321,0.0,35,75.0,127,0.0,35,0.0,35,0.0,35,101.0,99,154.0,130,0.0,35
"Clackamas County, Oregon",32513.0,691,,,8119.0,883,378.0,268,4176.0,689,3671.0,680,24.0,37,115.0,127,399.0,146,0.0,31,,,222.0,229,272.0,151,4666.0,871,369.0,214,972.0,418,52.0,76,162.0,144,3.0,6,696.0,259,4389.0,721,0.0,31
"Claiborne County, Mississippi",130.0,136,,,0.0,20,0.0,20,73.0,109,48.0,80,0.0,20,0.0,20,0.0,20,0.0,20,,,0.0,20,0.0,20,0.0,20,0.0,20,0.0,20,0.0,20,0.0,20,0.0,20,0.0,20,0.0,20,0.0,20
"Claiborne County, Tennessee",562.0,162,,,70.0,77,0.0,29,40.0,55,155.0,101,0.0,29,0.0,29,0.0,29,0.0,29,,,0.0,29,0.0,29,32.0,46,0.0,29,0.0,29,0.0,29,0.0,29,0.0,29,0.0,29,170.0,91,0.0,29
"Claiborne Parish, Louisiana",20.0,36,,,0.0,22,0.0,22,0.0,22,0.0,22,0.0,22,0.0,22,0.0,22,0.0,22,,,0.0,22,0.0,22,0.0,22,0.0,22,20.0,36,0.0,22,0.0,22,0.0,22,0.0,22,0.0,22,0.0,22
"Clallam County, Washington",2663.0,206,,,385.0,155,0.0,31,655.0,242,185.0,130,0.0,31,8.0,13,0.0,31,0.0,31,,,67.0,77,13.0,16,737.0,221,40.0,54,41.0,66,0.0,31,141.0,155,0.0,31,48.0,46,78.0,57,0.0,31
"Clare County, Michigan",142.0,23,,,54.0,50,0.0,23,7.0,8,10.0,17,0.0,23,0.0,23,0.0,23,0.0,23,,,0.0,23,0.0,23,54.0,47,0.0,23,0.0,23,0.0,23,0.0,23,0.0,23,0.0,23,0.0,23,0.0,23
"Clarendon County, South Carolina",299.0,15,,,43.0,44,0.0,30,9.0,13,45.0,52,0.0,30,0.0,30,0.0,30,0.0,30,,,0.0,30,0.0,30,14.0,21,0.0,30,0.0,30,0.0,30,0.0,30,0.0,30,0.0,30,87.0,79,0.0,30
"Clarion County, Pennsylvania",375.0,19,,,73.0,86,0.0,24,0.0,24,20.0,29,0.0,24,0.0,24,0.0,24,0.0,24,,,0.0,24,0.0,24,125.0,97,0.0,24,0.0,24,0.0,24,0.0,24,0.0,24,126.0,88,9.0,13,0.0,24
"Clark County, Arkansas",154.0,85,,,62.0,56,0.0,24,41.0,60,3.0,6,0.0,24,0.0,24,0.0,24,0.0,24,,,0.0,24,0.0,24,5.0,10,0.0,24,0.0,24,0.0,24,0.0,24,0.0,24,0.0,24,9.0,14,0.0,24
"Clark County, Idaho",3.0,5,,,0.0,12,0.0,12,3.0,5,0.0,12,0.0,12,0.0,12,0.0,12,0.0,12,,,0.0,12,0.0,12,0.0,12,0.0,12,0.0,12,0.0,12,0.0,12,0.0,12,0.0,12,0.0,12,0.0,12
"Clark County, Illinois",35.0,29,,,0.0,19,0.0,19,0.0,19,0.0,19,0.0,19,0.0,19,0.0,19,0.0,19,,,0.0,19,0.0,19,0.0,19,0.0,19,0.0,19,0.0,19,0.0,19,0.0,19,15.0,24,1.0,6,0.0,19
"Clark County, Indiana",2137.0,154,,,564.0,175,0.0,30,140.0,90,179.0,118,64.0,64,0.0,30,16.0,28,0.0,30,,,0.0,30,33.0,37,352.0,188,0.0,30,10.0,16,0.0,30,0.0,30,0.0,30,10.0,16,150.0,130,0.0,30
"Clark County, Kansas",38.0,27,,,0.0,11,0.0,11,0.0,11,0.0,11,0.0,11,0.0,11,0.0,11,0.0,11,,,0.0,11,0.0,11,24.0,23,0.0,11,0.0,11,0.0,11,0.0,11,0.0,11,0.0,11,0.0,11,0.0,11
"Clark County, Kentucky",348.0,28,,,92.0,114,0.0,27,0.0,27,13.0,18,20.0,28,0.0,27,0.0,27,0.0,27,,,0.0,27,0.0,27,147.0,120,0.0,27,0.0,27,0.0,27,0.0,27,0.0,27,0.0,27,0.0,27,0.0,27
"Clark County, Missouri",29.0,30,,,0.0,17,0.0,17,0.0,17,0.0,17,0.0,17,0.0,17,0.0,17,0.0,17,,,0.0,17,0.0,17,0.0,17,0.0,17,0.0,17,0.0,17,0.0,17,0.0,17,0.0,17,4.0,8,0.0,17
"Clark County, Nevada",331357.0,3475,,,54041.0,2965,522.0,327,28856.0,2167,21860.0,2298,296.0,302,187.0,128,2506.0,534,0.0,33,,,348.0,330,2697.0,744,162802.0,4588,2030.0,472,3611.0,957,332.0,150,209.0,327,47.0,64,8614.0,1049,16147.0,1733,0.0,33
"Clark County, Ohio",1750.0,168,,,172.0,117,0.0,30,239.0,122,206.0,128,0.0,30,0.0,30,12.0,21,0.0,30,,,52.0,79,0.0,30,384.0,210,0.0,30,0.0,30,0.0,30,0.0,30,0.0,30,80.0,63,63.0,57,0.0,30
"Clark County, South Dakota",28.0,47,,,19.0,49,0.0,10,0.0,10,9.0,14,0.0,10,0.0,10,0.0,10,0.0,10,,,0.0,10,0.0,10,0.0,10,0.0,10,0.0,10,0.0,10,0.0,10,0.0,10,0.0,10,0.0,10,0.0,10
"Clark County, Washington",39524.0,959,,,7808.0,985,926.0,473,4198.0,753,3624.0,555,6.0,10,47.0,72,990.0,365,23.0,36,,,188.0,128,1322.0,425,7973.0,1019,510.0,185,1081.0,408,328.0,194,329.0,274,37.0,45,585.0,193,4911.0,816,0.0,31
"Clark County, Wisconsin",268.0,14,,,1.0,2,28.0,32,42.0,29,32.0,25,1.0,2,0.0,21,0.0,21,0.0,21,,,17.0,23,0.0,21,120.0,43,8.0,10,0.0,21,0.0,21,0.0,21,0.0,21,8.0,8,2.0,3,0.0,21
"Clarke County, Alabama",134.0,10,,,45.0,33,0.0,25,6.0,10,0.0,25,0.0,25,0.0,25,0.0,25,0.0,25,,,0.0,25,0.0,25,63.0,46,0.0,25,0.0,25,0.0,25,0.0,25,0.0,25,0.0,25,0.0,25,0.0,25
"Clarke County, Georgia",6629.0,325,,,1514.0,336,92.0,102,190.0,104,882.0,296,0.0,34,0.0,34,50.0,51,0.0,34,,,572.0,365,7.0,10,544.0,262,13.0,19,86.0,68,40.0,59,0.0,34,0.0,34,87.0,70,461.0,229,0.0,34
"Clarke County, Iowa",104.0,2,,,0.0,15,0.0,15,9.0,15,0.0,15,0.0,15,0.0,15,0.0,15,0.0,15,,,0.0,15,0.0,15,25.0,36,0.0,15,39.0,43,0.0,15,0.0,15,0.0,15,0.0,15,0.0,15,0.0,15
"Clarke County, Mississippi",41.0,44,,,3.0,6,0.0,22,0.0,22,9.0,15,0.0,22,0.0,22,0.0,22,0.0,22,,,0.0,22,0.0,22,0.0,22,0.0,22,0.0,22,0.0,22,0.0,22,0.0,22,0.0,22,0.0,22,0.0,22
"Clarke County, Virginia",291.0,47,,,32.0,38,0.0,21,46.0,56,37.0,50,0.0,21,0.0,21,0.0,21,0.0,21,,,0.0,21,0.0,21,97.0,91,0.0,21,0.0,21,0.0,21,0.0,21,0.0,21,0.0,21,0.0,21,0.0,21
"Clatsop County, Oregon",1299.0,216,,,181.0,120,0.0,28,149.0,117,105.0,72,0.0,28,0.0,28,0.0,28,0.0,28,,,0.0,28,0.0,28,550.0,228,11.0,17,0.0,28,0.0,28,0.0,28,0.0,28,90.0,78,104.0,67,0.0,28
"Clay County, Alabama",116.0,67,,,0.0,21,0.0,21,0.0,21,0.0,21,0.0,21,0.0,21,0.0,21,0.0,21,,,41.0,29,0.0,21,60.0,76,0.0,21,0.0,21,0.0,21,0.0,21,0.0,21,0.0,21,4.0,10,0.0,21
"Clay County, Arkansas",74.0,60,,,0.0,20,0.0,20,0.0,20,0.0,20,0.0,20,0.0,20,0.0,20,0.0,20,,,0.0,20,0.0,20,7.0,10,0.0,20,0.0,20,0.0,20,0.0,20,0.0,20,0.0,20,3.0,5,0.0,20
"Clay County, Florida",10140.0,475,,,859.0,382,0.0,35,952.0,305,366.0,186,44.0,79,0.0,35,23.0,44,0.0,35,,,56.0,87,18.0,35,6221.0,749,35.0,44,0.0,35,156.0,207,0.0,35,0.0,35,184.0,144,387.0,261,0.0,35
"Clay County, Georgia",0.0,14,,,0.0,14,0.0,14,0.0,14,0.0,14,0.0,14,0.0,14,0.0,14,0.0,14,,,0.0,14,0.0,14,0.0,14,0.0,14,0.0,14,0.0,14,0.0,14,0.0,14,0.0,14,0.0,14,0.0,14
"Clay County, Illinois",41.0,34,,,0.0,19,0.0,19,0.0,19,0.0,19,0.0,19,0.0,19,6.0,11,0.0,19,,,0.0,19,0.0,19,24.0,28,0.0,19,0.0,19,0.0,19,0.0,19,0.0,19,0.0,19,9.0,16,0.0,19
"Clay County, Indiana",176.0,132,,,0.0,24,0.0,24,0.0,24,0.0,24,0.0,24,0.0,24,0.0,24,0.0,24,,,0.0,24,0.0,24,40.0,39,0.0,24,0.0,24,0.0,24,0.0,24,0.0,24,0.0,24,23.0,33,0.0,24
"Clay County, Iowa",157.0,16,,,4.0,7,0.0,16,0.0,16,80.0,52,0.0,16,0.0,16,0.0,16,0.0,16,,,0.0,16,0.0,16,63.0,53,0.0,16,10.0,19,0.0,16,0.0,16,0.0,16,0.0,16,0.0,16,0.0,16
"Clay County, Kansas",73.0,4,,,12.0,12,5.0,8,30.0,17,3.0,9,0.0,16,0.0,16,0.0,16,0.0,16,,,0.0,16,0.0,16,1.0,4,0.0,16,15.0,18,0.0,16,0.0,16,0.0,16,0.0,16,2.0,5,0.0,16
"Clay County, Kentucky",24.0,39,,,18.0,37,0.0,24,6.0,10,0.0,24,0.0,24,0.0,24,0.0,24,0.0,24,,,0.0,24,0.0,24,0.0,24,0.0,24,0.0,24,0.0,24,0.0,24,0.0,24,0.0,24,0.0,24,0.0,24
"Clay County, Minnesota",1507.0,104,,,34.0,23,235.0,212,46.0,49,77.0,64,24.0,44,0.0,22,2.0,3,0.0,22,,,0.0,22,1.0,3,277.0,155,0.0,22,16.0,31,0.0,22,0.0,22,0.0,22,8.0,14,415.0,217,0.0,22
"Clay County, Mississippi",65.0,75,,,0.0,22,0.0,22,0.0,22,0.0,22,0.0,22,0.0,22,0.0,22,0.0,22,,,0.0,22,0.0,22,13.0,21,0.0,22,0.0,22,0.0,22,0.0,22,0.0,22,0.0,22,0.0,22,0.0,22
"Clay County, Missouri",9404.0,467,,,982.0,320,0.0,28,845.0,351,427.0,195,27.0,37,0.0,28,80.0,77,0.0,28,,,0.0,28,367.0,221,1020.0,292,20.0,23,30.0,53,69.0,122,0.0,28,0.0,28,93.0,97,2738.0,608,0.0,28
"Clay County, Nebraska",12.0,12,,,3.0,4,0.0,15,0.0,15,0.0,15,0.0,15,0.0,15,0.0,15,0.0,15,,,1.0,3,0.0,15,6.0,8,0.0,15,0.0,15,0.0,15,0.0,15,0.0,15,1.0,2,0.0,15,0.0,15
"Clay County, North Carolina",90.0,95,,,11.0,14,0.0,21,0.0,21,10.0,13,0.0,21,0.0,21,0.0,21,0.0,21,,,68.0,94,0.0,21,1.0,3,0.0,21,0.0,21,0.0,21,0.0,21,0.0,21,0.0,21,0.0,21,0.0,21
"Clay County, South Dakota",501.0,55,,,173.0,145,0.0,16,0.0,16,16.0,24,0.0,16,0.0,16,0.0,16,0.0,16,,,14.0,27,0.0,16,3.0,7,0.0,16,0.0,16,0.0,16,0.0,16,0.0,16,0.0,16,91.0,124,0.0,16
"Clay County, Tennessee",83.0,68,,,2.0,3,0.0,19,0.0,19,0.0,19,0.0,19,0.0,19,0.0,19,0.0,19,,,0.0,19,0.0,19,81.0,69,0.0,19,0.0,19,0.0,19,0.0,19,0.0,19,0.0,19,0.0,19,0.0,19
"Clay County, Texas",114.0,23,,,17.0,26,0.0,23,11.0,18,0.0,23,0.0,23,0.0,23,0.0,23,0.0,23,,,0.0,23,0.0,23,84.0,32,0.0,23,0.0,23,0.0,23,0.0,23,0.0,23,2.0,4,0.0,23,0.0,23
"Clay County, West Virginia",63.0,63,,,0.0,18,0.0,18,63.0,63,0.0,18,0.0,18,0.0,18,0.0,18,0.0,18,,,0.0,18,0.0,18,0.0,18,0.0,18,0.0,18,0.0,18,0.0,18,0.0,18,0.0,18,0.0,18,0.0,18
"Clayton County, Georgia",17828.0,827,,,1302.0,523,0.0,34,386.0,224,422.0,298,0.0,34,0.0,34,0.0,34,0.0,34,,,4.0,12,982.0,528,1283.0,455,49.0,83,1107.0,393,25.0,34,0.0,34,0.0,34,280.0,196,9929.0,999,0.0,34
"Clayton County, Iowa",91.0,18,,,0.0,16,0.0,16,14.0,18,0.0,16,0.0,16,0.0,16,0.0,16,0.0,16,,,0.0,16,0.0,16,77.0,16,0.0,16,0.0,16,0.0,16,0.0,16,0.0,16,0.0,16,0.0,16,0.0,16
"Clear Creek County, Colorado",168.0,122,,,23.0,22,0.0,19,0.0,19,25.0,33,0.0,19,0.0,19,0.0,19,0.0,19,,,0.0,19,0.0,19,55.0,62,45.0,60,0.0,19,0.0,19,0.0,19,0.0,19,6.0,11,2.0,4,0.0,19
"Clearfield County, Pennsylvania",734.0,92,,,188.0,75,12.0,15,31.0,23,124.0,68,0.0,27,0.0,27,0.0,27,0.0,27,,,0.0,27,0.0,27,152.0,73,0.0,27,6.0,11,0.0,27,0.0,27,0.0,27,0.0,27,46.0,51,0.0,27
"Clearwater County, Idaho",118.0,17,,,26.0,23,0.0,17,4.0,6,4.0,6,0.0,17,0.0,17,0.0,17,0.0,17,,,0.0,17,0.0,17,49.0,26,0.0,17,0.0,17,0.0,17,0.0,17,0.0,17,0.0,17,8.0,13,0.0,17
"Clearwater County, Minnesota",119.0,43,,,18.0,17,0.0,13,35.0,43,10.0,8,0.0,13,0.0,13,0.0,13,0.0,13,,,0.0,13,0.0,13,14.0,8,0.0,13,0.0,13,0.0,13,0.0,13,0.0,13,0.0,13,8.0,8,0.0,13
"Cleburne County, Alabama",16.0,25,,,2.0,7,0.0,21,14.0,24,0.0,21,0.0,21,0.0,21,0.0,21,0.0,21,,,0.0,21,0.0,21,0.0,21,0.0,21,0.0,21,0.0,21,0.0,21,0.0,21,0.0,21,0.0,21,0.0,21
"Cleburne County, Arkansas",76.0,45,,,0.0,24,0.0,24,27.0,44,23.0,28,0.0,24,0.0,24,0.0,24,0.0,24,,,0.0,24,0.0,24,2.0,3,0.0,24,0.0,24,0.0,24,0.0,24,0.0,24,0.0,24,0.0,24,0.0,24
"Clermont County, Ohio",4148.0,247,,,798.0,287,0.0,30,375.0,257,239.0,166,0.0,30,0.0,30,0.0,30,0.0,30,,,0.0,30,104.0,108,668.0,311,7.0,13,5.0,9,0.0,30,0.0,30,0.0,30,148.0,124,208.0,152,0.0,30
"Cleveland County, Arkansas",16.0,29,,,0.0,18,0.0,18,16.0,29,0.0,18,0.0,18,0.0,18,0.0,18,0.0,18,,,0.0,18,0.0,18,0.0,18,0.0,18,0.0,18,0.0,18,0.0,18,0.0,18,0.0,18,0.0,18,0.0,18
"Cleveland County, North Carolina",1402.0,151,,,201.0,139,0.0,32,26.0,36,107.0,77,0.0,32,0.0,32,0.0,32,0.0,32,,,0.0,32,0.0,32,123.0,111,42.0,68,398.0,194,0.0,32,0.0,32,0.0,32,38.0,38,20.0,28,0.0,32
"Cleveland County, Oklahoma",18973.0,489,,,3846.0,663,79.0,52,1202.0,373,1278.0,472,0.0,24,0.0,24,55.0,56,0.0,24,,,20.0,33,31.0,45,2001.0,536,106.0,91,412.0,222,183.0,151,0.0,24,20.0,35,594.0,307,5933.0,751,0.0,24
"Clinch County, Georgia",17.0,20,,,3.0,5,0.0,20,0.0,20,0.0,20,0.0,20,0.0,20,0.0,20,0.0,20,,,0.0,20,0.0,20,9.0,15,0.0,20,0.0,20,0.0,20,0.0,20,0.0,20,0.0,20,5.0,12,0.0,20
"Clinton County, Illinois",377.0,25,,,50.0,41,0.0,26,44.0,40,56.0,37,0.0,26,0.0,26,0.0,26,0.0,26,,,0.0,26,6.0,11,75.0,19,0.0,26,0.0,26,0.0,26,0.0,26,0.0,26,37.0,34,12.0,15,0.0,26
"Clinton County, Indiana",180.0,17,,,24.0,26,0.0,27,1.0,3,18.0,22,0.0,27,0.0,27,0.0,27,0.0,27,,,0.0,27,0.0,27,14.0,17,0.0,27,0.0,27,0.0,27,0.0,27,0.0,27,0.0,27,8.0,12,0.0,27
"Clinton County, Iowa",493.0,23,,,97.0,119,0.0,22,51.0,42,54.0,76,0.0,22,0.0,22,0.0,22,0.0,22,,,0.0,22,0.0,22,103.0,120,0.0,22,126.0,130,0.0,22,0.0,22,0.0,22,0.0,22,0.0,22,0.0,22
"Clinton County, Kentucky",152.0,67,,,0.0,18,0.0,18,0.0,18,0.0,18,0.0,18,0.0,18,0.0,18,0.0,18,,,13.0,26,0.0,18,0.0,18,0.0,18,0.0,18,0.0,18,0.0,18,0.0,18,0.0,18,0.0,18,0.0,18
"Clinton County, Michigan",1820.0,91,,,328.0,121,63.0,66,248.0,140,430.0,164,0.0,26,0.0,26,0.0,26,0.0,26,,,0.0,26,16.0,32,180.0,107,17.0,28,0.0,26,0.0,26,0.0,26,0.0,26,20.0,23,76.0,60,0.0,26
"Clinton County, Missouri",154.0,22,,,10.0,28,0.0,22,25.0,31,6.0,9,0.0,22,0.0,22,0.0,22,0.0,22,,,0.0,22,0.0,22,51.0,42,0.0,22,0.0,22,0.0,22,0.0,22,0.0,22,0.0,22,18.0,28,0.0,22
"Clinton County, New York",1630.0,95,,,328.0,127,0.0,31,153.0,72,121.0,76,0.0,31,0.0,31,27.0,31,0.0,31,,,0.0,31,0.0,31,542.0,262,0.0,31,0.0,31,24.0,32,0.0,31,0.0,31,31.0,44,15.0,26,0.0,31
"Clinton County, Ohio",382.0,17,,,28.0,45,0.0,27,145.0,121,17.0,20,0.0,27,0.0,27,0.0,27,0.0,27,,,0.0,27,0.0,27,92.0,94,0.0,27,0.0,27,0.0,27,0.0,27,0.0,27,0.0,27,13.0,25,0.0,27
"Clinton County, Pennsylvania",365.0,22,,,49.0,32,0.0,24,23.0,16,72.0,41,0.0,24,0.0,24,0.0,24,0.0,24,,,35.0,39,0.0,24,32.0,28,1.0,3,0.0,24,0.0,24,0.0,24,0.0,24,17.0,25,45.0,36,0.0,24
"Cloud County, Kansas",42.0,41,,,18.0,21,0.0,16,13.0,27,0.0,16,0.0,16,0.0,16,0.0,16,0.0,16,,,0.0,16,0.0,16,0.0,16,0.0,16,0.0,16,0.0,16,0.0,16,0.0,16,0.0,16,11.0,18,0.0,16
"Coahoma County, Mississippi",53.0,89,,,0.0,26,0.0,26,0.0,26,0.0,26,0.0,26,0.0,26,0.0,26,0.0,26,,,0.0,26,0.0,26,0.0,26,0.0,26,0.0,26,0.0,26,0.0,26,0.0,26,0.0,26,0.0,26,0.0,26
"Coal County, Oklahoma",49.0,29,,,0.0,15,0.0,15,23.0,16,2.0,3,0.0,15,0.0,15,0.0,15,0.0,15,,,0.0,15,1.0,4,2.0,4,0.0,15,0.0,15,0.0,15,0.0,15,0.0,15,0.0,15,19.0,21,0.0,15
"Coamo Municipio, Puerto Rico",0.0,32,,,0.0,32,0.0,32,0.0,32,0.0,32,0.0,32,0.0,32,0.0,32,0.0,32,,,0.0,32,0.0,32,0.0,32,0.0,32,0.0,32,0.0,32,0.0,32,0.0,32,0.0,32,0.0,32,0.0,32
"Cobb County, Georgia",52143.0,867,,,6580.0,902,0.0,34,2002.0,424,4471.0,645,6.0,9,0.0,34,599.0,237,0.0,34,,,144.0,119,573.0,334,4624.0,766,236.0,195,528.0,277,113.0,97,0.0,34,44.0,59,589.0,280,5270.0,816,0.0,34
"Cochise County, Arizona",5288.0,442,,,533.0,250,15.0,22,683.0,231,1295.0,368,68.0,85,91.0,129,53.0,58,0.0,33,,,13.0,24,106.0,150,1485.0,338,46.0,45,42.0,57,0.0,33,0.0,33,0.0,33,63.0,76,308.0,156,0.0,33
"Cochran County, Texas",26.0,30,,,0.0,15,0.0,15,0.0,15,12.0,18,0.0,15,0.0,15,0.0,15,0.0,15,,,0.0,15,0.0,15,14.0,23,0.0,15,0.0,15,0.0,15,0.0,15,0.0,15,0.0,15,0.0,15,0.0,15
"Cocke County, Tennessee",294.0,87,,,17.0,15,0.0,29,25.0,39,22.0,31,0.0,29,0.0,29,15.0,24,0.0,29,,,0.0,29,0.0,29,21.0,25,0.0,29,0.0,29,0.0,29,0.0,29,0.0,29,0.0,29,5.0,6,0.0,29
"Coconino County, Arizona",5496.0,400,,,1015.0,225,0.0,33,605.0,257,651.0,272,0.0,33,46.0,52,22.0,45,0.0,33,,,37.0,57,0.0,33,1736.0,350,41.0,47,9.0,18,8.0,14,0.0,33,0.0,33,101.0,70,151.0,107,0.0,33
"Codington County, South Dakota",597.0,357,,,96.0,96,14.0,21,80.0,51,96.0,90,0.0,19,0.0,19,0.0,19,0.0,19,,,0.0,19,0.0,19,106.0,52,0.0,19,0.0,19,0.0,19,0.0,19,0.0,19,1.0,4,100.0,83,0.0,19
"Coffee County, Alabama",1521.0,203,,,117.0,144,0.0,31,268.0,175,630.0,168,0.0,31,0.0,31,0.0,31,0.0,31,,,0.0,31,0.0,31,192.0,106,14.0,18,2.0,3,9.0,16,0.0,31,0.0,31,118.0,88,135.0,77,0.0,31
"Coffee County, Georgia",403.0,30,,,8.0,24,0.0,30,67.0,79,15.0,27,0.0,30,0.0,30,0.0,30,0.0,30,,,0.0,30,0.0,30,2.0,6,0.0,30,0.0,30,0.0,30,0.0,30,0.0,30,105.0,88,58.0,75,0.0,30
"Coffee County, Tennessee",903.0,63,,,260.0,191,36.0,51,147.0,63,31.0,45,0.0,32,0.0,32,0.0,32,0.0,32,,,22.0,62,0.0,32,92.0,72,0.0,32,97.0,80,0.0,32,0.0,32,0.0,32,11.0,17,45.0,59,0.0,32
"Coffey County, Kansas",94.0,3,,,20.0,20,0.0,16,3.0,5,4.0,6,0.0,16,0.0,16,0.0,16,0.0,16,,,0.0,16,0.0,16,2.0,3,0.0,16,0.0,16,0.0,16,0.0,16,0.0,16,0.0,16,26.0,40,0.0,16
"Coke County, Texas",43.0,37,,,0.0,15,0.0,15,0.0,15,0.0,15,0.0,15,0.0,15,0.0,15,0.0,15,,,0.0,15,0.0,15,4.0,9,0.0,15,13.0,18,0.0,15,0.0,15,0.0,15,13.0,18,0.0,15,0.0,15
"Colbert County, Alabama",848.0,298,,,34.0,48,0.0,31,111.0,110,217.0,277,0.0,31,0.0,31,0.0,31,0.0,31,,,0.0,31,0.0,31,160.0,114,0.0,31,0.0,31,0.0,31,0.0,31,0.0,31,157.0,219,0.0,31,0.0,31
"Cole County, Missouri",1448.0,97,,,77.0,89,0.0,28,42.0,41,47.0,49,0.0,28,0.0,28,191.0,193,0.0,28,,,0.0,28,14.0,36,252.0,242,0.0,28,0.0,28,0.0,28,0.0,28,0.0,28,37.0,41,109.0,103,0.0,28
"Coleman County, Texas",102.0,106,,,0.0,21,0.0,21,23.0,42,32.0,46,0.0,21,0.0,21,0.0,21,0.0,21,,,0.0,21,0.0,21,34.0,33,0.0,21,0.0,21,0.0,21,0.0,21,0.0,21,11.0,19,0.0,21,0.0,21
"Coles County, Illinois",944.0,182,,,82.0,97,0.0,26,54.0,43,71.0,72,0.0,26,0.0,26,0.0,26,0.0,26,,,0.0,26,18.0,29,348.0,191,0.0,26,0.0,26,0.0,26,0.0,26,0.0,26,15.0,22,31.0,48,0.0,26
"Colfax County, Nebraska",41.0,52,,,3.0,4,0.0,16,0.0,16,0.0,16,0.0,16,0.0,16,0.0,16,0.0,16,,,0.0,16,0.0,16,36.0,52,0.0,16,0.0,16,0.0,16,0.0,16,0.0,16,0.0,16,0.0,16,0.0,16
"Colfax County, New Mexico",167.0,131,,,0.0,21,0.0,21,31.0,47,110.0,118,0.0,21,0.0,21,0.0,21,0.0,21,,,0.0,21,0.0,21,0.0,21,0.0,21,0.0,21,0.0,21,0.0,21,0.0,21,2.0,4,0.0,21,0.0,21
"Colleton County, South Carolina",500.0,233,,,9.0,15,0.0,30,10.0,19,101.0,117,0.0,30,0.0,30,0.0,30,0.0,30,,,0.0,30,0.0,30,297.0,241,0.0,30,0.0,30,0.0,30,0.0,30,0.0,30,0.0,30,1.0,3,0.0,30
"Collier County, Florida",8553.0,582,,,1771.0,533,0.0,35,488.0,218,525.0,296,0.0,35,21.0,40,89.0,123,0.0,35,,,99.0,112,13.0,18,1912.0,615,118.0,133,0.0,35,10.0,15,0.0,35,0.0,35,50.0,54,973.0,348,0.0,35
"Collin County, Texas",220264.0,1277,,,35261.0,2761,180.0,161,6344.0,1168,13017.0,1633,154.0,163,15.0,16,3211.0,719,34.0,55,,,700.0,710,1852.0,566,13291.0,1937,889.0,308,1007.0,513,179.0,117,0.0,35,90.0,82,1238.0,374,17371.0,2073,0.0,35
"Collingsworth County, Texas",0.0,15,,,0.0,15,0.0,15,0.0,15,0.0,15,0.0,15,0.0,15,0.0,15,0.0,15,,,0.0,15,0.0,15,0.0,15,0.0,15,0.0,15,0.0,15,0.0,15,0.0,15,0.0,15,0.0,15,0.0,15
"Colonial Heights city, Virginia",784.0,21,,,221.0,142,0.0,21,69.0,61,143.0,89,0.0,21,0.0,21,0.0,21,0.0,21,,,0.0,21,6.0,12,75.0,61,0.0,21,0.0,21,1.0,2,0.0,21,0.0,21,27.0,35,36.0,85,0.0,21
"Colorado County, Texas",138.0,123,,,0.0,28,0.0,28,0.0,28,0.0,28,0.0,28,0.0,28,0.0,28,0.0,28,,,0.0,28,0.0,28,13.0,21,0.0,28,0.0,28,0.0,28,0.0,28,0.0,28,0.0,28,65.0,97,0.0,28
"Colquitt County, Georgia",474.0,7,,,19.0,88,0.0,30,0.0,30,75.0,93,0.0,30,0.0,30,0.0,30,0.0,30,,,0.0,30,0.0,30,58.0,85,0.0,30,0.0,30,0.0,30,0.0,30,0.0,30,0.0,30,245.0,184,0.0,30
"Columbia County, Arkansas",252.0,9,,,0.0,24,86.0,132,8.0,17,0.0,24,0.0,24,0.0,24,0.0,24,0.0,24,,,0.0,24,0.0,24,1.0,9,0.0,24,0.0,24,75.0,134,0.0,24,0.0,24,0.0,24,14.0,21,0.0,24
"Columbia County, Florida",905.0,93,,,58.0,53,0.0,35,34.0,41,79.0,58,0.0,35,0.0,35,0.0,35,0.0,35,,,0.0,35,0.0,35,315.0,194,0.0,35,0.0,35,0.0,35,0.0,35,0.0,35,36.0,43,135.0,166,0.0,35
"Columbia County, Georgia",10111.0,472,,,954.0,320,0.0,34,764.0,335,1869.0,520,75.0,111,19.0,30,134.0,144,0.0,34,,,0.0,34,46.0,79,1375.0,511,0.0,34,0.0,34,0.0,34,0.0,34,0.0,34,92.0,75,1581.0,505,0.0,34
"Columbia County, New York",1835.0,249,,,413.0,171,0.0,31,177.0,102,74.0,75,0.0,31,0.0,31,3.0,4,0.0,31,,,0.0,31,6.0,11,330.0,254,2.0,4,0.0,31,1.0,3,0.0,31,0.0,31,0.0,31,52.0,61,0.0,31
"Columbia County, Oregon",1339.0,105,,,98.0,71,59.0,82,397.0,141,133.0,87,0.0,31,0.0,31,0.0,31,0.0,31,,,59.0,82,28.0,46,427.0,169,0.0,31,23.0,40,0.0,31,0.0,31,0.0,31,28.0,34,57.0,81,0.0,31
"Columbia County, Pennsylvania",868.0,44,,,217.0,100,0.0,27,64.0,43,42.0,28,0.0,27,0.0,27,17.0,24,0.0,27,,,0.0,27,0.0,27,181.0,107,0.0,27,0.0,27,0.0,27,0.0,27,0.0,27,35.0,37,34.0,27,0.0,27
"Columbia County, Washington",11.0,24,,,0.0,13,0.0,13,0.0,13,0.0,13,0.0,13,0.0,13,0.0,13,0.0,13,,,0.0,13,0.0,13,10.0,24,0.0,13,1.0,2,0.0,13,0.0,13,0.0,13,0.0,13,0.0,13,0.0,13
"Columbia County, Wisconsin",723.0,40,,,67.0,45,119.0,58,56.0,33,66.0,38,32.0,29,0.0,23,9.0,14,0.0,23,,,18.0,25,0.0,23,169.0,69,3.0,7,0.0,23,0.0,23,0.0,23,0.0,23,19.0,22,26.0,28,0.0,23
"Columbiana County, Ohio",611.0,91,,,84.0,65,0.0,30,88.0,89,33.0,57,0.0,30,0.0,30,0.0,30,0.0,30,,,0.0,30,54.0,55,27.0,47,0.0,30,0.0,30,0.0,30,0.0,30,0.0,30,0.0,30,207.0,99,0.0,30
"Columbus County, North Carolina",369.0,56,,,48.0,59,0.0,32,36.0,47,61.0,88,0.0,32,0.0,32,0.0,32,0.0,32,,,42.0,58,0.0,32,40.0,51,0.0,32,0.0,32,0.0,32,0.0,32,0.0,32,0.0,32,0.0,32,0.0,32
"Colusa County, California",513.0,185,,,39.0,104,0.0,25,0.0,25,0.0,25,0.0,25,0.0,25,0.0,25,0.0,25,,,0.0,25,0.0,25,169.0,285,90.0,403,9.0,15,0.0,25,0.0,25,0.0,25,10.0,15,3.0,11,0.0,25
"Comal County, Texas",4781.0,663,,,643.0,351,23.0,38,612.0,270,198.0,179,0.0,35,0.0,35,38.0,46,8.0,12,,,51.0,78,126.0,181,1495.0,598,0.0,35,20.0,31,11.0,18,0.0,35,20.0,33,321.0,414,108.0,84,0.0,35
"Comanche County, Kansas",0.0,11,,,0.0,11,0.0,11,0.0,11,0.0,11,0.0,11,0.0,11,0.0,11,0.0,11,,,0.0,11,0.0,11,0.0,11,0.0,11,0.0,11,0.0,11,0.0,11,0.0,11,0.0,11,0.0,11,0.0,11
"Comanche County, Oklahoma",5605.0,299,,,486.0,178,8.0,13,627.0,195,1562.0,345,0.0,24,0.0,24,16.0,23,0.0,24,,,5.0,10,23.0,24,1669.0,285,0.0,24,7.0,11,12.0,18,0.0,24,0.0,24,83.0,62,473.0,217,0.0,24
"Comanche County, Texas",162.0,52,,,0.0,23,0.0,23,0.0,23,9.0,13,0.0,23,0.0,23,0.0,23,0.0,23,,,0.0,23,0.0,23,14.0,33,46.0,41,0.0,23,0.0,23,0.0,23,0.0,23,0.0,23,1.0,3,0.0,23
"Comerío Municipio, Puerto Rico",27.0,44,,,0.0,24,0.0,24,0.0,24,0.0,24,0.0,24,0.0,24,0.0,24,0.0,24,,,0.0,24,0.0,24,0.0,24,0.0,24,0.0,24,0.0,24,0.0,24,0.0,24,0.0,24,0.0,24,0.0,24
"Concho County, Texas",72.0,55,,,3.0,4,0.0,15,0.0,15,0.0,15,0.0,15,0.0,15,0.0,15,0.0,15,,,0.0,15,9.0,13,0.0,15,0.0,15,0.0,15,0.0,15,0.0,15,0.0,15,12.0,17,16.0,31,0.0,15
"Concordia Parish, Louisiana",79.0,61,,,0.0,22,0.0,22,0.0,22,0.0,22,0.0,22,0.0,22,0.0,22,0.0,22,,,0.0,22,0.0,22,14.0,25,0.0,22,0.0,22,0.0,22,0.0,22,0.0,22,0.0,22,3.0,7,0.0,22
"Conecuh County, Alabama",56.0,41,,,0.0,21,0.0,21,0.0,21,0.0,21,0.0,21,0.0,21,0.0,21,0.0,21,,,0.0,21,0.0,21,27.0,29,0.0,21,0.0,21,0.0,21,0.0,21,0.0,21,0.0,21,7.0,14,0.0,21
"Conejos County, Colorado",45.0,35,,,0.0,19,0.0,19,7.0,10,15.0,19,0.0,19,0.0,19,0.0,19,0.0,19,,,0.0,19,0.0,19,2.0,5,0.0,19,0.0,19,0.0,19,0.0,19,0.0,19,0.0,19,21.0,31,0.0,19
"Contra Costa County, California",274550.0,2427,,,67249.0,3412,263.0,243,16728.0,1717,13072.0,1542,805.0,376,10.0,16,4709.0,800,0.0,32,,,738.0,385,2030.0,663,76578.0,3082,2307.0,566,3369.0,874,360.0,219,1158.0,381,343.0,313,2083.0,682,14288.0,1773,0.0,32
"Converse County, Wyoming",11.0,16,,,0.0,20,0.0,20,11.0,16,0.0,20,0.0,20,0.0,20,0.0,20,0.0,20,,,0.0,20,0.0,20,0.0,20,0.0,20,0.0,20,0.0,20,0.0,20,0.0,20,0.0,20,0.0,20,0.0,20
"Conway County, Arkansas",170.0,147,,,126.0,141,0.0,24,0.0,24,0.0,24,0.0,24,0.0,24,0.0,24,0.0,24,,,0.0,24,0.0,24,44.0,46,0.0,24,0.0,24,0.0,24,0.0,24,0.0,24,0.0,24,0.0,24,0.0,24
"Cook County, Georgia",175.0,180,,,8.0,15,0.0,23,0.0,23,24.0,48,0.0,23,0.0,23,0.0,23,0.0,23,,,0.0,23,0.0,23,117.0,164,0.0,23,0.0,23,0.0,23,0.0,23,0.0,23,0.0,23,26.0,35,0.0,23
"Cook County, Illinois",476662.0,2622,,,96025.0,3479,366.0,299,20573.0,1675,41343.0,2458,5326.0,1398,126.0,170,4701.0,952,67.0,104,,,2502.0,1048,2893.0,719,91315.0,4699,1346.0,339,1571.0,547,829.0,318,40.0,66,206.0,113,8213.0,1534,20322.0,2366,280.0,197
"Cook County, Minnesota",95.0,7,,,3.0,5,0.0,13,0.0,13,0.0,13,0.0,13,0.0,13,5.0,13,0.0,13,,,0.0,13,0.0,13,35.0,25,0.0,13,0.0,13,0.0,13,0.0,13,0.0,13,0.0,13,11.0,13,0.0,13
"Cooke County, Texas",547.0,81,,,36.0,47,0.0,31,24.0,44,5.0,10,0.0,31,0.0,31,0.0,31,0.0,31,,,0.0,31,5.0,12,442.0,96,0.0,31,0.0,31,0.0,31,0.0,31,0.0,31,11.0,17,9.0,24,0.0,31
"Cooper County, Missouri",162.0,19,,,60.0,56,0.0,19,52.0,53,17.0,27,0.0,19,0.0,19,0.0,19,0.0,19,,,0.0,19,0.0,19,22.0,25,0.0,19,0.0,19,0.0,19,0.0,19,0.0,19,0.0,19,0.0,19,0.0,19
"Coos County, New Hampshire",159.0,96,,,28.0,29,0.0,26,40.0,40,22.0,30,0.0,26,0.0,26,0.0,26,0.0,26,,,0.0,26,1.0,2,10.0,13,14.0,24,0.0,26,0.0,26,0.0,26,0.0,26,2.0,7,5.0,8,0.0,26
"Coos County, Oregon",1611.0,126,,,264.0,195,0.0,31,281.0,136,28.0,38,0.0,31,25.0,43,1.0,3,0.0,31,,,178.0,222,0.0,31,545.0,213,0.0,31,5.0,10,0.0,31,0.0,31,0.0,31,79.0,94,130.0,114,0.0,31
"Coosa County, Alabama",41.0,69,,,0.0,21,0.0,21,0.0,21,41.0,69,0.0,21,0.0,21,0.0,21,0.0,21,,,0.0,21,0.0,21,0.0,21,0.0,21,0.0,21,0.0,21,0.0,21,0.0,21,0.0,21,0.0,21,0.0,21
"Copiah County, Mississippi",121.0,111,,,31.0,61,0.0,26,10.0,16,13.0,26,0.0,26,0.0,26,0.0,26,0.0,26,,,0.0,26,0.0,26,67.0,69,0.0,26,0.0,26,0.0,26,0.0,26,0.0,26,0.0,26,0.0,26,0.0,26
"Copper River Census Area, Alaska",14.0,16,,,0.0,10,0.0,10,0.0,10,7.0,9,0.0,10,0.0,10,0.0,10,0.0,10,,,0.0,10,0.0,10,3.0,7,0.0,10,0.0,10,0.0,10,0.0,10,0.0,10,0.0,10,0.0,10,0.0,10
"Corozal Municipio, Puerto Rico",26.0,45,,,0.0,32,0.0,32,0.0,32,0.0,32,0.0,32,0.0,32,0.0,32,0.0,32,,,0.0,32,0.0,32,0.0,32,0.0,32,0.0,32,0.0,32,0.0,32,0.0,32,0.0,32,26.0,45,0.0,32
"Corson County, South Dakota",0.0,10,,,0.0,10,0.0,10,0.0,10,0.0,10,0.0,10,0.0,10,0.0,10,0.0,10,,,0.0,10,0.0,10,0.0,10,0.0,10,0.0,10,0.0,10,0.0,10,0.0,10,0.0,10,0.0,10,0.0,10
"Cortland County, New York",759.0,19,,,375.0,130,0.0,28,132.0,71,19.0,24,0.0,28,0.0,28,0.0,28,0.0,28,,,0.0,28,0.0,28,90.0,65,0.0,28,13.0,20,0.0,28,0.0,28,0.0,28,0.0,28,19.0,23,0.0,28
"Coryell County, Texas",3379.0,281,,,356.0,172,0.0,35,315.0,166,738.0,240,0.0,35,24.0,39,0.0,35,0.0,35,,,0.0,35,329.0,181,1176.0,341,0.0,35,50.0,86,0.0,35,0.0,35,0.0,35,16.0,18,158.0,160,0.0,35
"Coshocton County, Ohio",195.0,7,,,136.0,86,0.0,27,38.0,70,21.0,42,0.0,27,0.0,27,0.0,27,0.0,27,,,0.0,27,0.0,27,0.0,27,0.0,27,0.0,27,0.0,27,0.0,27,0.0,27,0.0,27,0.0,27,0.0,27
"Costilla County, Colorado",52.0,41,,,0.0,13,0.0,13,45.0,38,0.0,13,0.0,13,0.0,13,0.0,13,0.0,13,,,0.0,13,0.0,13,1.0,2,0.0,13,0.0,13,0.0,13,0.0,13,0.0,13,6.0,11,0.0,13,0.0,13
"Cottle County, Texas",59.0,109,,,0.0,15,0.0,15,0.0,15,59.0,109,0.0,15,0.0,15,0.0,15,0.0,15,,,0.0,15,0.0,15,0.0,15,0.0,15,0.0,15,0.0,15,0.0,15,0.0,15,0.0,15,0.0,15,0.0,15
"Cotton County, Oklahoma",17.0,15,,,7.0,10,0.0,15,0.0,15,8.0,11,0.0,15,0.0,15,0.0,15,0.0,15,,,0.0,15,0.0,15,0.0,15,0.0,15,0.0,15,0.0,15,0.0,15,0.0,15,2.0,3,0.0,15,0.0,15
"Cottonwood County, Minnesota",521.0,127,,,12.0,17,21.0,16,0.0,15,1.0,2,0.0,15,0.0,15,0.0,15,0.0,15,,,15.0,13,17.0,27,13.0,17,0.0,15,290.0,65,0.0,15,0.0,15,0.0,15,21.0,27,98.0,66,0.0,15
"Covington County, Alabama",266.0,31,,,10.0,14,0.0,28,84.0,63,76.0,71,0.0,28,0.0,28,0.0,28,0.0,28,,,0.0,28,0.0,28,21.0,24,0.0,28,0.0,28,0.0,28,0.0,28,0.0,28,0.0,28,4.0,6,0.0,28
"Covington County, Mississippi",148.0,172,,,27.0,58,0.0,22,0.0,22,12.0,57,0.0,22,0.0,22,0.0,22,0.0,22,,,0.0,22,12.0,57,51.0,62,0.0,22,0.0,22,0.0,22,0.0,22,0.0,22,0.0,22,46.0,61,0.0,22
"Covington city, Virginia",75.0,19,,,39.0,38,0.0,19,0.0,19,19.0,32,0.0,19,0.0,19,0.0,19,0.0,19,,,0.0,19,0.0,19,17.0,28,0.0,19,0.0,19,0.0,19,0.0,19,0.0,19,0.0,19,0.0,19,0.0,19
"Coweta County, Georgia",4573.0,351,,,847.0,404,0.0,34,570.0,307,783.0,368,0.0,34,0.0,34,11.0,21,0.0,34,,,0.0,34,13.0,22,519.0,228,0.0,34,16.0,22,0.0,34,0.0,34,0.0,34,15.0,24,782.0,323,0.0,34
"Cowley County, Kansas",784.0,37,,,46.0,56,0.0,24,62.0,66,8.0,14,0.0,24,0.0,24,0.0,24,0.0,24,,,0.0,24,0.0,24,81.0,77,0.0,24,293.0,130,0.0,24,0.0,24,0.0,24,0.0,24,271.0,138,0.0,24
"Cowlitz County, Washington",3003.0,148,,,450.0,211,0.0,31,354.0,158,204.0,98,17.0,27,0.0,31,0.0,31,0.0,31,,,0.0,31,193.0,147,751.0,278,11.0,17,0.0,31,0.0,31,0.0,31,0.0,31,0.0,31,473.0,186,0.0,31
"Craig County, Oklahoma",218.0,19,,,32.0,35,79.0,70,0.0,16,18.0,25,0.0,16,0.0,16,0.0,16,0.0,16,,,0.0,16,0.0,16,0.0,16,30.0,34,5.0,11,0.0,16,0.0,16,0.0,16,0.0,16,51.0,44,0.0,16
"Craig County, Virginia",23.0,39,,,0.0,13,0.0,13,0.0,13,0.0,13,0.0,13,0.0,13,0.0,13,0.0,13,,,0.0,13,0.0,13,0.0,13,0.0,13,0.0,13,0.0,13,0.0,13,0.0,13,0.0,13,0.0,13,0.0,13
"Craighead County, Arkansas",2398.0,381,,,632.0,212,0.0,30,46.0,37,98.0,76,0.0,30,0.0,30,0.0,30,0.0,30,,,0.0,30,0.0,30,611.0,204,6.0,9,148.0,132,0.0,30,0.0,30,0.0,30,2.0,4,481.0,292,0.0,30
"Crane County, Texas",113.0,68,,,0.0,15,0.0,15,0.0,15,0.0,15,0.0,15,0.0,15,0.0,15,0.0,15,,,31.0,53,0.0,15,82.0,81,0.0,15,0.0,15,0.0,15,0.0,15,0.0,15,0.0,15,0.0,15,0.0,15
"Craven County, North Carolina",4599.0,512,,,505.0,376,17.0,26,422.0,206,555.0,158,0.0,32,3.0,11,0.0,32,0.0,32,,,1017.0,401,182.0,223,629.0,192,136.0,128,28.0,43,0.0,32,0.0,32,0.0,32,184.0,229,414.0,247,0.0,32
"Crawford County, Arkansas",1039.0,259,,,55.0,179,0.0,30,0.0,30,175.0,95,0.0,30,0.0,30,0.0,30,0.0,30,,,0.0,30,0.0,30,110.0,90,0.0,30,280.0,149,0.0,30,0.0,30,0.0,30,105.0,132,43.0,59,0.0,30
"Crawford County, Georgia",92.0,108,,,11.0,28,0.0,23,0.0,23,0.0,23,0.0,23,0.0,23,0.0,23,0.0,23,,,0.0,23,0.0,23,81.0,107,0.0,23,0.0,23,0.0,23,0.0,23,0.0,23,0.0,23,0.0,23,0.0,23
"Crawford County, Illinois",135.0,24,,,1.0,2,0.0,19,17.0,22,0.0,19,0.0,19,0.0,19,0.0,19,0.0,19,,,0.0,19,0.0,19,95.0,40,0.0,19,0.0,19,0.0,19,0.0,19,0.0,19,0.0,19,5.0,9,0.0,19
"Crawford County, Indiana",55.0,63,,,0.0,20,0.0,20,0.0,20,14.0,24,0.0,20,0.0,20,0.0,20,0.0,20,,,0.0,20,0.0,20,0.0,20,0.0,20,0.0,20,0.0,20,0.0,20,0.0,20,0.0,20,0.0,20,0.0,20
"Crawford County, Iowa",431.0,16,,,0.0,16,0.0,16,33.0,46,75.0,108,0.0,16,0.0,16,0.0,16,0.0,16,,,112.0,85,0.0,16,22.0,29,0.0,16,0.0,16,0.0,16,0.0,16,0.0,16,166.0,124,3.0,5,0.0,16
"Crawford County, Kansas",869.0,48,,,222.0,123,0.0,24,36.0,56,11.0,20,0.0,24,0.0,24,0.0,24,0.0,24,,,0.0,24,0.0,24,216.0,133,0.0,24,0.0,24,0.0,24,0.0,24,0.0,24,197.0,142,126.0,70,0.0,24
"Crawford County, Michigan",134.0,18,,,0.0,17,0.0,17,7.0,10,3.0,5,0.0,17,0.0,17,0.0,17,0.0,17,,,0.0,17,0.0,17,4.0,7,0.0,17,0.0,17,0.0,17,0.0,17,0.0,17,18.0,25,25.0,36,0.0,17
"Crawford County, Missouri",52.0,29,,,3.0,6,0.0,22,8.0,12,0.0,22,0.0,22,0.0,22,0.0,22,0.0,22,,,0.0,22,0.0,22,17.0,20,0.0,22,0.0,22,0.0,22,0.0,22,0.0,22,0.0,22,6.0,11,0.0,22
"Crawford County, Ohio",331.0,8,,,77.0,96,0.0,27,229.0,110,0.0,27,0.0,27,0.0,27,0.0,27,0.0,27,,,0.0,27,0.0,27,0.0,27,0.0,27,0.0,27,0.0,27,0.0,27,0.0,27,0.0,27,21.0,46,0.0,27
"Crawford County, Pennsylvania",768.0,81,,,213.0,95,0.0,27,60.0,42,160.0,82,8.0,11,0.0,27,4.0,5,0.0,27,,,0.0,27,19.0,30,199.0,63,0.0,27,6.0,13,0.0,27,0.0,27,0.0,27,0.0,27,22.0,28,0.0,27
"Crawford County, Wisconsin",175.0,36,,,35.0,33,0.0,16,26.0,20,56.0,39,0.0,16,0.0,16,0.0,16,0.0,16,,,1.0,4,0.0,16,45.0,38,0.0,16,0.0,16,0.0,16,0.0,16,0.0,16,0.0,16,5.0,7,0.0,16
"Creek County, Oklahoma",910.0,110,,,52.0,59,0.0,24,44.0,46,9.0,10,0.0,24,0.0,24,45.0,63,0.0,24,,,73.0,104,0.0,24,308.0,126,0.0,24,1.0,4,0.0,24,0.0,24,0.0,24,138.0,126,125.0,91,0.0,24
"Crenshaw County, Alabama",212.0,28,,,0.0,21,0.0,21,0.0,21,129.0,77,0.0,21,0.0,21,0.0,21,0.0,21,,,0.0,21,0.0,21,63.0,77,0.0,21,0.0,21,0.0,21,0.0,21,0.0,21,0.0,21,0.0,21,0.0,21
"Crisp County, Georgia",239.0,23,,,54.0,79,0.0,23,32.0,55,59.0,73,0.0,23,0.0,23,0.0,23,0.0,23,,,0.0,23,0.0,23,0.0,23,0.0,23,0.0,23,0.0,23,0.0,23,0.0,23,0.0,23,63.0,77,0.0,23
"Crittenden County, Arkansas",535.0,104,,,100.0,49,0.0,27,11.0,19,152.0,128,0.0,27,0.0,27,0.0,27,0.0,27,,,0.0,27,0.0,27,147.0,103,0.0,27,0.0,27,0.0,27,0.0,27,0.0,27,0.0,27,10.0,17,0.0,27
"Crittenden County, Kentucky",28.0,62,,,0.0,18,0.0,18,23.0,57,0.0,18,0.0,18,0.0,18,0.0,18,0.0,18,,,0.0,18,0.0,18,5.0,11,0.0,18,0.0,18,0.0,18,0.0,18,0.0,18,0.0,18,0.0,18,0.0,18
"Crockett County, Tennessee",68.0,3,,,3.0,6,0.0,21,12.0,14,4.0,9,0.0,21,0.0,21,0.0,21,0.0,21,,,0.0,21,0.0,21,12.0,13,0.0,21,0.0,21,0.0,21,0.0,21,0.0,21,7.0,11,14.0,14,0.0,21
"Crockett County, Texas",0.0,15,,,0.0,15,0.0,15,0.0,15,0.0,15,0.0,15,0.0,15,0.0,15,0.0,15,,,0.0,15,0.0,15,0.0,15,0.0,15,0.0,15,0.0,15,0.0,15,0.0,15,0.0,15,0.0,15,0.0,15
"Crook County, Oregon",265.0,30,,,30.0,37,0.0,25,28.0,38,4.0,8,31.0,43,0.0,25,0.0,25,0.0,25,,,0.0,25,0.0,25,95.0,70,44.0,63,0.0,25,0.0,25,0.0,25,0.0,25,0.0,25,0.0,25,0.0,25
"Crook County, Wyoming",42.0,46,,,0.0,18,0.0,18,0.0,18,2.0,4,0.0,18,0.0,18,0.0,18,0.0,18,,,0.0,18,0.0,18,16.0,22,0.0,18,0.0,18,0.0,18,0.0,18,0.0,18,0.0,18,24.0,38,0.0,18
"Crosby County, Texas",64.0,27,,,33.0,29,0.0,21,0.0,21,0.0,21,0.0,21,0.0,21,0.0,21,0.0,21,,,0.0,21,0.0,21,3.0,5,0.0,21,0.0,21,0.0,21,0.0,21,0.0,21,0.0,21,15.0,21,0.0,21
"Cross County, Arkansas",14.0,18,,,10.0,16,0.0,20,0.0,20,4.0,9,0.0,20,0.0,20,0.0,20,0.0,20,,,0.0,20,0.0,20,0.0,20,0.0,20,0.0,20,0.0,20,0.0,20,0.0,20,0.0,20,0.0,20,0.0,20
"Crow Wing County, Minnesota",631.0,55,,,92.0,59,10.0,14,33.0,24,124.0,73,0.0,22,0.0,22,0.0,22,0.0,22,,,0.0,22,0.0,22,240.0,91,3.0,4,10.0,14,0.0,22,0.0,22,0.0,22,7.0,11,72.0,62,0.0,22
"Crowley County, Colorado",299.0,133,,,0.0,19,0.0,19,4.0,6,12.0,31,0.0,19,0.0,19,0.0,19,0.0,19,,,0.0,19,0.0,19,50.0,38,0.0,19,0.0,19,0.0,19,0.0,19,0.0,19,0.0,19,200.0,127,0.0,19
"Culberson County, Texas",38.0,36,,,0.0,15,0.0,15,0.0,15,0.0,15,0.0,15,0.0,15,0.0,15,0.0,15,,,0.0,15,0.0,15,38.0,36,0.0,15,0.0,15,0.0,15,0.0,15,0.0,15,0.0,15,0.0,15,0.0,15
"Culebra Municipio, Puerto Rico",11.0,14,,,11.0,14,0.0,15,0.0,15,0.0,15,0.0,15,0.0,15,0.0,15,0.0,15,,,0.0,15,0.0,15,0.0,15,0.0,15,0.0,15,0.0,15,0.0,15,0.0,15,0.0,15,0.0,15,0.0,15
"Cullman County, Alabama",770.0,92,,,46.0,51,0.0,31,75.0,67,17.0,22,0.0,31,0.0,31,0.0,31,0.0,31,,,0.0,31,15.0,26,326.0,172,0.0,31,0.0,31,0.0,31,0.0,31,0.0,31,7.0,12,225.0,202,0.0,31
"Culpeper County, Virginia",1769.0,454,,,338.0,326,0.0,31,171.0,126,70.0,57,0.0,31,0.0,31,16.0,32,0.0,31,,,0.0,31,236.0,247,34.0,51,0.0,31,56.0,74,0.0,31,0.0,31,0.0,31,7.0,31,162.0,220,0.0,31
"Cumberland County, Illinois",10.0,19,,,0.0,19,0.0,19,0.0,19,0.0,19,0.0,19,0.0,19,0.0,19,0.0,19,,,0.0,19,0.0,19,10.0,19,0.0,19,0.0,19,0.0,19,0.0,19,0.0,19,0.0,19,0.0,19,0.0,19
"Cumberland County, Kentucky",75.0,57,,,0.0,18,0.0,18,0.0,18,0.0,18,0.0,18,0.0,18,0.0,18,0.0,18,,,0.0,18,0.0,18,58.0,46,0.0,18,0.0,18,0.0,18,0.0,18,0.0,18,0.0,18,0.0,18,0.0,18
"Cumberland County, Maine",11020.0,347,,,2381.0,428,0.0,26,979.0,318,1193.0,369,0.0,26,0.0,26,133.0,125,0.0,26,,,10.0,17,969.0,419,1665.0,477,91.0,89,5.0,8,41.0,69,0.0,26,0.0,26,431.0,249,1242.0,373,0.0,26
"Cumberland County, New Jersey",3223.0,466,,,78.0,98,0.0,32,277.0,164,243.0,150,0.0,32,0.0,32,0.0,32,0.0,32,,,0.0,32,0.0,32,372.0,265,0.0,32,0.0,32,0.0,32,0.0,32,32.0,52,13.0,26,8.0,8,0.0,32
"Cumberland County, North Carolina",14909.0,643,,,1461.0,518,35.0,45,1210.0,295,3239.0,417,71.0,103,55.0,55,27.0,29,0.0,32,,,87.0,89,85.0,93,3915.0,510,72.0,79,145.0,75,13.0,22,5.0,9,0.0,32,508.0,197,1277.0,346,0.0,32
"Cumberland County, Pennsylvania",17139.0,295,,,2134.0,595,0.0,27,650.0,228,1286.0,387,4.0,7,0.0,27,135.0,96,0.0,27,,,128.0,172,421.0,233,966.0,300,190.0,167,545.0,375,0.0,27,0.0,27,0.0,27,453.0,289,1244.0,365,0.0,27
"Cumberland County, Tennessee",493.0,26,,,40.0,44,0.0,32,79.0,80,33.0,64,0.0,32,0.0,32,0.0,32,0.0,32,,,0.0,32,0.0,32,275.0,141,0.0,32,0.0,32,0.0,32,0.0,32,0.0,32,0.0,32,0.0,32,0.0,32
"Cumberland County, Virginia",0.0,19,,,0.0,19,0.0,19,0.0,19,0.0,19,0.0,19,0.0,19,0.0,19,0.0,19,,,0.0,19,0.0,19,0.0,19,0.0,19,0.0,19,0.0,19,0.0,19,0.0,19,0.0,19,0.0,19,0.0,19
"Cuming County, Nebraska",20.0,19,,,0.0,15,0.0,15,0.0,15,0.0,15,0.0,15,0.0,15,0.0,15,0.0,15,,,0.0,15,0.0,15,10.0,11,0.0,15,0.0,15,0.0,15,0.0,15,0.0,15,10.0,16,0.0,15,0.0,15
"Currituck County, North Carolina",547.0,102,,,68.0,60,0.0,25,130.0,109,75.0,88,0.0,25,0.0,25,0.0,25,0.0,25,,,0.0,25,0.0,25,77.0,50,0.0,25,0.0,25,0.0,25,36.0,54,0.0,25,0.0,25,87.0,106,0.0,25
"Curry County, New Mexico",1274.0,152,,,30.0,40,9.0,16,22.0,23,226.0,140,0.0,28,0.0,28,0.0,28,0.0,28,,,0.0,28,0.0,28,574.0,172,36.0,53,0.0,28,0.0,28,0.0,28,0.0,28,6.0,8,149.0,95,0.0,28
"Curry County, Oregon",432.0,96,,,68.0,53,0.0,25,9.0,13,20.0,22,24.0,31,29.0,37,0.0,25,0.0,25,,,0.0,25,0.0,25,142.0,66,7.0,7,0.0,25,0.0,25,0.0,25,0.0,25,0.0,25,1.0,3,0.0,25
"Custer County, Colorado",75.0,37,,,0.0,19,0.0,19,18.0,16,0.0,19,0.0,19,0.0,19,0.0,19,0.0,19,,,0.0,19,0.0,19,25.0,25,0.0,19,0.0,19,0.0,19,0.0,19,0.0,19,0.0,19,8.0,14,0.0,19
"Custer County, Idaho",187.0,97,,,0.0,12,0.0,12,37.0,61,1.0,3,0.0,12,0.0,12,0.0,12,0.0,12,,,0.0,12,0.0,12,134.0,125,0.0,12,0.0,12,0.0,12,0.0,12,0.0,12,0.0,12,0.0,12,0.0,12
"Custer County, Montana",149.0,22,,,29.0,22,0.0,17,62.0,39,7.0,10,0.0,17,0.0,17,0.0,17,0.0,17,,,0.0,17,0.0,17,32.0,27,0.0,17,0.0,17,0.0,17,0.0,17,0.0,17,0.0,17,19.0,22,0.0,17
"Custer County, Nebraska",24.0,27,,,0.0,16,0.0,16,2.0,3,11.0,13,0.0,16,0.0,16,0.0,16,0.0,16,,,0.0,16,0.0,16,0.0,16,0.0,16,1.0,4,0.0,16,0.0,16,0.0,16,0.0,16,0.0,16,0.0,16
"Custer County, Oklahoma",697.0,132,,,149.0,145,0.0,19,84.0,75,41.0,49,0.0,19,0.0,19,0.0,19,0.0,19,,,0.0,19,0.0,19,234.0,110,0.0,19,0.0,19,0.0,19,0.0,19,0.0,19,53.0,64,54.0,64,0.0,19
"Custer County, South Dakota",54.0,59,,,16.0,28,0.0,15,0.0,15,16.0,21,0.0,15,0.0,15,0.0,15,0.0,15,,,0.0,15,0.0,15,18.0,42,0.0,15,0.0,15,0.0,15,0.0,15,0.0,15,0.0,15,4.0,8,0.0,15
"Cuyahoga County, Ohio",53082.0,935,,,11308.0,1060,44.0,48,2302.0,569,3248.0,620,21.0,26,16.0,22,507.0,196,0.0,30,,,188.0,148,954.0,335,6906.0,869,282.0,161,110.0,66,94.0,70,0.0,30,5.0,10,641.0,245,2662.0,545,28.0,41
"Dade County, Georgia",209.0,23,,,4.0,9,0.0,23,6.0,13,4.0,11,0.0,23,0.0,23,0.0,23,0.0,23,,,0.0,23,0.0,23,2.0,6,0.0,23,0.0,23,0.0,23,0.0,23,0.0,23,0.0,23,9.0,18,0.0,23
"Dade County, Missouri",62.0,37,,,6.0,7,0.0,17,0.0,17,1.0,2,0.0,17,0.0,17,0.0,17,0.0,17,,,0.0,17,0.0,17,40.0,36,0.0,17,0.0,17,0.0,17,0.0,17,0.0,17,0.0,17,3.0,8,0.0,17
"Daggett County, Utah",2.0,5,,,0.0,12,0.0,12,2.0,5,0.0,12,0.0,12,0.0,12,0.0,12,0.0,12,,,0.0,12,0.0,12,0.0,12,0.0,12,0.0,12,0.0,12,0.0,12,0.0,12,0.0,12,0.0,12,0.0,12
"Dakota County, Minnesota",30193.0,569,,,3515.0,505,2245.0,516,1523.0,386,2589.0,543,0.0,22,13.0,19,276.0,194,0.0,22,,,213.0,122,2116.0,555,3895.0,730,14.0,22,846.0,402,39.0,37,0.0,22,0.0,22,473.0,187,3874.0,713,0.0,22
"Dakota County, Nebraska",792.0,19,,,142.0,119,77.0,97,12.0,19,25.0,43,0.0,19,0.0,19,86.0,126,0.0,19,,,0.0,19,0.0,19,103.0,106,0.0,19,170.0,144,0.0,19,0.0,19,0.0,19,118.0,137,0.0,19,0.0,19
"Dale County, Alabama",1062.0,78,,,139.0,82,0.0,28,192.0,124,182.0,95,0.0,28,0.0,28,8.0,14,0.0,28,,,0.0,28,132.0,128,270.0,101,0.0,28,12.0,20,0.0,28,0.0,28,0.0,28,63.0,64,61.0,49,0.0,28
"Dallam County, Texas",6.0,12,,,0.0,21,0.0,21,0.0,21,0.0,21,0.0,21,0.0,21,0.0,21,0.0,21,,,0.0,21,0.0,21,6.0,12,0.0,21,0.0,21,0.0,21,0.0,21,0.0,21,0.0,21,0.0,21,0.0,21
"Dallas County, Alabama",238.0,10,,,5.0,10,0.0,28,0.0,28,7.0,11,0.0,28,0.0,28,0.0,28,0.0,28,,,0.0,28,0.0,28,0.0,28,0.0,28,0.0,28,0.0,28,0.0,28,0.0,28,0.0,28,91.0,86,0.0,28
"Dallas County, Arkansas",19.0,26,,,0.0,18,0.0,18,0.0,18,0.0,18,0.0,18,0.0,18,0.0,18,0.0,18,,,0.0,18,0.0,18,7.0,12,0.0,18,12.0,20,0.0,18,0.0,18,0.0,18,0.0,18,0.0,18,0.0,18
"Dallas County, Iowa",6366.0,193,,,676.0,450,0.0,24,56.0,79,670.0,313,0.0,24,0.0,24,37.0,73,0.0,24,,,0.0,24,0.0,24,577.0,362,38.0,47,380.0,217,75.0,85,0.0,24,0.0,24,7.0,11,563.0,273,0.0,24
"Dallas County, Missouri",3.0,5,,,0.0,19,0.0,19,0.0,19,0.0,19,0.0,19,0.0,19,0.0,19,0.0,19,,,0.0,19,0.0,19,0.0,19,1.0,2,0.0,19,0.0,19,0.0,19,0.0,19,0.0,19,0.0,19,0.0,19
"Dallas County, Texas",206761.0,1995,,,19941.0,1562,213.0,182,5771.0,946,9840.0,1142,53.0,57,20.0,24,1803.0,340,0.0,35,,,3572.0,1124,2446.0,799,16989.0,1862,359.0,191,2107.0,649,377.0,197,0.0,35,45.0,39,2644.0,548,37045.0,2277,81.0,127
"Dane County, Wisconsin",42789.0,679,,,11164.0,1010,4442.0,967,2028.0,415,3237.0,561,66.0,64,32.0,40,744.0,341,24.0,45,,,39.0,51,776.0,413,2922.0,542,305.0,216,1087.0,469,35.0,37,0.0,23,45.0,51,781.0,369,1807.0,465,18.0,31
"Daniels County, Montana",28.0,26,,,2.0,4,0.0,11,0.0,11,24.0,26,0.0,11,0.0,11,0.0,11,0.0,11,,,0.0,11,0.0,11,0.0,11,0.0,11,0.0,11,0.0,11,0.0,11,0.0,11,2.0,5,0.0,11,0.0,11
"Danville city, Virginia",699.0,49,,,28.0,39,0.0,28,30.0,49,14.0,21,0.0,28,0.0,28,0.0,28,0.0,28,,,0.0,28,0.0,28,147.0,158,0.0,28,0.0,28,0.0,28,0.0,28,0.0,28,4.0,8,131.0,52,0.0,28
"Dare County, North Carolina",450.0,32,,,99.0,72,0.0,29,33.0,39,12.0,21,0.0,29,2.0,3,0.0,29,0.0,29,,,0.0,29,0.0,29,217.0,76,0.0,29,0.0,29,23.0,26,0.0,29,0.0,29,0.0,29,18.0,23,0.0,29
"Darke County, Ohio",382.0,27,,,136.0,102,0.0,30,19.0,20,0.0,30,0.0,30,0.0,30,0.0,30,0.0,30,,,0.0,30,71.0,93,151.0,85,0.0,30,0.0,30,0.0,30,0.0,30,0.0,30,0.0,30,0.0,30,0.0,30
"Darlington County, South Carolina",469.0,33,,,37.0,55,0.0,33,0.0,33,15.0,30,0.0,33,0.0,33,0.0,33,0.0,33,,,0.0,33,0.0,33,322.0,137,31.0,60,0.0,33,0.0,33,0.0,33,0.0,33,21.0,41,10.0,73,0.0,33
"Dauphin County, Pennsylvania",19831.0,284,,,2135.0,431,115.0,177,469.0,274,734.0,271,0.0,27,0.0,27,36.0,42,0.0,27,,,0.0,27,316.0,215,1133.0,301,130.0,94,28.0,47,0.0,27,0.0,27,6.0,14,202.0,148,2223.0,562,0.0,27
"Davidson County, North Carolina",3979.0,330,,,239.0,175,27.0,45,356.0,190,125.0,105,0.0,32,0.0,32,32.0,52,0.0,32,,,0.0,32,781.0,297,680.0,280,0.0,32,197.0,186,0.0,32,0.0,32,0.0,32,50.0,69,511.0,295,0.0,32
"Davidson County, Tennessee",34021.0,1096,,,4866.0,682,0.0,32,1436.0,406,2681.0,681,10.0,16,0.0,32,152.0,99,0.0,32,,,2708.0,1051,802.0,312,4085.0,731,242.0,185,1223.0,418,215.0,186,0.0,32,0.0,32,804.0,465,2842.0,567,0.0,32
"Davie County, North Carolina",480.0,85,,,57.0,87,0.0,29,16.0,38,74.0,68,0.0,29,0.0,29,0.0,29,0.0,29,,,0.0,29,0.0,29,197.0,93,0.0,29,0.0,29,0.0,29,0.0,29,0.0,29,0.0,29,63.0,67,0.0,29
"Daviess County, Indiana",363.0,232,,,19.0,13,0.0,27,50.0,44,6.0,10,0.0,27,26.0,40,0.0,27,0.0,27,,,0.0,27,0.0,27,51.0,30,0.0,27,0.0,27,0.0,27,0.0,27,0.0,27,0.0,27,5.0,12,0.0,27
"Daviess County, Kentucky",2539.0,69,,,69.0,78,0.0,30,32.0,34,148.0,127,0.0,30,0.0,30,9.0,14,0.0,30,,,1529.0,338,0.0,30,178.0,160,36.0,47,0.0,30,0.0,30,0.0,30,0.0,30,16.0,26,64.0,91,0.0,30
"Daviess County, Missouri",29.0,24,,,17.0,21,0.0,17,0.0,17,6.0,8,0.0,17,0.0,17,0.0,17,0.0,17,,,0.0,17,0.0,17,6.0,9,0.0,17,0.0,17,0.0,17,0.0,17,0.0,17,0.0,17,0.0,17,0.0,17
"Davis County, Iowa",35.0,45,,,33.0,45,0.0,15,2.0,4,0.0,15,0.0,15,0.0,15,0.0,15,0.0,15,,,0.0,15,0.0,15,0.0,15,0.0,15,0.0,15,0.0,15,0.0,15,0.0,15,0.0,15,0.0,15,0.0,15
"Davis County, Utah",13947.0,467,,,2210.0,624,54.0,61,2772.0,489,1004.0,339,8.0,11,287.0,270,124.0,91,0.0,29,,,127.0,210,436.0,340,3543.0,608,67.0,60,197.0,156,135.0,182,0.0,29,0.0,29,666.0,320,950.0,460,20.0,32
"Davison County, South Dakota",119.0,86,,,20.0,34,0.0,16,2.0,7,18.0,32,0.0,16,0.0,16,0.0,16,0.0,16,,,0.0,16,0.0,16,58.0,69,0.0,16,0.0,16,0.0,16,0.0,16,0.0,16,0.0,16,0.0,16,0.0,16
"Dawes County, Nebraska",151.0,21,,,2.0,5,0.0,15,18.0,33,25.0,41,0.0,15,0.0,15,34.0,46,0.0,15,,,0.0,15,0.0,15,5.0,22,0.0,15,67.0,68,0.0,15,0.0,15,0.0,15,0.0,15,0.0,15,0.0,15
"Dawson County, Georgia",419.0,27,,,10.0,17,0.0,27,0.0,27,90.0,75,0.0,27,0.0,27,0.0,27,0.0,27,,,0.0,27,0.0,27,235.0,87,0.0,27,0.0,27,0.0,27,0.0,27,0.0,27,0.0,27,0.0,27,0.0,27
"Dawson County, Montana",68.0,2,,,1.0,2,0.0,15,21.0,23,0.0,15,0.0,15,0.0,15,0.0,15,0.0,15,,,0.0,15,0.0,15,46.0,23,0.0,15,0.0,15,0.0,15,0.0,15,0.0,15,0.0,15,0.0,15,0.0,15
"Dawson County, Nebraska",385.0,83,,,0.0,19,0.0,19,16.0,34,16.0,34,56.0,66,0.0,19,0.0,19,0.0,19,,,0.0,19,7.0,9,179.0,92,0.0,19,0.0,19,0.0,19,0.0,19,0.0,19,0.0,19,40.0,41,0.0,19
"Dawson County, Texas",60.0,55,,,0.0,23,0.0,23,0.0,23,9.0,19,0.0,23,0.0,23,0.0,23,0.0,23,,,0.0,23,0.0,23,5.0,13,0.0,23,0.0,23,0.0,23,0.0,23,0.0,23,0.0,23,24.0,35,0.0,23
"Day County, South Dakota",23.0,20,,,3.0,7,0.0,15,0.0,15,0.0,15,0.0,15,0.0,15,0.0,15,0.0,15,,,1.0,2,0.0,15,14.0,22,0.0,15,0.0,15,0.0,15,0.0,15,0.0,15,0.0,15,0.0,15,0.0,15
"De Baca County, New Mexico",0.0,13,,,0.0,13,0.0,13,0.0,13,0.0,13,0.0,13,0.0,13,0.0,13,0.0,13,,,0.0,13,0.0,13,0.0,13,0.0,13,0.0,13,0.0,13,0.0,13,0.0,13,0.0,13,0.0,13,0.0,13
"De Soto Parish, Louisiana",64.0,78,,,0.0,26,0.0,26,0.0,26,0.0,26,0.0,26,0.0,26,0.0,26,0.0,26,,,0.0,26,0.0,26,0.0,26,0.0,26,0.0,26,0.0,26,0.0,26,0.0,26,20.0,31,43.0,69,0.0,26
"De Witt County, Illinois",113.0,19,,,0.0,19,0.0,19,40.0,35,17.0,23,0.0,19,0.0,19,4.0,8,0.0,19,,,0.0,19,0.0,19,0.0,19,0.0,19,0.0,19,0.0,19,0.0,19,0.0,19,0.0,19,0.0,19,0.0,19
"DeKalb County, Alabama",261.0,117,,,0.0,31,0.0,31,13.0,12,0.0,31,33.0,42,0.0,31,0.0,31,0.0,31,,,0.0,31,0.0,31,136.0,111,0.0,31,0.0,31,0.0,31,0.0,31,0.0,31,0.0,31,54.0,66,0.0,31
"DeKalb County, Georgia",57152.0,890,,,9680.0,1162,36.0,47,1979.0,495,4688.0,771,0.0,34,19.0,31,565.0,268,0.0,34,,,3047.0,1032,423.0,285,3505.0,767,212.0,199,230.0,164,185.0,133,0.0,34,76.0,82,1176.0,519,4670.0,747,7.0,11
"DeKalb County, Illinois",3806.0,261,,,296.0,209,0.0,29,302.0,215,241.0,139,15.0,25,0.0,29,0.0,29,0.0,29,,,35.0,41,20.0,22,1197.0,415,27.0,42,87.0,85,0.0,29,0.0,29,0.0,29,82.0,102,158.0,185,0.0,29
"DeKalb County, Indiana",342.0,47,,,54.0,44,0.0,27,15.0,23,103.0,74,0.0,27,0.0,27,0.0,27,0.0,27,,,0.0,27,0.0,27,121.0,83,0.0,27,0.0,27,0.0,27,0.0,27,0.0,27,0.0,27,0.0,27,0.0,27
"DeKalb County, Missouri",87.0,57,,,1.0,2,0.0,19,0.0,19,0.0,19,0.0,19,0.0,19,0.0,19,0.0,19,,,0.0,19,0.0,19,57.0,47,0.0,19,0.0,19,0.0,19,0.0,19,0.0,19,0.0,19,5.0,9,0.0,19
"DeKalb County, Tennessee",253.0,6,,,12.0,21,73.0,95,33.0,37,0.0,25,0.0,25,0.0,25,0.0,25,0.0,25,,,0.0,25,0.0,25,106.0,74,0.0,25,0.0,25,0.0,25,0.0,25,0.0,25,29.0,49,0.0,25,0.0,25
"DeSoto County, Florida",184.0,167,,,53.0,77,0.0,31,12.0,18,18.0,18,0.0,31,0.0,31,0.0,31,0.0,31,,,0.0,31,10.0,20,0.0,31,0.0,31,0.0,31,0.0,31,0.0,31,0.0,31,0.0,31,0.0,31,0.0,31
"DeSoto County, Mississippi",4267.0,288,,,564.0,257,0.0,33,377.0,231,68.0,80,0.0,33,0.0,33,12.0,21,0.0,33,,,0.0,33,59.0,86,952.0,478,169.0,158,0.0,33,0.0,33,0.0,33,0.0,33,107.0,119,1094.0,377,0.0,33
"DeWitt County, Texas",157.0,154,,,0.0,23,0.0,23,40.0,52,0.0,23,0.0,23,0.0,23,0.0,23,0.0,23,,,0.0,23,0.0,23,20.0,39,0.0,23,0.0,23,0.0,23,0.0,23,0.0,23,0.0,23,91.0,131,0.0,23
"Deaf Smith County, Texas",104.0,143,,,0.0,23,0.0,23,18.0,30,8.0,15,0.0,23,0.0,23,0.0,23,0.0,23,,,0.0,23,0.0,23,78.0,113,0.0,23,0.0,23,0.0,23,0.0,23,0.0,23,0.0,23,0.0,23,0.0,23
"Dearborn County, Indiana",336.0,30,,,0.0,30,0.0,30,39.0,36,5.0,10,0.0,30,0.0,30,0.0,30,0.0,30,,,55.0,65,0.0,30,35.0,29,0.0,30,16.0,25,0.0,30,0.0,30,0.0,30,10.0,20,15.0,26,0.0,30
"Decatur County, Georgia",217.0,19,,,0.0,27,0.0,27,0.0,27,0.0,27,0.0,27,0.0,27,0.0,27,0.0,27,,,0.0,27,0.0,27,46.0,62,0.0,27,0.0,27,0.0,27,0.0,27,0.0,27,9.0,20,0.0,27,0.0,27
"Decatur County, Indiana",55.0,46,,,18.0,22,0.0,24,0.0,24,0.0,24,0.0,24,0.0,24,0.0,24,0.0,24,,,0.0,24,1.0,2,15.0,23,0.0,24,0.0,24,4.0,7,0.0,24,0.0,24,0.0,24,0.0,24,0.0,24
"Decatur County, Iowa",86.0,3,,,10.0,16,0.0,15,7.0,16,36.0,24,0.0,15,0.0,15,0.0,15,1.0,3,,,5.0,8,0.0,15,0.0,15,8.0,15,0.0,15,0.0,15,0.0,15,0.0,15,0.0,15,0.0,15,0.0,15
"Decatur County, Kansas",30.0,22,,,0.0,11,0.0,11,12.0,18,0.0,11,0.0,11,0.0,11,0.0,11,0.0,11,,,0.0,11,0.0,11,18.0,18,0.0,11,0.0,11,0.0,11,0.0,11,0.0,11,0.0,11,0.0,11,0.0,11
"Decatur County, Tennessee",108.0,138,,,3.0,5,0.0,21,0.0,21,4.0,5,0.0,21,0.0,21,0.0,21,0.0,21,,,0.0,21,0.0,21,2.0,4,0.0,21,0.0,21,0.0,21,0.0,21,0.0,21,0.0,21,0.0,21,0.0,21
"Deer Lodge County, Montana",142.0,66,,,16.0,27,80.0,60,12.0,14,6.0,9,0.0,15,0.0,15,0.0,15,0.0,15,,,0.0,15,0.0,15,24.0,36,0.0,15,0.0,15,0.0,15,0.0,15,0.0,15,0.0,15,0.0,15,0.0,15
"Defiance County, Ohio",325.0,80,,,6.0,10,0.0,27,18.0,21,112.0,72,0.0,27,0.0,27,0.0,27,0.0,27,,,0.0,27,0.0,27,114.0,63,0.0,27,0.0,27,0.0,27,0.0,27,0.0,27,0.0,27,4.0,19,0.0,27
"Del Norte County, California",2005.0,583,,,126.0,78,132.0,131,208.0,187,137.0,119,0.0,25,0.0,25,0.0,25,0.0,25,,,0.0,25,9.0,13,266.0,218,0.0,25,471.0,340,0.0,25,0.0,25,0.0,25,444.0,354,208.0,202,0.0,25
"Delaware County, Indiana",2349.0,170,,,405.0,162,26.0,49,110.0,92,158.0,89,0.0,30,0.0,30,6.0,10,0.0,30,,,0.0,30,0.0,30,288.0,119,0.0,30,0.0,30,22.0,41,0.0,30,0.0,30,33.0,24,460.0,253,0.0,30
"Delaware County, Iowa",33.0,33,,,0.0,16,0.0,16,0.0,16,15.0,25,0.0,16,0.0,16,0.0,16,0.0,16,,,0.0,16,0.0,16,13.0,18,0.0,16,0.0,16,0.0,16,0.0,16,0.0,16,1.0,2,0.0,16,0.0,16
"Delaware County, New York",788.0,96,,,218.0,95,0.0,28,67.0,38,81.0,52,35.0,46,0.0,28,54.0,47,0.0,28,,,46.0,68,0.0,28,95.0,59,5.0,9,0.0,28,11.0,22,0.0,28,0.0,28,10.0,19,17.0,20,0.0,28
"Delaware County, Ohio",20937.0,319,,,3763.0,792,0.0,30,894.0,373,1202.0,402,38.0,58,0.0,30,105.0,81,0.0,30,,,0.0,30,6.0,14,1343.0,427,0.0,30,130.0,149,68.0,71,0.0,30,0.0,30,51.0,46,1755.0,543,0.0,30
"Delaware County, Oklahoma",814.0,70,,,64.0,45,361.0,74,9.0,15,39.0,27,0.0,22,0.0,22,24.0,33,0.0,22,,,0.0,22,11.0,19,147.0,53,0.0,22,7.0,11,1.0,3,0.0,22,0.0,22,0.0,22,72.0,51,0.0,22
"Delaware County, Pennsylvania",43344.0,736,,,10380.0,1042,13.0,19,938.0,354,3255.0,644,14.0,23,0.0,27,334.0,220,0.0,27,,,43.0,56,1354.0,517,3506.0,600,343.0,214,447.0,265,57.0,44,0.0,27,0.0,27,467.0,270,4738.0,749,0.0,27
"Delta County, Colorado",417.0,108,,,5.0,7,0.0,28,29.0,31,0.0,28,0.0,28,0.0,28,35.0,48,0.0,28,,,119.0,107,0.0,28,139.0,121,0.0,28,0.0,28,0.0,28,0.0,28,0.0,28,50.0,64,40.0,58,0.0,28
"Delta County, Michigan",390.0,38,,,39.0,46,9.0,12,71.0,56,78.0,51,0.0,23,0.0,23,0.0,23,0.0,23,,,0.0,23,0.0,23,126.0,59,0.0,23,19.0,29,0.0,23,0.0,23,0.0,23,18.0,27,0.0,23,0.0,23
"Delta County, Texas",4.0,7,,,0.0,21,0.0,21,0.0,21,0.0,21,0.0,21,0.0,21,0.0,21,0.0,21,,,0.0,21,2.0,4,2.0,5,0.0,21,0.0,21,0.0,21,0.0,21,0.0,21,0.0,21,0.0,21,0.0,21
"Denali Borough, Alaska",191.0,113,,,60.0,65,0.0,10,0.0,10,0.0,10,0.0,10,0.0,10,0.0,10,0.0,10,,,0.0,10,0.0,10,81.0,77,0.0,10,0.0,10,0.0,10,0.0,10,0.0,10,0.0,10,50.0,66,0.0,10
"Dent County, Missouri",178.0,34,,,110.0,71,0.0,19,0.0,19,0.0,19,0.0,19,0.0,19,0.0,19,0.0,19,,,0.0,19,0.0,19,10.0,15,0.0,19,0.0,19,0.0,19,0.0,19,0.0,19,0.0,19,58.0,53,0.0,19
"Denton County, Texas",115426.0,1413,,,12872.0,1524,102.0,90,3591.0,873,14851.0,1550,28.0,38,38.0,60,830.0,296,51.0,86,,,1915.0,656,2177.0,750,7415.0,1055,619.0,348,550.0,301,270.0,213,47.0,76,23.0,27,1333.0,444,9573.0,1186,0.0,35
"Denver County, Colorado",39920.0,878,,,7305.0,903,78.0,64,3682.0,519,4261.0,710,627.0,448,8.0,13,528.0,186,0.0,31,,,242.0,209,816.0,374,5088.0,782,583.0,228,251.0,140,186.0,142,0.0,31,24.0,38,724.0,307,7183.0,1210,0.0,31
"Des Moines County, Iowa",588.0,6,,,57.0,52,0.0,22,0.0,22,90.0,81,0.0,22,0.0,22,0.0,22,0.0,22,,,0.0,22,0.0,22,160.0,99,0.0,22,0.0,22,0.0,22,0.0,22,0.0,22,0.0,22,0.0,22,0.0,22
"Deschutes County, Oregon",5396.0,351,,,1160.0,390,0.0,31,1280.0,392,605.0,248,23.0,32,0.0,31,191.0,199,0.0,31,,,50.0,55,34.0,41,852.0,313,80.0,85,0.0,31,33.0,42,0.0,31,0.0,31,123.0,147,338.0,240,0.0,31
"Desha County, Arkansas",8.0,12,,,8.0,12,0.0,20,0.0,20,0.0,20,0.0,20,0.0,20,0.0,20,0.0,20,,,0.0,20,0.0,20,0.0,20,0.0,20,0.0,20,0.0,20,0.0,20,0.0,20,0.0,20,0.0,20,0.0,20
"Deuel County, Nebraska",15.0,11,,,0.0,10,0.0,10,6.0,7,0.0,10,0.0,10,0.0,10,0.0,10,0.0,10,,,0.0,10,0.0,10,9.0,8,0.0,10,0.0,10,0.0,10,0.0,10,0.0,10,0.0,10,0.0,10,0.0,10
"Deuel County, South Dakota",30.0,29,,,0.0,10,0.0,10,0.0,10,30.0,29,0.0,10,0.0,10,0.0,10,0.0,10,,,0.0,10,0.0,10,0.0,10,0.0,10,0.0,10,0.0,10,0.0,10,0.0,10,0.0,10,0.0,10,0.0,10
"Dewey County, Oklahoma",3.0,4,,,0.0,10,0.0,10,0.0,10,3.0,4,0.0,10,0.0,10,0.0,10,0.0,10,,,0.0,10,0.0,10,0.0,10,0.0,10,0.0,10,0.0,10,0.0,10,0.0,10,0.0,10,0.0,10,0.0,10
"Dewey County, South Dakota",3.0,5,,,0.0,15,0.0,15,0.0,15,0.0,15,0.0,15,0.0,15,3.0,5,0.0,15,,,0.0,15,0.0,15,0.0,15,0.0,15,0.0,15,0.0,15,0.0,15,0.0,15,0.0,15,0.0,15,0.0,15
"Dickens County, Texas",1.0,2,,,0.0,15,0.0,15,0.0,15,0.0,15,0.0,15,0.0,15,0.0,15,0.0,15,,,0.0,15,0.0,15,1.0,2,0.0,15,0.0,15,0.0,15,0.0,15,0.0,15,0.0,15,0.0,15,0.0,15
"Dickenson County, Virginia",31.0,44,,,0.0,21,0.0,21,0.0,21,0.0,21,0.0,21,0.0,21,0.0,21,0.0,21,,,0.0,21,0.0,21,31.0,44,0.0,21,0.0,21,0.0,21,0.0,21,0.0,21,0.0,21,0.0,21,0.0,21
"Dickey County, North Dakota",56.0,43,,,22.0,33,0.0,10,0.0,10,0.0,10,0.0,10,0.0,10,0.0,10,0.0,10,,,0.0,10,0.0,10,27.0,35,0.0,10,0.0,10,0.0,10,0.0,10,0.0,10,0.0,10,7.0,15,0.0,10
"Dickinson County, Iowa",299.0,37,,,74.0,54,0.0,16,16.0,29,25.0,26,0.0,16,0.0,16,0.0,16,0.0,16,,,0.0,16,0.0,16,146.0,64,0.0,16,0.0,16,0.0,16,0.0,16,0.0,16,4.0,7,16.0,25,0.0,16
"Dickinson County, Kansas",239.0,66,,,0.0,18,0.0,18,0.0,18,120.0,92,0.0,18,0.0,18,0.0,18,0.0,18,,,0.0,18,0.0,18,86.0,48,0.0,18,0.0,18,0.0,18,0.0,18,0.0,18,0.0,18,33.0,43,0.0,18
"Dickinson County, Michigan",265.0,5,,,138.0,97,0.0,20,20.0,29,0.0,20,0.0,20,0.0,20,0.0,20,0.0,20,,,0.0,20,0.0,20,43.0,54,0.0,20,0.0,20,0.0,20,0.0,20,0.0,20,0.0,20,0.0,20,0.0,20
"Dickson County, Tennessee",281.0,273,,,135.0,135,0.0,32,4.0,8,0.0,32,0.0,32,0.0,32,0.0,32,0.0,32,,,0.0,32,0.0,32,50.0,62,0.0,32,0.0,32,0.0,32,0.0,32,0.0,32,17.0,27,0.0,32,0.0,32
"Dillingham Census Area, Alaska",118.0,22,,,7.0,10,0.0,10,37.0,30,7.0,8,0.0,10,0.0,10,0.0,10,0.0,10,,,0.0,10,0.0,10,34.0,26,0.0,10,0.0,10,0.0,10,0.0,10,0.0,10,0.0,10,0.0,10,0.0,10
"Dillon County, South Carolina",118.0,125,,,56.0,72,0.0,26,6.0,11,0.0,26,0.0,26,0.0,26,0.0,26,0.0,26,,,0.0,26,0.0,26,15.0,23,0.0,26,41.0,62,0.0,26,0.0,26,0.0,26,0.0,26,0.0,26,0.0,26
"Dimmit County, Texas",15.0,27,,,0.0,21,0.0,21,0.0,21,0.0,21,0.0,21,0.0,21,0.0,21,0.0,21,,,0.0,21,0.0,21,0.0,21,0.0,21,0.0,21,0.0,21,0.0,21,0.0,21,0.0,21,0.0,21,0.0,21
"Dinwiddie County, Virginia",392.0,71,,,59.0,72,0.0,25,87.0,69,21.0,31,0.0,25,0.0,25,0.0,25,0.0,25,,,0.0,25,8.0,19,103.0,79,0.0,25,0.0,25,0.0,25,0.0,25,0.0,25,40.0,58,53.0,68,0.0,25
"District of Columbia, District of Columbia",39962.0,671,,,9623.0,874,4.0,7,2330.0,457,4914.0,731,6.0,10,39.0,45,851.0,271,5.0,11,,,243.0,126,133.0,83,4081.0,552,548.0,191,36.0,33,97.0,55,0.0,34,19.0,29,357.0,122,2618.0,607,14.0,20
"Divide County, North Dakota",13.0,13,,,0.0,10,0.0,10,2.0,5,3.0,5,0.0,10,0.0,10,0.0,10,0.0,10,,,0.0,10,0.0,10,5.0,6,0.0,10,0.0,10,0.0,10,0.0,10,0.0,10,0.0,10,0.0,10,0.0,10
"Dixie County, Florida",155.0,33,,,11.0,17,0.0,23,43.0,33,15.0,21,0.0,23,0.0,23,0.0,23,0.0,23,,,0.0,23,0.0,23,4.0,8,0.0,23,0.0,23,0.0,23,0.0,23,0.0,23,0.0,23,0.0,23,0.0,23
"Dixon County, Nebraska",57.0,33,,,0.0,15,0.0,15,0.0,15,0.0,15,0.0,15,0.0,15,0.0,15,0.0,15,,,0.0,15,0.0,15,8.0,13,0.0,15,0.0,15,0.0,15,0.0,15,0.0,15,0.0,15,0.0,15,0.0,15
"Doddridge County, West Virginia",60.0,70,,,7.0,13,0.0,18,0.0,18,8.0,13,0.0,18,0.0,18,0.0,18,0.0,18,,,0.0,18,0.0,18,0.0,18,0.0,18,0.0,18,0.0,18,0.0,18,0.0,18,0.0,18,45.0,68,0.0,18
"Dodge County, Georgia",3.0,18,,,3.0,18,0.0,23,0.0,23,0.0,23,0.0,23,0.0,23,0.0,23,0.0,23,,,0.0,23,0.0,23,0.0,23,0.0,23,0.0,23,0.0,23,0.0,23,0.0,23,0.0,23,0.0,23,0.0,23
"Dodge County, Minnesota",352.0,41,,,65.0,41,5.0,8,88.0,62,29.0,22,0.0,17,0.0,17,0.0,17,0.0,17,,,0.0,17,27.0,27,129.0,58,0.0,17,0.0,17,0.0,17,0.0,17,0.0,17,0.0,17,0.0,17,0.0,17
"Dodge County, Nebraska",400.0,88,,,54.0,48,0.0,22,89.0,71,71.0,51,0.0,22,0.0,22,0.0,22,0.0,22,,,2.0,5,0.0,22,124.0,100,0.0,22,17.0,28,0.0,22,0.0,22,0.0,22,17.0,28,26.0,29,0.0,22
"Dodge County, Wisconsin",1036.0,138,,,84.0,60,27.0,38,150.0,77,131.0,88,24.0,35,31.0,36,0.0,23,0.0,23,,,5.0,11,0.0,23,296.0,133,44.0,42,0.0,23,0.0,23,0.0,23,0.0,23,7.0,7,14.0,17,0.0,23
"Dolores County, Colorado",0.0,13,,,0.0,13,0.0,13,0.0,13,0.0,13,0.0,13,0.0,13,0.0,13,0.0,13,,,0.0,13,0.0,13,0.0,13,0.0,13,0.0,13,0.0,13,0.0,13,0.0,13,0.0,13,0.0,13,0.0,13
"Doniphan County, Kansas",18.0,24,,,7.0,11,0.0,16,10.0,21,0.0,16,0.0,16,0.0,16,0.0,16,0.0,16,,,0.0,16,0.0,16,0.0,16,0.0,16,0.0,16,0.0,16,0.0,16,0.0,16,0.0,16,0.0,16,0.0,16
"Donley County, Texas",95.0,59,,,0.0,15,0.0,15,1.0,3,1.0,2,0.0,15,0.0,15,26.0,34,0.0,15,,,0.0,15,16.0,24,0.0,15,0.0,15,22.0,28,0.0,15,0.0,15,0.0,15,0.0,15,0.0,15,0.0,15
"Dooly County, Georgia",0.0,23,,,0.0,23,0.0,23,0.0,23,0.0,23,0.0,23,0.0,23,0.0,23,0.0,23,,,0.0,23,0.0,23,0.0,23,0.0,23,0.0,23,0.0,23,0.0,23,0.0,23,0.0,23,0.0,23,0.0,23
"Door County, Wisconsin",232.0,19,,,30.0,27,0.0,21,4.0,5,55.0,47,0.0,21,0.0,21,0.0,21,0.0,21,,,0.0,21,0.0,21,65.0,37,0.0,21,0.0,21,0.0,21,0.0,21,0.0,21,17.0,24,50.0,43,0.0,21
"Dorado Municipio, Puerto Rico",32.0,53,,,0.0,32,0.0,32,0.0,32,11.0,18,0.0,32,0.0,32,0.0,32,0.0,32,,,0.0,32,0.0,32,21.0,35,0.0,32,0.0,32,0.0,32,0.0,32,0.0,32,0.0,32,0.0,32,0.0,32
"Dorchester County, Maryland",469.0,38,,,76.0,58,0.0,29,15.0,38,5.0,9,0.0,29,0.0,29,0.0,29,0.0,29,,,0.0,29,235.0,75,16.0,25,13.0,23,0.0,29,0.0,29,0.0,29,0.0,29,42.0,43,8.0,14,0.0,29
"Dorchester County, South Carolina",5262.0,243,,,1001.0,457,0.0,33,512.0,246,331.0,167,0.0,33,0.0,33,136.0,163,0.0,33,,,0.0,33,231.0,338,1502.0,450,0.0,33,111.0,154,0.0,33,0.0,33,0.0,33,0.0,33,762.0,365,0.0,33
"Dougherty County, Georgia",1078.0,120,,,273.0,143,0.0,34,183.0,120,62.0,51,0.0,34,0.0,34,62.0,96,0.0,34,,,0.0,34,0.0,34,298.0,128,0.0,34,0.0,34,0.0,34,0.0,34,0.0,34,21.0,39,84.0,76,0.0,34
"Douglas County, Colorado",29498.0,1099,,,4239.0,639,178.0,165,2411.0,434,4321.0,939,201.0,186,0.0,31,214.0,116,0.0,31,,,0.0,31,24.0,38,3495.0,553,232.0,164,283.0,300,51.0,75,0.0,31,0.0,31,577.0,288,1933.0,570,0.0,31
"Douglas County, Georgia",3281.0,333,,,153.0,118,0.0,34,64.0,55,137.0,119,0.0,34,0.0,34,0.0,34,0.0,34,,,0.0,34,0.0,34,422.0,252,0.0,34,0.0,34,0.0,34,0.0,34,0.0,34,55.0,100,763.0,380,0.0,34
"Douglas County, Illinois",207.0,46,,,0.0,19,0.0,19,22.0,28,1.0,15,0.0,19,0.0,19,0.0,19,0.0,19,,,0.0,19,0.0,19,129.0,68,0.0,19,0.0,19,0.0,19,0.0,19,0.0,19,0.0,19,0.0,19,0.0,19
"Douglas County, Kansas",7623.0,202,,,2282.0,592,0.0,27,396.0,178,689.0,291,0.0,27,0.0,27,35.0,45,0.0,27,,,0.0,27,75.0,84,623.0,362,0.0,27,539.0,450,32.0,52,0.0,27,0.0,27,199.0,186,1048.0,528,0.0,27
"Douglas County, Minnesota",398.0,48,,,36.0,35,2.0,6,21.0,28,83.0,54,0.0,20,0.0,20,0.0,20,0.0,20,,,0.0,20,42.0,47,17.0,14,0.0,20,0.0,20,0.0,20,0.0,20,0.0,20,54.0,48,114.0,93,0.0,20
"Douglas County, Missouri",167.0,140,,,8.0,11,0.0,19,119.0,142,5.0,11,0.0,19,0.0,19,0.0,19,0.0,19,,,0.0,19,0.0,19,9.0,19,0.0,19,0.0,19,0.0,19,0.0,19,0.0,19,0.0,19,0.0,19,0.0,19
"Douglas County, Nebraska",31591.0,545,,,3441.0,503,50.0,48,1525.0,325,1770.0,393,98.0,99,14.0,22,281.0,235,0.0,24,,,4758.0,787,167.0,193,2652.0,550,162.0,126,134.0,105,3.0,5,0.0,24,0.0,24,1117.0,547,2680.0,617,99.0,126
"Douglas County, Nevada",2222.0,398,,,496.0,232,0.0,30,96.0,53,314.0,172,0.0,30,0.0,30,17.0,25,0.0,30,,,0.0,30,0.0,30,927.0,310,19.0,26,0.0,30,56.0,75,0.0,30,0.0,30,0.0,30,53.0,55,0.0,30
"Douglas County, Oregon",2648.0,219,,,423.0,183,7.0,11,474.0,180,349.0,137,34.0,41,0.0,31,0.0,31,0.0,31,,,0.0,31,0.0,31,785.0,273,21.0,35,28.0,38,0.0,31,0.0,31,0.0,31,52.0,9,162.0,133,0.0,31
"Douglas County, South Dakota",24.0,39,,,0.0,10,0.0,10,11.0,20,11.0,20,0.0,10,0.0,10,0.0,10,0.0,10,,,0.0,10,0.0,10,2.0,5,0.0,10,0.0,10,0.0,10,0.0,10,0.0,10,0.0,10,0.0,10,0.0,10
"Douglas County, Washington",852.0,101,,,105.0,109,0.0,28,182.0,143,128.0,129,0.0,28,0.0,28,0.0,28,0.0,28,,,0.0,28,11.0,17,145.0,103,0.0,28,39.0,51,0.0,28,0.0,28,0.0,28,46.0,54,11.0,19,0.0,28
"Douglas County, Wisconsin",694.0,32,,,171.0,83,42.0,65,25.0,25,0.0,21,0.0,21,21.0,34,0.0,21,0.0,21,,,0.0,21,0.0,21,140.0,82,7.0,13,0.0,21,0.0,21,0.0,21,0.0,21,12.0,13,186.0,123,0.0,21
"Doña Ana County, New Mexico",4434.0,464,,,662.0,295,0.0,31,580.0,365,353.0,220,0.0,31,25.0,40,6.0,11,0.0,31,,,4.0,6,7.0,13,1132.0,324,0.0,31,0.0,31,15.0,25,0.0,31,0.0,31,193.0,143,148.0,95,0.0,31
"Drew County, Arkansas",157.0,20,,,57.0,85,0.0,20,0.0,20,0.0,20,0.0,20,0.0,20,0.0,20,0.0,20,,,0.0,20,0.0,20,36.0,45,0.0,20,0.0,20,0.0,20,0.0,20,0.0,20,0.0,20,0.0,20,0.0,20
"DuPage County, Illinois",134525.0,868,,,16919.0,1344,83.0,130,3260.0,575,5793.0,752,308.0,204,0.0,29,1498.0,359,12.0,22,,,2330.0,655,1177.0,312,20680.0,1832,450.0,218,668.0,371,29.0,44,0.0,29,66.0,53,1242.0,361,4435.0,852,249.0,367
"Dubois County, Indiana",304.0,224,,,0.0,27,0.0,27,5.0,11,0.0,27,0.0,27,0.0,27,0.0,27,0.0,27,,,0.0,27,0.0,27,23.0,43,0.0,27,19.0,34,0.0,27,0.0,27,0.0,27,0.0,27,0.0,27,0.0,27
"Dubuque County, Iowa",1800.0,71,,,225.0,132,0.0,24,153.0,118,73.0,76,0.0,24,0.0,24,0.0,24,0.0,24,,,0.0,24,0.0,24,671.0,244,17.0,32,13.0,21,0.0,24,0.0,24,0.0,24,109.0,107,119.0,83,0.0,24
"Duchesne County, Utah",181.0,16,,,85.0,52,0.0,19,0.0,19,11.0,19,0.0,19,0.0,19,0.0,19,0.0,19,,,0.0,19,0.0,19,47.0,39,0.0,19,0.0,19,0.0,19,0.0,19,0.0,19,0.0,19,0.0,19,0.0,19
"Dukes County, Massachusetts",477.0,121,,,1.0,5,0.0,25,86.0,114,3.0,8,72.0,123,0.0,25,6.0,11,0.0,25,,,0.0,25,221.0,188,44.0,86,0.0,25,6.0,17,0.0,25,0.0,25,0.0,25,0.0,25,0.0,25,0.0,25
"Dundy County, Nebraska",0.0,10,,,0.0,10,0.0,10,0.0,10,0.0,10,0.0,10,0.0,10,0.0,10,0.0,10,,,0.0,10,0.0,10,0.0,10,0.0,10,0.0,10,0.0,10,0.0,10,0.0,10,0.0,10,0.0,10,0.0,10
"Dunklin County, Missouri",277.0,10,,,8.0,15,0.0,22,14.0,18,20.0,33,0.0,22,0.0,22,0.0,22,0.0,22,,,0.0,22,0.0,22,211.0,64,0.0,22,0.0,22,0.0,22,0.0,22,0.0,22,0.0,22,0.0,22,0.0,22
"Dunn County, North Dakota",84.0,9,,,0.0,10,0.0,10,23.0,25,16.0,15,0.0,10,0.0,10,0.0,10,0.0,10,,,0.0,10,19.0,22,12.0,21,0.0,10,0.0,10,0.0,10,0.0,10,0.0,10,0.0,10,14.0,12,0.0,10
"Dunn County, Wisconsin",1780.0,126,,,283.0,162,954.0,151,51.0,42,71.0,45,0.0,21,0.0,21,36.0,68,0.0,21,,,0.0,21,0.0,21,130.0,69,0.0,21,0.0,21,0.0,21,0.0,21,0.0,21,2.0,3,9.0,15,0.0,21
"Duplin County, North Carolina",372.0,71,,,0.0,29,0.0,29,9.0,37,133.0,106,0.0,29,0.0,29,0.0,29,0.0,29,,,0.0,29,0.0,29,87.0,71,0.0,29,0.0,29,0.0,29,0.0,29,0.0,29,6.0,10,23.0,46,0.0,29
"Durham County, North Carolina",22070.0,568,,,5871.0,701,68.0,128,1230.0,317,1387.0,377,12.0,19,0.0,32,390.0,187,0.0,32,,,301.0,243,11.0,18,3299.0,720,158.0,115,10.0,15,0.0,32,0.0,32,6.0,11,444.0,180,1901.0,622,0.0,32
"Dutchess County, New York",13900.0,517,,,3680.0,513,0.0,31,816.0,228,1730.0,471,0.0,31,28.0,42,210.0,121,0.0,31,,,50.0,58,113.0,86,1393.0,348,94.0,124,0.0,31,7.0,11,0.0,31,0.0,31,100.0,72,283.0,165,0.0,31
"Duval County, Florida",65505.0,1396,,,5957.0,1172,131.0,184,2011.0,506,2521.0,562,0.0,35,24.0,46,306.0,287,8.0,12,,,2769.0,902,1925.0,656,23613.0,2069,84.0,106,812.0,512,14.0,23,0.0,35,17.0,27,910.0,428,5285.0,846,0.0,35
"Duval County, Texas",10.0,18,,,0.0,21,0.0,21,0.0,21,0.0,21,0.0,21,0.0,21,0.0,21,0.0,21,,,0.0,21,0.0,21,0.0,21,0.0,21,0.0,21,0.0,21,0.0,21,0.0,21,0.0,21,0.0,21,0.0,21
"Dyer County, Tennessee",295.0,29,,,24.0,36,0.0,29,0.0,29,40.0,44,0.0,29,0.0,29,0.0,29,0.0,29,,,0.0,29,0.0,29,108.0,86,24.0,39,0.0,29,0.0,29,0.0,29,0.0,29,46.0,68,39.0,67,0.0,29
"Eagle County, Colorado",939.0,70,,,115.0,120,0.0,31,59.0,54,83.0,85,0.0,31,0.0,31,0.0,31,0.0,31,,,0.0,31,0.0,31,118.0,121,0.0,31,0.0,31,0.0,31,0.0,31,0.0,31,0.0,31,30.0,37,0.0,31
"Early County, Georgia",43.0,45,,,31.0,43,0.0,23,0.0,23,0.0,23,0.0,23,0.0,23,0.0,23,0.0,23,,,0.0,23,0.0,23,0.0,23,0.0,23,0.0,23,0.0,23,0.0,23,0.0,23,0.0,23,0.0,23,0.0,23
"East Baton Rouge Parish, Louisiana",17746.0,483,,,3272.0,768,0.0,33,592.0,332,958.0,391,0.0,33,0.0,33,58.0,70,0.0,33,,,0.0,33,0.0,33,2206.0,598,254.0,217,472.0,274,54.0,92,0.0,33,0.0,33,169.0,150,4552.0,751,0.0,33
"East Carroll Parish, Louisiana",0.0,20,,,0.0,20,0.0,20,0.0,20,0.0,20,0.0,20,0.0,20,0.0,20,0.0,20,,,0.0,20,0.0,20,0.0,20,0.0,20,0.0,20,0.0,20,0.0,20,0.0,20,0.0,20,0.0,20,0.0,20
"East Feliciana Parish, Louisiana",106.0,23,,,0.0,22,0.0,22,50.0,26,13.0,19,0.0,22,0.0,22,0.0,22,0.0,22,,,0.0,22,0.0,22,8.0,13,0.0,22,0.0,22,0.0,22,0.0,22,0.0,22,0.0,22,16.0,23,0.0,22
"Eastland County, Texas",205.0,34,,,19.0,35,0.0,23,25.0,23,5.0,11,0.0,23,0.0,23,0.0,23,0.0,23,,,0.0,23,0.0,23,35.0,34,0.0,23,0.0,23,0.0,23,0.0,23,0.0,23,0.0,23,8.0,18,0.0,23
"Eaton County, Michigan",3233.0,94,,,166.0,123,295.0,213,174.0,127,364.0,155,0.0,26,0.0,26,0.0,26,0.0,26,,,21.0,34,3.0,6,263.0,127,36.0,44,0.0,26,11.0,19,0.0,26,0.0,26,22.0,21,575.0,264,0.0,26
"Eau Claire County, Wisconsin",5426.0,112,,,425.0,246,2680.0,597,186.0,176,245.0,197,0.0,23,0.0,23,0.0,23,0.0,23,,,0.0,23,47.0,70,659.0,217,32.0,42,160.0,147,147.0,176,0.0,23,0.0,23,0.0,23,284.0,257,0.0,23
"Echols County, Georgia",233.0,133,,,187.0,124,0.0,14,0.0,14,46.0,78,0.0,14,0.0,14,0.0,14,0.0,14,,,0.0,14,0.0,14,0.0,14,0.0,14,0.0,14,0.0,14,0.0,14,0.0,14,0.0,14,0.0,14,0.0,14
"Ector County, Texas",2806.0,443,,,235.0,216,0.0,35,121.0,123,99.0,101,0.0,35,0.0,35,0.0,35,0.0,35,,,0.0,35,0.0,35,1124.0,433,27.0,39,8.0,18,0.0,35,0.0,35,0.0,35,9.0,18,557.0,295,0.0,35
"Eddy County, New Mexico",819.0,241,,,0.0,31,0.0,31,300.0,242,116.0,134,0.0,31,0.0,31,0.0,31,0.0,31,,,7.0,12,0.0,31,236.0,127,0.0,31,0.0,31,0.0,31,0.0,31,0.0,31,0.0,31,43.0,75,0.0,31
"Eddy County, North Dakota",3.0,6,,,0.0,10,0.0,10,0.0,10,0.0,10,0.0,10,0.0,10,0.0,10,0.0,10,,,0.0,10,0.0,10,3.0,6,0.0,10,0.0,10,0.0,10,0.0,10,0.0,10,0.0,10,0.0,10,0.0,10
"Edgar County, Illinois",125.0,51,,,8.0,16,0.0,19,63.0,36,0.0,19,0.0,19,0.0,19,0.0,19,0.0,19,,,0.0,19,0.0,19,45.0,57,0.0,19,5.0,10,0.0,19,0.0,19,0.0,19,1.0,2,0.0,19,0.0,19
"Edgecombe County, North Carolina",352.0,97,,,115.0,67,32.0,35,30.0,32,1.0,4,0.0,29,0.0,29,0.0,29,0.0,29,,,0.0,29,0.0,29,62.0,56,0.0,29,0.0,29,0.0,29,0.0,29,0.0,29,0.0,29,32.0,56,0.0,29
"Edgefield County, South Carolina",284.0,64,,,11.0,21,0.0,26,30.0,37,8.0,15,0.0,26,0.0,26,0.0,26,0.0,26,,,0.0,26,0.0,26,106.0,69,0.0,26,6.0,9,0.0,26,0.0,26,0.0,26,0.0,26,33.0,51,0.0,26
"Edmonson County, Kentucky",68.0,80,,,0.0,20,0.0,20,0.0,20,3.0,8,0.0,20,0.0,20,0.0,20,0.0,20,,,0.0,20,0.0,20,18.0,42,38.0,62,0.0,20,0.0,20,0.0,20,0.0,20,0.0,20,0.0,20,0.0,20
"Edmunds County, South Dakota",21.0,22,,,3.0,4,0.0,10,0.0,10,11.0,16,0.0,10,0.0,10,0.0,10,0.0,10,,,0.0,10,0.0,10,4.0,7,3.0,4,0.0,10,0.0,10,0.0,10,0.0,10,0.0,10,0.0,10,0.0,10
"Edwards County, Illinois",73.0,29,,,0.0,17,0.0,17,0.0,17,17.0,13,0.0,17,0.0,17,0.0,17,0.0,17,,,0.0,17,0.0,17,34.0,33,0.0,17,0.0,17,0.0,17,0.0,17,0.0,17,0.0,17,13.0,18,0.0,17
"Edwards County, Kansas",13.0,12,,,0.0,11,0.0,11,0.0,11,0.0,11,0.0,11,0.0,11,0.0,11,0.0,11,,,0.0,11,0.0,11,9.0,12,0.0,11,0.0,11,0.0,11,0.0,11,0.0,11,3.0,5,0.0,11,0.0,11
"Edwards County, Texas",0.0,15,,,0.0,15,0.0,15,0.0,15,0.0,15,0.0,15,0.0,15,0.0,15,0.0,15,,,0.0,15,0.0,15,0.0,15,0.0,15,0.0,15,0.0,15,0.0,15,0.0,15,0.0,15,0.0,15,0.0,15
"Effingham County, Georgia",1518.0,412,,,199.0,194,0.0,34,111.0,148,72.0,72,18.0,29,0.0,34,0.0,34,0.0,34,,,0.0,34,0.0,34,332.0,206,6.0,10,0.0,34,0.0,34,0.0,34,0.0,34,272.0,182,122.0,99,0.0,34
"Effingham County, Illinois",354.0,21,,,41.0,43,0.0,26,8.0,13,0.0,26,0.0,26,0.0,26,0.0,26,0.0,26,,,0.0,26,0.0,26,166.0,87,0.0,26,0.0,26,0.0,26,0.0,26,0.0,26,20.0,37,0.0,26,0.0,26
"El Dorado County, California",15437.0,556,,,2756.0,501,22.0,22,1735.0,490,885.0,368,0.0,32,35.0,52,124.0,92,0.0,32,,,54.0,71,370.0,237,5592.0,794,152.0,147,11.0,18,0.0,32,0.0,32,38.0,51,177.0,109,892.0,348,0.0,32
"El Paso County, Colorado",40109.0,1227,,,5829.0,808,74.0,93,4678.0,793,8617.0,1023,191.0,150,26.0,27,411.0,248,0.0,31,,,37.0,52,85.0,84,10341.0,1253,385.0,226,245.0,163,0.0,31,0.0,31,32.0,37,1157.0,393,2616.0,681,0.0,31
"El Paso County, Texas",19714.0,1354,,,3107.0,765,24.0,39,2306.0,566,3217.0,610,0.0,35,21.0,45,175.0,168,0.0,35,,,328.0,296,162.0,171,4392.0,858,56.0,54,132.0,153,82.0,115,0.0,35,0.0,35,349.0,184,1296.0,434,0.0,35
"Elbert County, Colorado",579.0,167,,,43.0,36,0.0,25,66.0,43,138.0,160,0.0,25,0.0,25,0.0,25,0.0,25,,,0.0,25,0.0,25,170.0,103,51.0,70,25.0,45,0.0,25,0.0,25,0.0,25,14.0,27,33.0,34,0.0,25
"Elbert County, Georgia",246.0,23,,,0.0,23,0.0,23,9.0,15,46.0,59,0.0,23,0.0,23,0.0,23,0.0,23,,,0.0,23,0.0,23,12.0,22,0.0,23,0.0,23,0.0,23,0.0,23,0.0,23,0.0,23,86.0,84,0.0,23
"Elk County, Kansas",36.0,23,,,0.0,11,0.0,11,23.0,20,0.0,11,0.0,11,0.0,11,0.0,11,0.0,11,,,0.0,11,0.0,11,11.0,16,0.0,11,0.0,11,0.0,11,0.0,11,0.0,11,0.0,11,0.0,11,0.0,11
"Elk County, Pennsylvania",181.0,24,,,71.0,56,0.0,24,0.0,24,0.0,24,0.0,24,0.0,24,0.0,24,0.0,24,,,0.0,24,0.0,24,108.0,56,0.0,24,0.0,24,0.0,24,0.0,24,0.0,24,2.0,4,0.0,24,0.0,24
"Elkhart County, Indiana",3433.0,220,,,522.0,271,0.0,30,212.0,118,439.0,232,32.0,61,0.0,30,4.0,11,0.0,30,,,0.0,30,91.0,99,697.0,266,38.0,47,439.0,186,0.0,30,0.0,30,0.0,30,97.0,103,97.0,79,0.0,30
"Elko County, Nevada",1100.0,77,,,512.0,245,0.0,33,38.0,42,54.0,49,0.0,33,0.0,33,0.0,33,0.0,33,,,0.0,33,19.0,29,144.0,97,0.0,33,30.0,57,0.0,33,0.0,33,0.0,33,78.0,31,94.0,68,8.0,12
"Elliott County, Kentucky",0.0,18,,,0.0,18,0.0,18,0.0,18,0.0,18,0.0,18,0.0,18,0.0,18,0.0,18,,,0.0,18,0.0,18,0.0,18,0.0,18,0.0,18,0.0,18,0.0,18,0.0,18,0.0,18,0.0,18,0.0,18
"Ellis County, Kansas",669.0,175,,,247.0,156,0.0,21,46.0,41,48.0,59,0.0,21,0.0,21,0.0,21,0.0,21,,,0.0,21,0.0,21,150.0,110,0.0,21,0.0,21,0.0,21,0.0,21,0.0,21,0.0,21,56.0,62,0.0,21
"Ellis County, Oklahoma",36.0,2,,,0.0,10,0.0,10,0.0,10,0.0,10,0.0,10,0.0,10,0.0,10,0.0,10,,,0.0,10,0.0,10,17.0,17,0.0,10,0.0,10,0.0,10,0.0,10,0.0,10,0.0,10,0.0,10,0.0,10
"Ellis County, Texas",2680.0,131,,,71.0,54,120.0,139,255.0,202,107.0,96,0.0,35,0.0,35,75.0,96,0.0,35,,,0.0,35,283.0,218,627.0,260,78.0,120,36.0,49,0.0,35,0.0,35,0.0,35,86.0,130,124.0,96,0.0,35
"Ellsworth County, Kansas",110.0,60,,,0.0,16,0.0,16,12.0,19,0.0,16,0.0,16,0.0,16,0.0,16,0.0,16,,,0.0,16,0.0,16,25.0,31,0.0,16,4.0,8,0.0,16,0.0,16,0.0,16,0.0,16,0.0,16,0.0,16
"Elmore County, Alabama",973.0,44,,,9.0,15,0.0,31,163.0,148,64.0,53,0.0,31,0.0,31,0.0,31,4.0,6,,,0.0,31,0.0,31,411.0,173,0.0,31,0.0,31,0.0,31,0.0,31,0.0,31,73.0,58,0.0,31,0.0,31
"Elmore County, Idaho",1875.0,339,,,362.0,151,0.0,23,166.0,97,40.0,42,0.0,23,0.0,23,0.0,23,0.0,23,,,0.0,23,3.0,6,933.0,235,0.0,23,5.0,11,0.0,23,0.0,23,76.0,86,36.0,43,34.0,47,0.0,23
"Emanuel County, Georgia",196.0,12,,,0.0,27,0.0,27,0.0,27,7.0,16,0.0,27,0.0,27,0.0,27,0.0,27,,,0.0,27,0.0,27,6.0,15,0.0,27,0.0,27,4.0,11,0.0,27,0.0,27,0.0,27,6.0,12,0.0,27
"Emery County, Utah",37.0,54,,,0.0,17,0.0,17,0.0,17,37.0,54,0.0,17,0.0,17,0.0,17,0.0,17,,,0.0,17,0.0,17,0.0,17,0.0,17,0.0,17,0.0,17,0.0,17,0.0,17,0.0,17,0.0,17,0.0,17
"Emmet County, Iowa",30.0,33,,,11.0,22,0.0,15,0.0,15,3.0,6,0.0,15,0.0,15,0.0,15,0.0,15,,,0.0,15,0.0,15,10.0,18,0.0,15,0.0,15,0.0,15,0.0,15,0.0,15,0.0,15,6.0,12,0.0,15
"Emmet County, Michigan",433.0,132,,,149.0,89,0.0,23,26.0,18,107.0,70,0.0,23,0.0,23,0.0,23,0.0,23,,,0.0,23,0.0,23,97.0,68,0.0,23,0.0,23,0.0,23,0.0,23,0.0,23,0.0,23,5.0,8,0.0,23
"Emmons County, North Dakota",18.0,16,,,0.0,10,0.0,10,0.0,10,0.0,10,0.0,10,0.0,10,0.0,10,0.0,10,,,0.0,10,0.0,10,0.0,10,0.0,10,0.0,10,0.0,10,0.0,10,0.0,10,0.0,10,0.0,10,0.0,10
"Emporia city, Virginia",36.0,58,,,0.0,19,0.0,19,0.0,19,0.0,19,0.0,19,0.0,19,0.0,19,0.0,19,,,0.0,19,0.0,19,0.0,19,0.0,19,0.0,19,0.0,19,0.0,19,0.0,19,33.0,58,0.0,19,0.0,19
"Erath County, Texas",605.0,69,,,253.0,148,0.0,31,37.0,37,42.0,51,0.0,31,0.0,31,10.0,24,0.0,31,,,0.0,31,0.0,31,83.0,68,0.0,31,0.0,31,0.0,31,0.0,31,0.0,31,0.0,31,38.0,40,0.0,31
"Erie County, New York",50770.0,799,,,8027.0,1229,28.0,43,1079.0,293,2820.0,592,58.0,59,0.0,31,326.0,177,0.0,31,,,4551.0,909,70.0,56,2436.0,500,195.0,113,710.0,408,39.0,43,0.0,31,126.0,141,580.0,320,2169.0,554,31.0,36
"Erie County, Ohio",760.0,9,,,169.0,141,0.0,30,2.0,5,196.0,135,0.0,30,0.0,30,0.0,30,0.0,30,,,0.0,30,0.0,30,68.0,77,0.0,30,20.0,33,0.0,30,0.0,30,0.0,30,20.0,39,264.0,170,0.0,30
"Erie County, Pennsylvania",7421.0,438,,,692.0,221,0.0,27,313.0,187,532.0,247,69.0,100,0.0,27,16.0,26,0.0,27,,,17.0,28,31.0,36,1256.0,441,0.0,27,38.0,55,0.0,27,0.0,27,0.0,27,69.0,63,696.0,292,3.0,4
"Escambia County, Alabama",123.0,105,,,72.0,104,0.0,28,0.0,28,0.0,28,0.0,28,0.0,28,0.0,28,0.0,28,,,0.0,28,0.0,28,35.0,33,0.0,28,0.0,28,0.0,28,0.0,28,0.0,28,0.0,28,6.0,11,0.0,28
"Escambia County, Florida",16802.0,1011,,,2948.0,769,58.0,63,1536.0,434,973.0,348,9.0,16,17.0,30,92.0,67,0.0,35,,,22.0,35,167.0,139,7076.0,828,143.0,164,100.0,115,26.0,34,12.0,20,0.0,35,161.0,128,1878.0,468,0.0,35
"Esmeralda County, Nevada",13.0,30,,,0.0,14,0.0,14,0.0,14,0.0,14,0.0,14,0.0,14,0.0,14,0.0,14,,,0.0,14,0.0,14,13.0,30,0.0,14,0.0,14,0.0,14,0.0,14,0.0,14,0.0,14,0.0,14,0.0,14
"Essex County, Massachusetts",36490.0,954,,,8734.0,1049,0.0,32,1832.0,484,2566.0,580,7.0,14,0.0,32,312.0,148,0.0,32,,,0.0,32,5452.0,712,2567.0,486,205.0,150,672.0,284,0.0,32,0.0,32,16.0,25,352.0,205,3550.0,773,0.0,32
"Essex County, New Jersey",61832.0,1286,,,14099.0,1406,30.0,33,1715.0,429,4388.0,719,81.0,84,0.0,32,888.0,375,32.0,38,,,317.0,278,18.0,27,11356.0,1197,202.0,126,0.0,32,53.0,43,0.0,32,29.0,49,767.0,412,1154.0,399,79.0,124
"Essex County, New York",230.0,99,,,30.0,29,0.0,28,28.0,26,20.0,24,0.0,28,0.0,28,0.0,28,0.0,28,,,0.0,28,0.0,28,42.0,28,0.0,28,0.0,28,0.0,28,0.0,28,0.0,28,0.0,28,27.0,30,0.0,28
"Essex County, Vermont",64.0,4,,,31.0,22,0.0,15,10.0,13,0.0,15,0.0,15,0.0,15,2.0,3,0.0,15,,,0.0,15,0.0,15,3.0,5,0.0,15,3.0,4,0.0,15,0.0,15,0.0,15,6.0,9,2.0,3,0.0,15
"Essex County, Virginia",186.0,50,,,18.0,31,0.0,21,6.0,12,0.0,21,0.0,21,0.0,21,0.0,21,0.0,21,,,0.0,21,0.0,21,64.0,61,0.0,21,0.0,21,0.0,21,0.0,21,0.0,21,0.0,21,0.0,21,0.0,21
"Estill County, Kentucky",136.0,164,,,136.0,164,0.0,20,0.0,20,0.0,20,0.0,20,0.0,20,0.0,20,0.0,20,,,0.0,20,0.0,20,0.0,20,0.0,20,0.0,20,0.0,20,0.0,20,0.0,20,0.0,20,0.0,20,0.0,20
"Etowah County, Alabama",1015.0,55,,,160.0,87,0.0,31,111.0,79,17.0,24,0.0,31,0.0,31,4.0,11,0.0,31,,,0.0,31,90.0,117,288.0,154,0.0,31,0.0,31,0.0,31,0.0,31,0.0,31,0.0,31,126.0,118,0.0,31
"Eureka County, Nevada",188.0,194,,,0.0,14,0.0,14,0.0,14,0.0,14,0.0,14,0.0,14,0.0,14,0.0,14,,,0.0,14,0.0,14,178.0,193,0.0,14,0.0,14,0.0,14,0.0,14,0.0,14,0.0,14,10.0,24,0.0,14
"Evangeline Parish, Louisiana",219.0,32,,,4.0,8,0.0,30,0.0,30,1.0,2,0.0,30,0.0,30,0.0,30,0.0,30,,,0.0,30,35.0,48,19.0,28,0.0,30,0.0,30,0.0,30,0.0,30,0.0,30,0.0,30,23.0,32,0.0,30
"Evans County, Georgia",112.0,14,,,1.0,3,0.0,23,0.0,23,0.0,23,0.0,23,0.0,23,0.0,23,0.0,23,,,0.0,23,0.0,23,34.0,40,0.0,23,0.0,23,0.0,23,0.0,23,0.0,23,0.0,23,6.0,15,0.0,23
"Fairbanks North Star Borough, Alaska",5618.0,386,,,450.0,241,193.0,195,1400.0,411,1368.0,391,42.0,69,35.0,46,116.0,122,0.0,24,,,0.0,24,0.0,24,1478.0,355,12.0,19,25.0,48,28.0,40,0.0,24,0.0,24,118.0,101,18.0,27,0.0,24
"Fairfax County, Virginia",268898.0,1401,,,40759.0,2178,89.0,93,7566.0,847,46438.0,2281,1206.0,523,130.0,88,2492.0,540,0.0,31,,,645.0,451,2978.0,859,22088.0,1753,1295.0,369,1780.0,706,765.0,505,0.0,31,106.0,100,3399.0,623,37074.0,2605,7.0,12
"Fairfax city, Virginia",5203.0,251,,,793.0,280,0.0,25,83.0,57,713.0,282,28.0,43,0.0,25,153.0,133,0.0,25,,,0.0,25,39.0,60,629.0,242,107.0,110,0.0,25,0.0,25,0.0,25,0.0,25,87.0,74,821.0,317,0.0,25
"Fairfield County, Ohio",5127.0,151,,,742.0,377,0.0,30,132.0,75,150.0,125,0.0,30,0.0,30,10.0,19,0.0,30,,,0.0,30,712.0,374,464.0,235,20.0,29,233.0,163,0.0,30,0.0,30,0.0,30,80.0,80,120.0,130,0.0,30
"Fairfield County, South Carolina",408.0,210,,,161.0,171,0.0,26,27.0,61,165.0,85,0.0,26,0.0,26,0.0,26,0.0,26,,,0.0,26,0.0,26,16.0,43,0.0,26,0.0,26,0.0,26,0.0,26,0.0,26,0.0,26,0.0,26,0.0,26
"Fajardo Municipio, Puerto Rico",165.0,133,,,18.0,28,0.0,32,0.0,32,0.0,32,0.0,32,0.0,32,0.0,32,0.0,32,,,0.0,32,0.0,32,14.0,21,0.0,32,0.0,32,0.0,32,0.0,32,0.0,32,0.0,32,0.0,32,0.0,32
"Fall River County, South Dakota",60.0,55,,,26.0,36,0.0,15,25.0,35,0.0,15,0.0,15,0.0,15,0.0,15,0.0,15,,,0.0,15,0.0,15,0.0,15,0.0,15,0.0,15,0.0,15,0.0,15,0.0,15,0.0,15,4.0,9,0.0,15
"Fallon County, Montana",0.0,11,,,0.0,11,0.0,11,0.0,11,0.0,11,0.0,11,0.0,11,0.0,11,0.0,11,,,0.0,11,0.0,11,0.0,11,0.0,11,0.0,11,0.0,11,0.0,11,0.0,11,0.0,11,0.0,11,0.0,11
"Falls Church city, Virginia",2036.0,178,,,240.0,99,0.0,21,78.0,60,257.0,137,0.0,21,27.0,54,67.0,72,0.0,21,,,0.0,21,164.0,163,230.0,116,18.0,28,0.0,21,0.0,21,0.0,21,0.0,21,63.0,45,294.0,189,0.0,21
"Falls County, Texas",1008.0,431,,,0.0,23,0.0,23,0.0,23,0.0,23,0.0,23,0.0,23,0.0,23,0.0,23,,,0.0,23,915.0,424,19.0,24,0.0,23,0.0,23,0.0,23,0.0,23,0.0,23,0.0,23,8.0,13,0.0,23
"Fannin County, Georgia",248.0,173,,,39.0,41,0.0,27,0.0,27,39.0,32,0.0,27,0.0,27,5.0,8,0.0,27,,,0.0,27,0.0,27,90.0,69,0.0,27,0.0,27,0.0,27,0.0,27,0.0,27,10.0,19,39.0,41,0.0,27
"Fannin County, Texas",465.0,111,,,103.0,58,0.0,31,13.0,15,85.0,81,0.0,31,0.0,31,0.0,31,0.0,31,,,109.0,94,0.0,31,39.0,50,0.0,31,0.0,31,0.0,31,0.0,31,0.0,31,13.0,19,90.0,116,0.0,31
"Faribault County, Minnesota",109.0,11,,,0.0,15,0.0,15,0.0,15,2.0,6,0.0,15,0.0,15,0.0,15,0.0,15,,,0.0,15,37.0,29,28.0,38,0.0,15,0.0,15,0.0,15,0.0,15,0.0,15,0.0,15,42.0,25,0.0,15
"Faulk County, South Dakota",0.0,10,,,0.0,10,0.0,10,0.0,10,0.0,10,0.0,10,0.0,10,0.0,10,0.0,10,,,0.0,10,0.0,10,0.0,10,0.0,10,0.0,10,0.0,10,0.0,10,0.0,10,0.0,10,0.0,10,0.0,10
"Faulkner County, Arkansas",2431.0,147,,,240.0,181,0.0,30,269.0,174,487.0,186,0.0,30,0.0,30,0.0,30,0.0,30,,,0.0,30,161.0,179,423.0,203,0.0,30,30.0,50,0.0,30,0.0,30,0.0,30,21.0,32,67.0,77,0.0,30
"Fauquier County, Virginia",1941.0,162,,,233.0,127,0.0,31,258.0,173,342.0,188,0.0,31,16.0,30,0.0,31,0.0,31,,,0.0,31,18.0,30,283.0,168,23.0,34,0.0,31,0.0,31,0.0,31,0.0,31,75.0,54,117.0,113,0.0,31
"Fayette County, Alabama",72.0,102,,,0.0,21,0.0,21,0.0,21,0.0,21,0.0,21,0.0,21,0.0,21,0.0,21,,,0.0,21,0.0,21,63.0,101,0.0,21,0.0,21,0.0,21,0.0,21,0.0,21,0.0,21,9.0,15,0.0,21
"Fayette County, Georgia",7429.0,545,,,878.0,290,0.0,34,1066.0,319,1084.0,333,0.0,34,0.0,34,32.0,52,0.0,34,,,0.0,34,451.0,254,959.0,312,60.0,72,178.0,158,30.0,48,0.0,34,0.0,34,122.0,103,519.0,295,0.0,34
"Fayette County, Illinois",118.0,23,,,19.0,38,0.0,23,0.0,23,3.0,7,0.0,23,61.0,49,0.0,23,0.0,23,,,0.0,23,0.0,23,20.0,24,0.0,23,0.0,23,0.0,23,0.0,23,0.0,23,4.0,7,0.0,23,0.0,23
"Fayette County, Indiana",58.0,65,,,0.0,24,0.0,24,0.0,24,1.0,3,0.0,24,0.0,24,0.0,24,0.0,24,,,0.0,24,0.0,24,41.0,63,0.0,24,0.0,24,0.0,24,0.0,24,0.0,24,0.0,24,16.0,24,0.0,24
"Fayette County, Iowa",255.0,9,,,72.0,43,0.0,16,11.0,9,51.0,43,0.0,16,0.0,16,0.0,16,0.0,16,,,0.0,16,15.0,22,22.0,22,0.0,16,0.0,16,0.0,16,0.0,16,0.0,16,3.0,8,0.0,16,0.0,16
"Fayette County, Kentucky",16572.0,318,,,4018.0,633,0.0,30,1466.0,431,1198.0,328,46.0,46,0.0,30,164.0,98,0.0,30,,,28.0,32,432.0,237,1661.0,386,95.0,101,20.0,24,11.0,18,0.0,30,14.0,22,373.0,214,488.0,171,0.0,30
"Fayette County, Ohio",406.0,31,,,28.0,42,0.0,24,150.0,114,0.0,24,0.0,24,0.0,24,0.0,24,0.0,24,,,0.0,24,0.0,24,152.0,64,0.0,24,0.0,24,0.0,24,0.0,24,0.0,24,63.0,71,0.0,24,0.0,24
"Fayette County, Pennsylvania",1331.0,257,,,265.0,158,27.0,38,77.0,78,133.0,130,12.0,20,0.0,27,0.0,27,0.0,27,,,0.0,27,9.0,14,224.0,112,15.0,21,0.0,27,0.0,27,0.0,27,0.0,27,0.0,27,0.0,27,0.0,27
"Fayette County, Tennessee",452.0,60,,,107.0,70,0.0,29,36.0,36,27.0,28,0.0,29,0.0,29,1.0,2,0.0,29,,,21.0,54,0.0,29,49.0,41,8.0,11,0.0,29,0.0,29,0.0,29,0.0,29,5.0,8,186.0,57,0.0,29
"Fayette County, Texas",166.0,35,,,48.0,49,0.0,28,47.0,36,7.0,10,0.0,28,0.0,28,0.0,28,0.0,28,,,0.0,28,13.0,19,3.0,22,0.0,28,0.0,28,0.0,28,0.0,28,0.0,28,2.0,4,10.0,13,0.0,28
"Fayette County, West Virginia",23.0,30,,,0.0,27,0.0,27,0.0,27,0.0,27,0.0,27,0.0,27,0.0,27,0.0,27,,,0.0,27,0.0,27,0.0,27,0.0,27,0.0,27,0.0,27,0.0,27,0.0,27,14.0,27,0.0,27,0.0,27
"Fentress County, Tennessee",54.0,44,,,10.0,11,0.0,21,0.0,21,28.0,45,0.0,21,0.0,21,0.0,21,0.0,21,,,0.0,21,0.0,21,0.0,21,0.0,21,0.0,21,0.0,21,0.0,21,0.0,21,0.0,21,8.0,14,0.0,21
"Fergus County, Montana",134.0,95,,,2.0,7,0.0,17,0.0,17,81.0,65,0.0,17,0.0,17,0.0,17,0.0,17,,,0.0,17,0.0,17,0.0,17,0.0,17,0.0,17,0.0,17,0.0,17,0.0,17,0.0,17,0.0,17,0.0,17
"Ferry County, Washington",132.0,19,,,2.0,5,0.0,19,99.0,29,1.0,2,0.0,19,0.0,19,0.0,19,0.0,19,,,0.0,19,0.0,19,8.0,14,0.0,19,0.0,19,0.0,19,0.0,19,0.0,19,2.0,5,5.0,11,0.0,19
"Fillmore County, Minnesota",229.0,28,,,57.0,39,1.0,3,3.0,4,16.0,12,0.0,17,0.0,17,0.0,17,0.0,17,,,0.0,17,0.0,17,76.0,29,0.0,17,0.0,17,0.0,17,0.0,17,0.0,17,0.0,17,9.0,9,0.0,17
"Fillmore County, Nebraska",31.0,17,,,1.0,2,0.0,15,0.0,15,10.0,10,0.0,15,0.0,15,0.0,15,0.0,15,,,0.0,15,0.0,15,10.0,10,0.0,15,0.0,15,0.0,15,0.0,15,0.0,15,0.0,15,0.0,15,0.0,15
"Finney County, Kansas",1671.0,121,,,7.0,9,0.0,24,1.0,2,0.0,24,0.0,24,0.0,24,0.0,24,0.0,24,,,374.0,151,0.0,24,71.0,114,0.0,24,170.0,161,32.0,19,0.0,24,0.0,24,0.0,24,853.0,220,0.0,24
"Fisher County, Texas",9.0,18,,,0.0,15,0.0,15,0.0,15,0.0,15,0.0,15,0.0,15,0.0,15,0.0,15,,,0.0,15,0.0,15,0.0,15,0.0,15,0.0,15,0.0,15,0.0,15,0.0,15,0.0,15,0.0,15,0.0,15
"Flagler County, Florida",4252.0,307,,,637.0,333,0.0,35,279.0,201,116.0,96,105.0,205,0.0,35,0.0,35,0.0,35,,,26.0,40,50.0,61,1084.0,336,67.0,76,0.0,35,0.0,35,0.0,35,0.0,35,248.0,276,393.0,214,0.0,35
"Flathead County, Montana",1878.0,167,,,328.0,165,0.0,26,155.0,78,154.0,105,41.0,66,0.0,26,166.0,136,0.0,26,,,0.0,26,156.0,148,574.0,185,0.0,26,0.0,26,0.0,26,0.0,26,0.0,26,0.0,26,117.0,90,0.0,26
"Fleming County, Kentucky",102.0,88,,,80.0,92,0.0,20,0.0,20,9.0,16,0.0,20,0.0,20,0.0,20,0.0,20,,,0.0,20,0.0,20,0.0,20,0.0,20,0.0,20,0.0,20,0.0,20,0.0,20,0.0,20,13.0,23,0.0,20
"Florence County, South Carolina",2717.0,207,,,634.0,328,58.0,69,42.0,55,163.0,162,0.0,33,0.0,33,55.0,72,0.0,33,,,0.0,33,9.0,16,365.0,214,0.0,33,0.0,33,0.0,33,0.0,33,0.0,33,84.0,99,167.0,179,0.0,33
"Florence County, Wisconsin",12.0,11,,,0.0,10,0.0,10,6.0,7,2.0,6,0.0,10,0.0,10,0.0,10,0.0,10,,,0.0,10,0.0,10,4.0,6,0.0,10,0.0,10,0.0,10,0.0,10,0.0,10,0.0,10,0.0,10,0.0,10
"Florida Municipio, Puerto Rico",266.0,226,,,0.0,24,0.0,24,0.0,24,0.0,24,0.0,24,0.0,24,0.0,24,0.0,24,,,0.0,24,0.0,24,0.0,24,0.0,24,0.0,24,0.0,24,0.0,24,0.0,24,0.0,24,0.0,24,0.0,24
"Floyd County, Georgia",1837.0,84,,,281.0,98,0.0,34,118.0,99,216.0,134,8.0,13,8.0,14,0.0,34,0.0,34,,,0.0,34,0.0,34,103.0,80,0.0,34,8.0,20,0.0,34,0.0,34,0.0,34,74.0,77,314.0,178,0.0,34
"Floyd County, Indiana",1397.0,53,,,200.0,160,0.0,30,78.0,70,171.0,115,14.0,21,0.0,30,27.0,31,15.0,23,,,1.0,4,58.0,98,163.0,112,56.0,63,1.0,2,0.0,30,0.0,30,15.0,27,102.0,149,38.0,42,0.0,30
"Floyd County, Iowa",269.0,16,,,0.0,16,0.0,16,12.0,19,15.0,30,0.0,16,0.0,16,0.0,16,0.0,16,,,0.0,16,0.0,16,104.0,84,0.0,16,113.0,106,0.0,16,0.0,16,0.0,16,0.0,16,19.0,38,0.0,16
"Floyd County, Kentucky",134.0,27,,,9.0,13,0.0,27,33.0,47,0.0,27,0.0,27,0.0,27,0.0,27,0.0,27,,,0.0,27,0.0,27,36.0,49,0.0,27,0.0,27,0.0,27,0.0,27,0.0,27,0.0,27,3.0,6,0.0,27
"Floyd County, Texas",61.0,56,,,0.0,21,0.0,21,0.0,21,0.0,21,0.0,21,0.0,21,0.0,21,33.0,42,,,0.0,21,0.0,21,28.0,42,0.0,21,0.0,21,0.0,21,0.0,21,0.0,21,0.0,21,0.0,21,0.0,21
"Floyd County, Virginia",149.0,37,,,37.0,37,0.0,21,16.0,20,37.0,30,0.0,21,0.0,21,0.0,21,0.0,21,,,0.0,21,0.0,21,7.0,10,1.0,2,0.0,21,0.0,21,0.0,21,0.0,21,15.0,19,26.0,27,0.0,21
"Fluvanna County, Virginia",516.0,156,,,140.0,96,0.0,25,115.0,136,81.0,78,0.0,25,0.0,25,0.0,25,0.0,25,,,0.0,25,0.0,25,156.0,92,0.0,25,0.0,25,0.0,25,0.0,25,0.0,25,11.0,14,0.0,25,0.0,25
"Foard County, Texas",23.0,24,,,0.0,15,0.0,15,0.0,15,0.0,15,0.0,15,0.0,15,0.0,15,0.0,15,,,0.0,15,0.0,15,13.0,20,0.0,15,10.0,13,0.0,15,0.0,15,0.0,15,0.0,15,0.0,15,0.0,15
"Fond du Lac County, Wisconsin",2493.0,203,,,949.0,257,613.0,301,130.0,89,105.0,70,8.0,11,20.0,28,0.0,23,0.0,23,,,95.0,154,0.0,23,264.0,122,12.0,16,98.0,67,0.0,23,0.0,23,0.0,23,30.0,30,25.0,23,0.0,23
"Ford County, Illinois",136.0,32,,,22.0,32,0.0,19,10.0,10,0.0,19,0.0,19,0.0,19,0.0,19,0.0,19,,,0.0,19,0.0,19,12.0,17,22.0,32,0.0,19,0.0,19,0.0,19,0.0,19,3.0,7,0.0,19,0.0,19
"Ford County, Kansas",628.0,163,,,55.0,60,0.0,24,48.0,50,352.0,131,0.0,24,0.0,24,0.0,24,0.0,24,,,0.0,24,0.0,24,69.0,71,0.0,24,17.0,29,0.0,24,0.0,24,0.0,24,17.0,32,64.0,81,0.0,24
"Forest County, Pennsylvania",74.0,44,,,16.0,15,0.0,16,3.0,4,3.0,6,0.0,16,0.0,16,0.0,16,0.0,16,,,0.0,16,0.0,16,6.0,7,0.0,16,0.0,16,0.0,16,0.0,16,0.0,16,0.0,16,0.0,16,0.0,16
"Forest County, Wisconsin",34.0,22,,,18.0,17,0.0,14,0.0,14,0.0,14,0.0,14,0.0,14,0.0,14,0.0,14,,,0.0,14,0.0,14,9.0,12,3.0,4,0.0,14,0.0,14,0.0,14,0.0,14,2.0,3,0.0,14,0.0,14
"Forrest County, Mississippi",1224.0,117,,,341.0,155,0.0,33,115.0,82,150.0,116,0.0,33,0.0,33,0.0,33,0.0,33,,,0.0,33,20.0,31,270.0,155,4.0,9,0.0,33,0.0,33,0.0,33,0.0,33,0.0,33,284.0,162,0.0,33
"Forsyth County, Georgia",52127.0,911,,,6077.0,1238,34.0,37,645.0,210,3945.0,806,16.0,29,33.0,57,172.0,118,0.0,34,,,20.0,55,155.0,110,1977.0,477,60.0,53,185.0,171,31.0,43,0.0,34,0.0,34,89.0,69,1541.0,478,0.0,34
"Forsyth County, North Carolina",12484.0,454,,,3000.0,511,56.0,64,664.0,255,695.0,314,0.0,32,0.0,32,524.0,308,0.0,32,,,108.0,167,50.0,57,2169.0,564,175.0,163,27.0,37,122.0,101,0.0,32,0.0,32,454.0,232,978.0,305,0.0,32
"Fort Bend County, Texas",206645.0,2033,,,39875.0,3213,546.0,665,2404.0,829,5223.0,1235,26.0,43,0.0,35,2689.0,901,29.0,48,,,244.0,252,1148.0,491,19184.0,3063,1195.0,631,15.0,31,939.0,521,0.0,35,200.0,165,807.0,365,28568.0,3620,0.0,35
"Foster County, North Dakota",45.0,48,,,0.0,10,0.0,10,0.0,10,0.0,10,0.0,10,0.0,10,0.0,10,0.0,10,,,0.0,10,0.0,10,0.0,10,0.0,10,0.0,10,0.0,10,0.0,10,0.0,10,0.0,10,0.0,10,0.0,10
"Fountain County, Indiana",113.0,20,,,1.0,4,0.0,20,0.0,20,0.0,20,0.0,20,11.0,17,0.0,20,0.0,20,,,0.0,20,0.0,20,81.0,35,0.0,20,0.0,20,0.0,20,0.0,20,0.0,20,0.0,20,0.0,20,0.0,20
"Franklin County, Alabama",133.0,26,,,58.0,42,0.0,28,0.0,28,0.0,28,0.0,28,0.0,28,0.0,28,0.0,28,,,0.0,28,0.0,28,24.0,29,0.0,28,0.0,28,0.0,28,0.0,28,0.0,28,4.0,8,17.0,28,0.0,28
"Franklin County, Arkansas",288.0,50,,,25.0,33,69.0,38,77.0,51,6.0,18,0.0,20,0.0,20,0.0,20,0.0,20,,,0.0,20,0.0,20,77.0,55,0.0,20,9.0,15,0.0,20,0.0,20,0.0,20,0.0,20,0.0,20,0.0,20
"Franklin County, Florida",44.0,38,,,0.0,23,0.0,23,0.0,23,0.0,23,0.0,23,0.0,23,0.0,23,0.0,23,,,0.0,23,0.0,23,8.0,17,0.0,23,0.0,23,0.0,23,0.0,23,0.0,23,22.0,29,0.0,23,0.0,23
"Franklin County, Georgia",481.0,56,,,3.0,7,0.0,27,9.0,18,29.0,39,0.0,27,0.0,27,0.0,27,0.0,27,,,0.0,27,0.0,27,32.0,57,25.0,52,0.0,27,0.0,27,0.0,27,0.0,27,0.0,27,313.0,127,0.0,27
"Franklin County, Idaho",47.0,44,,,0.0,19,0.0,19,6.0,11,0.0,19,0.0,19,0.0,19,0.0,19,0.0,19,,,0.0,19,0.0,19,27.0,33,0.0,19,0.0,19,0.0,19,0.0,19,0.0,19,14.0,26,0.0,19,0.0,19
"Franklin County, Illinois",260.0,31,,,4.0,9,0.0,26,0.0,26,14.0,20,0.0,26,0.0,26,0.0,26,0.0,26,,,0.0,26,0.0,26,160.0,78,0.0,26,0.0,26,0.0,26,0.0,26,0.0,26,8.0,15,71.0,56,0.0,26
"Franklin County, Indiana",175.0,100,,,0.0,24,0.0,24,26.0,41,7.0,16,0.0,24,0.0,24,0.0,24,0.0,24,,,0.0,24,0.0,24,0.0,24,0.0,24,0.0,24,0.0,24,0.0,24,0.0,24,0.0,24,108.0,102,0.0,24
"Franklin County, Iowa",81.0,85,,,0.0,15,0.0,15,31.0,42,3.0,9,0.0,15,0.0,15,0.0,15,0.0,15,,,0.0,15,0.0,15,31.0,42,0.0,15,0.0,15,0.0,15,0.0,15,0.0,15,0.0,15,0.0,15,0.0,15
"Franklin County, Kansas",199.0,2,,,40.0,49,0.0,21,21.0,25,27.0,25,0.0,21,0.0,21,0.0,21,0.0,21,,,0.0,21,0.0,21,76.0,56,0.0,21,20.0,29,0.0,21,0.0,21,0.0,21,0.0,21,0.0,21,0.0,21
"Franklin County, Kentucky",1178.0,67,,,83.0,81,0.0,30,4.0,11,0.0,30,0.0,30,0.0,30,0.0,30,0.0,30,,,0.0,30,0.0,30,332.0,175,0.0,30,0.0,30,0.0,30,0.0,30,0.0,30,58.0,57,3.0,7,0.0,30
"Franklin County, Maine",281.0,25,,,31.0,40,0.0,23,33.0,41,11.0,12,0.0,23,0.0,23,5.0,12,0.0,23,,,0.0,23,0.0,23,99.0,48,0.0,23,0.0,23,0.0,23,0.0,23,0.0,23,23.0,26,74.0,68,0.0,23
"Franklin County, Massachusetts",2006.0,105,,,481.0,113,135.0,121,115.0,57,91.0,53,0.0,32,0.0,32,9.0,10,0.0,32,,,4.0,7,141.0,69,293.0,116,21.0,21,13.0,22,0.0,32,0.0,32,1.0,4,23.0,18,137.0,89,4.0,6
"Franklin County, Mississippi",0.0,20,,,0.0,20,0.0,20,0.0,20,0.0,20,0.0,20,0.0,20,0.0,20,0.0,20,,,0.0,20,0.0,20,0.0,20,0.0,20,0.0,20,0.0,20,0.0,20,0.0,20,0.0,20,0.0,20,0.0,20
"Franklin County, Missouri",1195.0,180,,,143.0,83,0.0,28,85.0,85,124.0,73,0.0,28,0.0,28,142.0,140,0.0,28,,,0.0,28,0.0,28,222.0,110,0.0,28,0.0,28,3.0,9,0.0,28,0.0,28,29.0,29,56.0,53,0.0,28
"Franklin County, Nebraska",9.0,18,,,0.0,10,0.0,10,0.0,10,1.0,2,0.0,10,0.0,10,0.0,10,0.0,10,,,0.0,10,0.0,10,2.0,5,0.0,10,0.0,10,0.0,10,0.0,10,0.0,10,0.0,10,0.0,10,0.0,10
"Franklin County, New York",452.0,93,,,158.0,120,0.0,28,3.0,5,65.0,75,0.0,28,0.0,28,0.0,28,0.0,28,,,8.0,15,0.0,28,59.0,45,1.0,3,0.0,28,0.0,28,0.0,28,0.0,28,4.0,10,2.0,3,0.0,28
"Franklin County, North Carolina",839.0,79,,,99.0,140,0.0,32,44.0,48,135.0,64,0.0,32,0.0,32,0.0,32,0.0,32,,,0.0,32,0.0,32,137.0,114,16.0,23,7.0,13,0.0,32,0.0,32,0.0,32,34.0,52,4.0,9,0.0,32
"Franklin County, Ohio",91951.0,1111,,,16787.0,1388,62.0,58,5927.0,1207,6415.0,1034,91.0,100,7.0,13,1328.0,399,0.0,30,,,405.0,362,2329.0,714,6982.0,1011,285.0,157,1605.0,720,298.0,163,0.0,30,11.0,17,1341.0,464,4845.0,1065,15.0,23
"Franklin County, Pennsylvania",2450.0,183,,,474.0,185,0.0,27,198.0,121,242.0,128,7.0,15,0.0,27,0.0,27,0.0,27,,,86.0,114,0.0,27,185.0,129,143.0,162,0.0,27,17.0,26,0.0,27,0.0,27,138.0,141,89.0,100,173.0,143
"Franklin County, Tennessee",609.0,228,,,61.0,51,0.0,29,38.0,37,79.0,48,0.0,29,0.0,29,3.0,6,0.0,29,,,0.0,29,0.0,29,91.0,102,0.0,29,0.0,29,0.0,29,0.0,29,0.0,29,0.0,29,107.0,92,0.0,29
"Franklin County, Texas",61.0,75,,,0.0,23,0.0,23,3.0,5,38.0,55,0.0,23,0.0,23,0.0,23,0.0,23,,,0.0,23,0.0,23,16.0,26,0.0,23,0.0,23,0.0,23,0.0,23,0.0,23,0.0,23,4.0,10,0.0,23
"Franklin County, Vermont",628.0,24,,,16.0,16,0.0,24,21.0,35,156.0,141,0.0,24,0.0,24,0.0,24,0.0,24,,,0.0,24,0.0,24,330.0,155,9.0,15,0.0,24,0.0,24,0.0,24,0.0,24,27.0,27,19.0,21,0.0,24
"Franklin County, Virginia",452.0,38,,,233.0,101,0.0,31,4.0,9,45.0,47,0.0,31,0.0,31,9.0,15,0.0,31,,,0.0,31,0.0,31,36.0,33,0.0,31,0.0,31,0.0,31,0.0,31,0.0,31,0.0,31,37.0,62,0.0,31
"Franklin County, Washington",3471.0,471,,,580.0,460,0.0,31,362.0,234,213.0,165,0.0,31,0.0,31,0.0,31,0.0,31,,,227.0,300,81.0,100,817.0,330,0.0,31,155.0,185,0.0,31,0.0,31,0.0,31,33.0,39,685.0,347,0.0,31
"Franklin Parish, Louisiana",89.0,102,,,0.0,22,0.0,22,17.0,27,0.0,22,0.0,22,0.0,22,0.0,22,0.0,22,,,0.0,22,0.0,22,0.0,22,0.0,22,0.0,22,0.0,22,0.0,22,0.0,22,0.0,22,50.0,83,0.0,22
"Franklin city, Virginia",199.0,176,,,0.0,19,0.0,19,0.0,19,60.0,81,0.0,19,0.0,19,0.0,19,0.0,19,,,0.0,19,0.0,19,24.0,32,0.0,19,0.0,19,0.0,19,0.0,19,0.0,19,0.0,19,0.0,19,0.0,19
"Frederick County, Maryland",21193.0,1223,,,2994.0,542,0.0,32,750.0,352,3000.0,812,0.0,32,0.0,32,370.0,233,0.0,32,,,740.0,428,352.0,207,2632.0,546,130.0,102,49.0,74,0.0,32,0.0,32,0.0,32,326.0,173,1074.0,489,0.0,32
"Frederick County, Virginia",2544.0,115,,,214.0,132,0.0,31,178.0,109,125.0,96,0.0,31,0.0,31,5.0,12,0.0,31,,,0.0,31,139.0,116,725.0,222,0.0,31,9.0,15,0.0,31,0.0,31,0.0,31,184.0,132,340.0,227,0.0,31
"Fredericksburg city, Virginia",1930.0,353,,,168.0,140,0.0,25,107.0,102,120.0,90,0.0,25,0.0,25,0.0,25,0.0,25,,,0.0,25,0.0,25,326.0,183,0.0,25,0.0,25,7.0,12,0.0,25,0.0,25,0.0,25,76.0,69,0.0,25
"Freeborn County, Minnesota",1243.0,84,,,7.0,11,39.0,47,15.0,16,112.0,73,0.0,20,0.0,20,0.0,20,0.0,20,,,652.0,199,18.0,19,147.0,77,0.0,20,61.0,58,0.0,20,0.0,20,0.0,20,26.0,37,84.0,92,0.0,20
"Freestone County, Texas",88.0,50,,,0.0,23,0.0,23,22.0,28,6.0,14,0.0,23,0.0,23,0.0,23,0.0,23,,,0.0,23,0.0,23,15.0,22,0.0,23,0.0,23,0.0,23,0.0,23,0.0,23,6.0,14,39.0,36,0.0,23
"Fremont County, Colorado",601.0,34,,,118.0,103,0.0,28,52.0,54,51.0,51,0.0,28,0.0,28,0.0,28,0.0,28,,,0.0,28,0.0,28,62.0,77,0.0,28,0.0,28,0.0,28,0.0,28,0.0,28,0.0,28,193.0,166,0.0,28
"Fremont County, Idaho",16.0,18,,,7.0,12,0.0,19,0.0,19,4.0,10,0.0,19,0.0,19,0.0,19,0.0,19,,,0.0,19,0.0,19,0.0,19,0.0,19,0.0,19,0.0,19,0.0,19,0.0,19,0.0,19,0.0,19,0.0,19
"Fremont County, Iowa",81.0,44,,,0.0,15,0.0,15,22.0,30,0.0,15,0.0,15,0.0,15,0.0,15,0.0,15,,,0.0,15,0.0,15,18.0,25,0.0,15,13.0,18,0.0,15,0.0,15,0.0,15,0.0,15,18.0,25,0.0,15
"Fremont County, Wyoming",393.0,19,,,33.0,25,0.0,27,16.0,16,40.0,52,0.0,27,0.0,27,17.0,20,0.0,27,,,0.0,27,26.0,39,201.0,78,0.0,27,0.0,27,0.0,27,0.0,27,0.0,27,0.0,27,48.0,47,0.0,27
"Fresno County, California",133858.0,1573,,,9850.0,1245,37291.0,2095,7090.0,982,3232.0,871,0.0,32,106.0,155,247.0,170,0.0,32,,,304.0,192,8133.0,1484,20182.0,1861,864.0,360,8097.0,1221,22.0,26,248.0,174,0.0,32,833.0,339,5845.0,978,17.0,28
"Frio County, Texas",391.0,258,,,273.0,239,0.0,23,14.0,31,40.0,52,0.0,23,0.0,23,0.0,23,0.0,23,,,0.0,23,0.0,23,0.0,23,0.0,23,0.0,23,0.0,23,0.0,23,0.0,23,0.0,23,56.0,111,0.0,23
"Frontier County, Nebraska",20.0,23,,,0.0,10,0.0,10,0.0,10,0.0,10,0.0,10,0.0,10,0.0,10,0.0,10,,,0.0,10,0.0,10,1.0,3,0.0,10,0.0,10,0.0,10,0.0,10,0.0,10,0.0,10,0.0,10,0.0,10
"Fulton County, Arkansas",18.0,23,,,0.0,20,0.0,20,1.0,3,0.0,20,0.0,20,0.0,20,0.0,20,0.0,20,,,0.0,20,0.0,20,4.0,6,0.0,20,0.0,20,0.0,20,0.0,20,0.0,20,13.0,23,0.0,20,0.0,20
"Fulton County, Georgia",96439.0,1498,,,19519.0,1592,79.0,100,4113.0,797,10729.0,1456,34.0,38,0.0,34,1179.0,445,0.0,34,,,87.0,99,202.0,172,6677.0,1272,681.0,321,274.0,234,256.0,147,0.0,34,24.0,43,682.0,225,3478.0,788,0.0,34
"Fulton County, Illinois",194.0,38,,,66.0,36,0.0,26,32.0,30,27.0,24,0.0,26,2.0,4,0.0,26,0.0,26,,,0.0,26,0.0,26,17.0,20,0.0,26,9.0,16,0.0,26,0.0,26,0.0,26,3.0,5,13.0,15,0.0,26
"Fulton County, Indiana",73.0,76,,,0.0,24,0.0,24,0.0,24,9.0,14,0.0,24,0.0,24,0.0,24,0.0,24,,,0.0,24,0.0,24,7.0,13,3.0,5,3.0,4,0.0,24,0.0,24,0.0,24,0.0,24,0.0,24,0.0,24
"Fulton County, Kentucky",0.0,18,,,0.0,18,0.0,18,0.0,18,0.0,18,0.0,18,0.0,18,0.0,18,0.0,18,,,0.0,18,0.0,18,0.0,18,0.0,18,0.0,18,0.0,18,0.0,18,0.0,18,0.0,18,0.0,18,0.0,18
"Fulton County, New York",689.0,129,,,218.0,113,0.0,31,3.0,7,16.0,24,0.0,31,0.0,31,0.0,31,0.0,31,,,20.0,29,0.0,31,161.0,140,0.0,31,0.0,31,3.0,6,0.0,31,0.0,31,16.0,24,86.0,73,0.0,31
"Fulton County, Ohio",371.0,87,,,72.0,65,0.0,27,0.0,27,28.0,34,0.0,27,0.0,27,0.0,27,0.0,27,,,0.0,27,0.0,27,108.0,101,0.0,27,27.0,46,0.0,27,0.0,27,0.0,27,0.0,27,0.0,27,0.0,27
"Fulton County, Pennsylvania",59.0,7,,,34.0,20,0.0,18,7.0,11,12.0,14,0.0,18,0.0,18,0.0,18,0.0,18,,,0.0,18,0.0,18,0.0,18,0.0,18,0.0,18,0.0,18,0.0,18,0.0,18,0.0,18,4.0,6,0.0,18
"Furnas County, Nebraska",9.0,8,,,3.0,4,0.0,10,2.0,4,1.0,2,0.0,10,0.0,10,0.0,10,0.0,10,,,0.0,10,0.0,10,3.0,7,0.0,10,0.0,10,0.0,10,0.0,10,0.0,10,0.0,10,0.0,10,0.0,10
"Gadsden County, Florida",177.0,122,,,27.0,49,0.0,31,10.0,17,0.0,31,0.0,31,0.0,31,0.0,31,0.0,31,,,0.0,31,0.0,31,42.0,50,13.0,22,0.0,31,0.0,31,0.0,31,0.0,31,0.0,31,0.0,31,0.0,31
"Gage County, Nebraska",187.0,19,,,94.0,82,0.0,19,29.0,41,0.0,19,0.0,19,0.0,19,0.0,19,0.0,19,,,0.0,19,0.0,19,64.0,84,0.0,19,0.0,19,0.0,19,0.0,19,0.0,19,0.0,19,0.0,19,0.0,19
"Gaines County, Texas",6.0,14,,,0.0,28,0.0,28,0.0,28,0.0,28,0.0,28,0.0,28,0.0,28,0.0,28,,,0.0,28,0.0,28,0.0,28,0.0,28,0.0,28,0.0,28,0.0,28,0.0,28,0.0,28,0.0,28,0.0,28
"Galax city, Virginia",39.0,56,,,0.0,19,0.0,19,7.0,18,0.0,19,0.0,19,0.0,19,0.0,19,0.0,19,,,0.0,19,0.0,19,32.0,55,0.0,19,0.0,19,0.0,19,0.0,19,0.0,19,0.0,19,0.0,19,0.0,19
"Gallatin County, Illinois",28.0,12,,,0.0,12,0.0,12,7.0,8,0.0,12,0.0,12,0.0,12,0.0,12,0.0,12,,,0.0,12,0.0,12,12.0,12,0.0,12,0.0,12,0.0,12,0.0,12,0.0,12,0.0,12,0.0,12,0.0,12
"Gallatin County, Kentucky",120.0,35,,,0.0,18,0.0,18,0.0,18,7.0,14,0.0,18,0.0,18,0.0,18,0.0,18,,,0.0,18,37.0,17,2.0,6,0.0,18,37.0,17,0.0,18,0.0,18,0.0,18,37.0,17,0.0,18,0.0,18
"Gallatin County, Montana",3134.0,111,,,1175.0,327,0.0,26,454.0,181,447.0,192,0.0,26,0.0,26,0.0,26,0.0,26,,,0.0,26,0.0,26,496.0,229,86.0,71,0.0,26,0.0,26,0.0,26,0.0,26,30.0,37,25.0,36,0.0,26
"Gallia County, Ohio",266.0,15,,,38.0,47,0.0,24,8.0,15,22.0,24,0.0,24,0.0,24,0.0,24,0.0,24,,,0.0,24,0.0,24,149.0,86,0.0,24,0.0,24,0.0,24,0.0,24,0.0,24,0.0,24,0.0,24,0.0,24
"Galveston County, Texas",16285.0,659,,,2330.0,544,28.0,41,721.0,261,747.0,317,26.0,44,0.0,35,106.0,93,0.0,35,,,0.0,35,123.0,126,3163.0,682,47.0,82,262.0,67,42.0,45,0.0,35,0.0,35,901.0,496,3393.0,705,0.0,35
"Garden County, Nebraska",5.0,6,,,0.0,10,0.0,10,4.0,5,0.0,10,0.0,10,0.0,10,0.0,10,0.0,10,,,0.0,10,0.0,10,1.0,3,0.0,10,0.0,10,0.0,10,0.0,10,0.0,10,0.0,10,0.0,10,0.0,10
"Garfield County, Colorado",916.0,135,,,335.0,183,0.0,31,85.0,66,89.0,66,0.0,31,0.0,31,0.0,31,0.0,31,,,0.0,31,14.0,24,184.0,99,0.0,31,0.0,31,0.0,31,0.0,31,0.0,31,14.0,24,62.0,58,0.0,31
"Garfield County, Montana",0.0,11,,,0.0,11,0.0,11,0.0,11,0.0,11,0.0,11,0.0,11,0.0,11,0.0,11,,,0.0,11,0.0,11,0.0,11,0.0,11,0.0,11,0.0,11,0.0,11,0.0,11,0.0,11,0.0,11,0.0,11
"Garfield County, Nebraska",0.0,10,,,0.0,10,0.0,10,0.0,10,0.0,10,0.0,10,0.0,10,0.0,10,0.0,10,,,0.0,10,0.0,10,0.0,10,0.0,10,0.0,10,0.0,10,0.0,10,0.0,10,0.0,10,0.0,10,0.0,10
"Garfield County, Oklahoma",1338.0,241,,,494.0,231,113.0,169,244.0,203,65.0,46,0.0,24,0.0,24,70.0,123,0.0,24,,,0.0,24,0.0,24,119.0,63,0.0,24,0.0,24,0.0,24,0.0,24,0.0,24,10.0,13,40.0,45,0.0,24
"Garfield County, Utah",6.0,9,,,6.0,9,0.0,17,0.0,17,0.0,17,0.0,17,0.0,17,0.0,17,0.0,17,,,0.0,17,0.0,17,0.0,17,0.0,17,0.0,17,0.0,17,0.0,17,0.0,17,0.0,17,0.0,17,0.0,17
"Garfield County, Washington",54.0,64,,,0.0,13,0.0,13,6.0,9,5.0,11,0.0,13,0.0,13,0.0,13,0.0,13,,,0.0,13,0.0,13,43.0,67,0.0,13,0.0,13,0.0,13,0.0,13,0.0,13,0.0,13,0.0,13,0.0,13
"Garland County, Arkansas",1347.0,187,,,166.0,124,94.0,95,110.0,97,58.0,45,0.0,30,0.0,30,3.0,7,0.0,30,,,0.0,30,0.0,30,261.0,137,0.0,30,9.0,22,0.0,30,0.0,30,0.0,30,140.0,158,166.0,142,0.0,30
"Garrard County, Kentucky",44.0,62,,,0.0,20,0.0,20,0.0,20,32.0,52,0.0,20,0.0,20,0.0,20,0.0,20,,,0.0,20,0.0,20,0.0,20,0.0,20,0.0,20,0.0,20,0.0,20,0.0,20,12.0,22,0.0,20,0.0,20
"Garrett County, Maryland",200.0,25,,,12.0,17,0.0,25,26.0,27,22.0,28,0.0,25,0.0,25,0.0,25,0.0,25,,,18.0,28,0.0,25,84.0,21,0.0,25,0.0,25,0.0,25,0.0,25,0.0,25,0.0,25,0.0,25,0.0,25
"Garvin County, Oklahoma",230.0,41,,,118.0,62,0.0,19,0.0,19,9.0,15,0.0,19,0.0,19,9.0,17,0.0,19,,,0.0,19,0.0,19,45.0,41,0.0,19,0.0,19,0.0,19,0.0,19,0.0,19,12.0,13,20.0,29,0.0,19
"Garza County, Texas",14.0,20,,,0.0,21,0.0,21,0.0,21,0.0,21,0.0,21,0.0,21,0.0,21,0.0,21,,,0.0,21,0.0,21,14.0,20,0.0,21,0.0,21,0.0,21,0.0,21,0.0,21,0.0,21,0.0,21,0.0,21
"Gasconade County, Missouri",16.0,16,,,0.0,19,0.0,19,0.0,19,1.0,3,0.0,19,0.0,19,0.0,19,0.0,19,,,0.0,19,0.0,19,15.0,15,0.0,19,0.0,19,0.0,19,0.0,19,0.0,19,0.0,19,0.0,19,0.0,19
"Gaston County, North Carolina",5560.0,441,,,760.0,337,388.0,293,340.0,178,417.0,161,0.0,32,0.0,32,0.0,32,0.0,32,,,0.0,32,54.0,69,850.0,276,332.0,314,322.0,217,19.0,20,0.0,32,2.0,4,49.0,57,670.0,259,0.0,32
"Gates County, North Carolina",72.0,77,,,49.0,60,0.0,21,0.0,21,0.0,21,0.0,21,0.0,21,0.0,21,0.0,21,,,0.0,21,0.0,21,23.0,45,0.0,21,0.0,21,0.0,21,0.0,21,0.0,21,0.0,21,0.0,21,0.0,21
"Geary County, Kansas",2327.0,278,,,130.0,97,151.0,132,74.0,52,701.0,204,0.0,24,7.0,11,23.0,32,0.0,24,,,1.0,3,0.0,24,972.0,333,0.0,24,6.0,12,0.0,24,0.0,24,0.0,24,68.0,77,163.0,92,0.0,24
"Geauga County, Ohio",1079.0,124,,,59.0,40,0.0,30,306.0,179,138.0,155,0.0,30,0.0,30,10.0,17,0.0,30,,,0.0,30,0.0,30,278.0,174,4.0,10,0.0,30,0.0,30,0.0,30,0.0,30,6.0,13,26.0,34,0.0,30
"Gem County, Idaho",274.0,19,,,35.0,41,0.0,19,169.0,77,34.0,50,0.0,19,0.0,19,0.0,19,0.0,19,,,0.0,19,0.0,19,24.0,41,0.0,19,0.0,19,0.0,19,0.0,19,0.0,19,0.0,19,12.0,25,0.0,19
"Genesee County, Michigan",7172.0,522,,,1169.0,334,73.0,101,664.0,250,749.0,230,0.0,26,0.0,26,33.0,41,0.0,26,,,0.0,26,263.0,278,1256.0,411,0.0,26,81.0,102,88.0,96,0.0,26,0.0,26,235.0,159,472.0,211,0.0,26
"Genesee County, New York",919.0,310,,,296.0,146,0.0,31,65.0,79,69.0,54,0.0,31,83.0,122,0.0,31,0.0,31,,,0.0,31,0.0,31,250.0,171,0.0,31,2.0,4,0.0,31,0.0,31,0.0,31,0.0,31,18.0,31,0.0,31
"Geneva County, Alabama",202.0,190,,,0.0,25,0.0,25,0.0,25,153.0,186,0.0,25,0.0,25,0.0,25,0.0,25,,,0.0,25,0.0,25,49.0,51,0.0,25,0.0,25,0.0,25,0.0,25,0.0,25,0.0,25,0.0,25,0.0,25
"Gentry County, Missouri",131.0,47,,,27.0,26,0.0,17,27.0,36,35.0,44,0.0,17,0.0,17,0.0,17,0.0,17,,,0.0,17,0.0,17,12.0,17,0.0,17,0.0,17,0.0,17,0.0,17,0.0,17,0.0,17,0.0,17,0.0,17
"George County, Mississippi",105.0,77,,,0.0,26,0.0,26,28.0,46,0.0,26,0.0,26,0.0,26,0.0,26,0.0,26,,,0.0,26,0.0,26,30.0,28,0.0,26,0.0,26,0.0,26,0.0,26,0.0,26,0.0,26,47.0,62,0.0,26
"Georgetown County, South Carolina",521.0,104,,,183.0,149,0.0,33,0.0,33,15.0,17,0.0,33,0.0,33,0.0,33,0.0,33,,,0.0,33,0.0,33,206.0,155,0.0,33,0.0,33,0.0,33,0.0,33,0.0,33,54.0,78,63.0,77,0.0,33
"Gibson County, Indiana",321.0,76,,,11.0,15,0.0,27,57.0,76,3.0,5,0.0,27,0.0,27,0.0,27,0.0,27,,,26.0,29,0.0,27,102.0,47,16.0,24,0.0,27,5.0,9,0.0,27,0.0,27,19.0,27,5.0,10,0.0,27
"Gibson County, Tennessee",318.0,38,,,56.0,53,0.0,32,37.0,43,23.0,38,0.0,32,0.0,32,0.0,32,0.0,32,,,0.0,32,0.0,32,111.0,67,0.0,32,12.0,17,0.0,32,0.0,32,0.0,32,19.0,28,0.0,32,0.0,32
"Gila County, Arizona",556.0,49,,,12.0,19,0.0,33,64.0,64,101.0,107,0.0,33,0.0,33,0.0,33,0.0,33,,,0.0,33,0.0,33,248.0,111,28.0,32,0.0,33,0.0,33,0.0,33,0.0,33,12.0,21,43.0,55,0.0,33
"Gilchrist County, Florida",149.0,15,,,0.0,23,0.0,23,0.0,23,9.0,18,0.0,23,0.0,23,0.0,23,0.0,23,,,0.0,23,0.0,23,119.0,32,0.0,23,0.0,23,0.0,23,0.0,23,0.0,23,0.0,23,12.0,26,0.0,23
"Giles County, Tennessee",208.0,4,,,72.0,82,0.0,29,11.0,16,0.0,29,0.0,29,0.0,29,0.0,29,0.0,29,,,0.0,29,0.0,29,60.0,73,0.0,29,0.0,29,0.0,29,0.0,29,0.0,29,0.0,29,5.0,11,0.0,29
"Giles County, Virginia",98.0,74,,,0.0,21,0.0,21,0.0,21,0.0,21,0.0,21,0.0,21,0.0,21,0.0,21,,,0.0,21,0.0,21,7.0,12,0.0,21,0.0,21,0.0,21,0.0,21,0.0,21,0.0,21,13.0,24,0.0,21
"Gillespie County, Texas",177.0,3,,,15.0,25,0.0,28,1.0,2,55.0,66,0.0,28,0.0,28,0.0,28,1.0,2,,,37.0,58,0.0,28,28.0,48,0.0,28,0.0,28,0.0,28,0.0,28,0.0,28,40.0,53,0.0,28,0.0,28
"Gilliam County, Oregon",24.0,20,,,0.0,13,0.0,13,9.0,11,8.0,13,0.0,13,0.0,13,0.0,13,0.0,13,,,0.0,13,0.0,13,0.0,13,0.0,13,0.0,13,0.0,13,0.0,13,0.0,13,0.0,13,2.0,4,0.0,13
"Gilmer County, Georgia",385.0,136,,,33.0,51,0.0,30,73.0,82,0.0,30,0.0,30,0.0,30,0.0,30,0.0,30,,,0.0,30,68.0,83,102.0,97,0.0,30,0.0,30,0.0,30,0.0,30,0.0,30,0.0,30,81.0,129,0.0,30
"Gilmer County, West Virginia",29.0,29,,,0.0,18,0.0,18,12.0,20,2.0,4,0.0,18,0.0,18,0.0,18,0.0,18,,,0.0,18,0.0,18,0.0,18,0.0,18,0.0,18,0.0,18,0.0,18,0.0,18,0.0,18,3.0,10,0.0,18
"Gilpin County, Colorado",98.0,51,,,10.0,17,0.0,19,12.0,15,8.0,12,4.0,7,0.0,19,0.0,19,0.0,19,,,0.0,19,0.0,19,14.0,20,0.0,19,0.0,19,0.0,19,0.0,19,0.0,19,11.0,16,17.0,25,0.0,19
"Glacier County, Montana",84.0,17,,,0.0,17,0.0,17,8.0,13,8.0,14,0.0,17,0.0,17,0.0,17,0.0,17,,,0.0,17,0.0,17,56.0,25,0.0,17,0.0,17,0.0,17,0.0,17,0.0,17,8.0,12,0.0,17,0.0,17
"Glades County, Florida",96.0,24,,,40.0,67,0.0,23,0.0,23,0.0,23,0.0,23,0.0,23,0.0,23,0.0,23,,,0.0,23,0.0,23,46.0,54,0.0,23,0.0,23,0.0,23,0.0,23,0.0,23,0.0,23,0.0,23,0.0,23
"Gladwin County, Michigan",203.0,46,,,55.0,33,0.0,20,21.0,22,9.0,10,0.0,20,0.0,20,0.0,20,0.0,20,,,0.0,20,0.0,20,109.0,59,0.0,20,0.0,20,0.0,20,0.0,20,0.0,20,9.0,9,0.0,20,0.0,20
"Glascock County, Georgia",0.0,14,,,0.0,14,0.0,14,0.0,14,0.0,14,0.0,14,0.0,14,0.0,14,0.0,14,,,0.0,14,0.0,14,0.0,14,0.0,14,0.0,14,0.0,14,0.0,14,0.0,14,0.0,14,0.0,14,0.0,14
"Glasscock County, Texas",0.0,15,,,0.0,15,0.0,15,0.0,15,0.0,15,0.0,15,0.0,15,0.0,15,0.0,15,,,0.0,15,0.0,15,0.0,15,0.0,15,0.0,15,0.0,15,0.0,15,0.0,15,0.0,15,0.0,15,0.0,15
"Glenn County, California",983.0,156,,,384.0,227,0.0,25,191.0,142,7.0,14,0.0,25,0.0,25,0.0,25,0.0,25,,,0.0,25,0.0,25,114.0,92,0.0,25,108.0,98,0.0,25,0.0,25,0.0,25,1.0,8,110.0,165,0.0,25
"Gloucester County, New Jersey",13242.0,385,,,1844.0,427,0.0,32,447.0,213,1192.0,413,0.0,32,0.0,32,59.0,47,0.0,32,,,7.0,13,316.0,210,3425.0,609,0.0,32,76.0,67,0.0,32,0.0,32,0.0,32,182.0,108,730.0,289,0.0,32
"Gloucester County, Virginia",774.0,227,,,94.0,83,0.0,28,35.0,36,52.0,64,0.0,28,0.0,28,17.0,34,0.0,28,,,0.0,28,0.0,28,69.0,55,0.0,28,0.0,28,6.0,46,0.0,28,0.0,28,54.0,43,10.0,36,0.0,28
"Glynn County, Georgia",1994.0,218,,,80.0,75,0.0,34,217.0,172,327.0,218,83.0,129,0.0,34,0.0,34,0.0,34,,,0.0,34,13.0,24,613.0,296,0.0,34,42.0,61,17.0,29,0.0,34,0.0,34,19.0,32,397.0,372,0.0,34
"Gogebic County, Michigan",109.0,14,,,8.0,8,0.0,17,9.0,12,15.0,26,0.0,17,0.0,17,0.0,17,0.0,17,,,0.0,17,0.0,17,7.0,9,0.0,17,0.0,17,0.0,17,0.0,17,0.0,17,0.0,17,6.0,10,0.0,17
"Golden Valley County, Montana",0.0,11,,,0.0,11,0.0,11,0.0,11,0.0,11,0.0,11,0.0,11,0.0,11,0.0,11,,,0.0,11,0.0,11,0.0,11,0.0,11,0.0,11,0.0,11,0.0,11,0.0,11,0.0,11,0.0,11,0.0,11
"Golden Valley County, North Dakota",37.0,31,,,0.0,10,0.0,10,20.0,21,3.0,8,0.0,10,0.0,10,0.0,10,0.0,10,,,0.0,10,0.0,10,0.0,10,0.0,10,0.0,10,0.0,10,0.0,10,0.0,10,14.0,21,0.0,10,0.0,10
"Goliad County, Texas",5.0,10,,,0.0,21,0.0,21,0.0,21,0.0,21,0.0,21,0.0,21,0.0,21,0.0,21,,,0.0,21,0.0,21,3.0,8,0.0,21,0.0,21,0.0,21,0.0,21,0.0,21,0.0,21,1.0,3,0.0,21
"Gonzales County, Texas",156.0,109,,,8.0,13,0.0,23,0.0,23,59.0,60,0.0,23,0.0,23,0.0,23,0.0,23,,,0.0,23,0.0,23,46.0,71,0.0,23,0.0,23,0.0,23,0.0,23,0.0,23,0.0,23,11.0,23,0.0,23
"Goochland County, Virginia",576.0,8,,,21.0,37,0.0,25,28.0,43,22.0,40,0.0,25,0.0,25,0.0,25,0.0,25,,,0.0,25,0.0,25,163.0,115,0.0,25,0.0,25,17.0,33,0.0,25,0.0,25,21.0,37,207.0,185,0.0,25
"Goodhue County, Minnesota",574.0,54,,,90.0,62,110.0,93,67.0,41,111.0,45,0.0,20,0.0,20,0.0,20,0.0,20,,,0.0,20,34.0,47,25.0,20,0.0,20,8.0,9,0.0,20,0.0,20,0.0,20,6.0,12,33.0,33,0.0,20
"Gooding County, Idaho",146.0,4,,,25.0,39,0.0,19,20.0,23,0.0,19,0.0,19,0.0,19,0.0,19,0.0,19,,,0.0,19,0.0,19,17.0,27,0.0,19,0.0,19,0.0,19,0.0,19,0.0,19,0.0,19,0.0,19,0.0,19
"Gordon County, Georgia",1225.0,302,,,300.0,302,0.0,34,54.0,66,0.0,34,0.0,34,0.0,34,0.0,34,0.0,34,,,0.0,34,0.0,34,203.0,145,0.0,34,0.0,34,0.0,34,0.0,34,0.0,34,29.0,48,356.0,229,0.0,34
"Goshen County, Wyoming",85.0,72,,,27.0,37,0.0,20,35.0,34,0.0,20,0.0,20,0.0,20,0.0,20,0.0,20,,,0.0,20,0.0,20,23.0,37,0.0,20,0.0,20,0.0,20,0.0,20,0.0,20,0.0,20,0.0,20,0.0,20
"Gosper County, Nebraska",0.0,10,,,0.0,10,0.0,10,0.0,10,0.0,10,0.0,10,0.0,10,0.0,10,0.0,10,,,0.0,10,0.0,10,0.0,10,0.0,10,0.0,10,0.0,10,0.0,10,0.0,10,0.0,10,0.0,10,0.0,10
"Gove County, Kansas",19.0,13,,,3.0,6,0.0,11,0.0,11,0.0,11,0.0,11,0.0,11,0.0,11,0.0,11,,,0.0,11,0.0,11,14.0,14,0.0,11,0.0,11,0.0,11,0.0,11,0.0,11,0.0,11,0.0,11,0.0,11
"Grady County, Georgia",37.0,103,,,0.0,27,0.0,27,0.0,27,0.0,27,0.0,27,0.0,27,0.0,27,0.0,27,,,0.0,27,0.0,27,37.0,103,0.0,27,0.0,27,0.0,27,0.0,27,0.0,27,0.0,27,0.0,27,0.0,27
"Grady County, Oklahoma",462.0,35,,,49.0,41,0.0,24,53.0,40,121.0,88,0.0,24,0.0,24,0.0,24,0.0,24,,,0.0,24,0.0,24,104.0,69,18.0,24,59.0,54,0.0,24,0.0,24,0.0,24,0.0,24,22.0,32,0.0,24
"Grafton County, New Hampshire",4427.0,221,,,1290.0,286,0.0,29,359.0,173,521.0,175,0.0,29,0.0,29,119.0,115,0.0,29,,,8.0,15,45.0,62,316.0,195,99.0,95,157.0,124,0.0,29,0.0,29,0.0,29,146.0,132,237.0,104,0.0,29
"Graham County, Arizona",514.0,156,,,22.0,28,0.0,30,15.0,20,80.0,106,0.0,30,0.0,30,0.0,30,0.0,30,,,0.0,30,0.0,30,311.0,165,0.0,30,0.0,30,0.0,30,0.0,30,0.0,30,0.0,30,8.0,13,0.0,30
"Graham County, Kansas",28.0,23,,,0.0,11,0.0,11,0.0,11,0.0,11,0.0,11,0.0,11,0.0,11,0.0,11,,,0.0,11,0.0,11,0.0,11,0.0,11,0.0,11,0.0,11,0.0,11,0.0,11,0.0,11,28.0,23,0.0,11
"Graham County, North Carolina",90.0,101,,,0.0,19,0.0,19,0.0,19,67.0,91,0.0,19,0.0,19,0.0,19,0.0,19,,,0.0,19,0.0,19,0.0,19,0.0,19,0.0,19,0.0,19,0.0,19,0.0,19,0.0,19,0.0,19,0.0,19
"Grainger County, Tennessee",94.0,25,,,0.0,25,0.0,25,0.0,25,0.0,25,0.0,25,0.0,25,0.0,25,0.0,25,,,0.0,25,0.0,25,32.0,38,0.0,25,4.0,8,0.0,25,0.0,25,0.0,25,0.0,25,49.0,41,0.0,25
"Grand County, Colorado",95.0,118,,,1.0,2,0.0,21,33.0,50,0.0,21,0.0,21,0.0,21,0.0,21,0.0,21,,,0.0,21,0.0,21,0.0,21,0.0,21,0.0,21,0.0,21,0.0,21,0.0,21,0.0,21,0.0,21,0.0,21
"Grand County, Utah",142.0,75,,,43.0,55,0.0,17,0.0,17,0.0,17,0.0,17,0.0,17,0.0,17,0.0,17,,,0.0,17,0.0,17,4.0,9,0.0,17,0.0,17,0.0,17,0.0,17,0.0,17,34.0,56,0.0,17,0.0,17
"Grand Forks County, North Dakota",2799.0,170,,,596.0,324,17.0,23,331.0,172,389.0,227,24.0,48,0.0,24,0.0,24,0.0,24,,,0.0,24,0.0,24,513.0,188,0.0,24,0.0,24,22.0,35,0.0,24,0.0,24,8.0,8,72.0,77,0.0,24
"Grand Isle County, Vermont",98.0,17,,,9.0,8,0.0,15,18.0,18,14.0,14,0.0,15,0.0,15,0.0,15,0.0,15,,,0.0,15,0.0,15,51.0,37,0.0,15,0.0,15,0.0,15,0.0,15,0.0,15,0.0,15,0.0,15,0.0,15
"Grand Traverse County, Michigan",1308.0,105,,,178.0,95,0.0,26,88.0,68,204.0,119,79.0,83,0.0,26,29.0,47,0.0,26,,,0.0,26,0.0,26,216.0,127,23.0,23,62.0,51,0.0,26,0.0,26,0.0,26,1.0,5,109.0,99,0.0,26
"Granite County, Montana",22.0,41,,,18.0,41,0.0,11,0.0,11,4.0,9,0.0,11,0.0,11,0.0,11,0.0,11,,,0.0,11,0.0,11,0.0,11,0.0,11,0.0,11,0.0,11,0.0,11,0.0,11,0.0,11,0.0,11,0.0,11
"Grant County, Arkansas",125.0,20,,,0.0,20,0.0,20,0.0,20,0.0,20,0.0,20,0.0,20,51.0,55,0.0,20,,,0.0,20,0.0,20,27.0,32,1.0,2,18.0,29,0.0,20,0.0,20,0.0,20,0.0,20,28.0,37,0.0,20
"Grant County, Indiana",1146.0,286,,,399.0,191,0.0,30,28.0,21,144.0,109,0.0,30,0.0,30,0.0,30,0.0,30,,,21.0,26,1.0,2,75.0,69,0.0,30,0.0,30,0.0,30,0.0,30,0.0,30,4.0,6,109.0,99,0.0,30
"Grant County, Kansas",256.0,328,,,17.0,30,0.0,16,0.0,16,0.0,16,0.0,16,0.0,16,0.0,16,0.0,16,,,0.0,16,0.0,16,239.0,327,0.0,16,0.0,16,0.0,16,0.0,16,0.0,16,0.0,16,0.0,16,0.0,16
"Grant County, Kentucky",143.0,2,,,25.0,41,0.0,24,0.0,24,8.0,13,0.0,24,0.0,24,0.0,24,0.0,24,,,0.0,24,22.0,37,81.0,58,0.0,24,0.0,24,0.0,24,0.0,24,0.0,24,7.0,14,0.0,24,0.0,24
"Grant County, Minnesota",24.0,16,,,0.0,13,0.0,13,6.0,6,8.0,10,0.0,13,0.0,13,0.0,13,0.0,13,,,0.0,13,0.0,13,10.0,8,0.0,13,0.0,13,0.0,13,0.0,13,0.0,13,0.0,13,0.0,13,0.0,13
"Grant County, Nebraska",5.0,6,,,0.0,10,0.0,10,0.0,10,2.0,3,0.0,10,0.0,10,0.0,10,0.0,10,,,0.0,10,0.0,10,1.0,7,0.0,10,0.0,10,0.0,10,0.0,10,0.0,10,0.0,10,0.0,10,0.0,10
"Grant County, New Mexico",400.0,110,,,144.0,111,0.0,25,16.0,25,23.0,27,0.0,25,0.0,25,0.0,25,0.0,25,,,0.0,25,0.0,25,196.0,137,0.0,25,0.0,25,0.0,25,0.0,25,0.0,25,1.0,2,0.0,25,0.0,25
"Grant County, North Dakota",78.0,23,,,19.0,20,0.0,10,0.0,10,0.0,10,0.0,10,0.0,10,0.0,10,0.0,10,,,0.0,10,0.0,10,47.0,24,0.0,10,0.0,10,0.0,10,0.0,10,0.0,10,0.0,10,5.0,7,0.0,10
"Grant County, Oklahoma",23.0,15,,,4.0,5,0.0,10,1.0,2,11.0,11,0.0,10,0.0,10,0.0,10,0.0,10,,,0.0,10,0.0,10,7.0,8,0.0,10,0.0,10,0.0,10,0.0,10,0.0,10,0.0,10,0.0,10,0.0,10
"Grant County, Oregon",81.0,3,,,4.0,6,0.0,19,8.0,9,14.0,20,0.0,19,0.0,19,0.0,19,0.0,19,,,0.0,19,0.0,19,9.0,11,0.0,19,0.0,19,0.0,19,0.0,19,0.0,19,0.0,19,0.0,19,0.0,19
"Grant County, South Dakota",74.0,108,,,1.0,3,0.0,15,6.0,11,0.0,15,0.0,15,0.0,15,0.0,15,0.0,15,,,41.0,88,0.0,15,1.0,7,0.0,15,0.0,15,0.0,15,0.0,15,0.0,15,0.0,15,0.0,15,0.0,15
"Grant County, Washington",1967.0,334,,,62.0,71,0.0,31,545.0,268,137.0,126,0.0,31,0.0,31,0.0,31,0.0,31,,,97.0,133,0.0,31,642.0,304,0.0,31,0.0,31,0.0,31,0.0,31,0.0,31,99.0,103,81.0,88,0.0,31
"Grant County, West Virginia",35.0,31,,,11.0,17,0.0,20,9.0,12,15.0,24,0.0,20,0.0,20,0.0,20,0.0,20,,,0.0,20,0.0,20,0.0,20,0.0,20,0.0,20,0.0,20,0.0,20,0.0,20,0.0,20,0.0,20,0.0,20
"Grant County, Wisconsin",625.0,36,,,69.0,42,128.0,120,37.0,31,66.0,63,0.0,23,0.0,23,0.0,23,0.0,23,,,0.0,23,0.0,23,95.0,53,0.0,23,0.0,23,0.0,23,0.0,23,0.0,23,18.0,31,0.0,23,0.0,23
"Grant Parish, Louisiana",233.0,133,,,101.0,108,2.0,4,26.0,29,0.0,26,0.0,26,0.0,26,0.0,26,0.0,26,,,0.0,26,0.0,26,45.0,54,0.0,26,0.0,26,0.0,26,0.0,26,0.0,26,0.0,26,16.0,21,0.0,26
"Granville County, North Carolina",851.0,254,,,12.0,22,48.0,73,20.0,37,196.0,166,0.0,32,0.0,32,0.0,32,0.0,32,,,0.0,32,12.0,19,197.0,130,0.0,32,0.0,32,0.0,32,0.0,32,0.0,32,0.0,32,19.0,22,0.0,32
"Gratiot County, Michigan",327.0,44,,,52.0,40,4.0,9,75.0,64,50.0,41,0.0,23,0.0,23,0.0,23,0.0,23,,,0.0,23,0.0,23,11.0,15,0.0,23,0.0,23,1.0,2,0.0,23,0.0,23,0.0,23,0.0,23,0.0,23
"Graves County, Kentucky",283.0,44,,,42.0,44,0.0,27,0.0,27,0.0,27,0.0,27,0.0,27,0.0,27,0.0,27,,,0.0,27,0.0,27,121.0,61,0.0,27,0.0,27,0.0,27,0.0,27,0.0,27,10.0,16,0.0,27,0.0,27
"Gray County, Kansas",67.0,39,,,0.0,16,0.0,16,0.0,16,0.0,16,0.0,16,0.0,16,0.0,16,0.0,16,,,53.0,40,0.0,16,14.0,17,0.0,16,0.0,16,0.0,16,0.0,16,0.0,16,0.0,16,0.0,16,0.0,16
"Gray County, Texas",247.0,68,,,0.0,28,0.0,28,18.0,27,66.0,64,0.0,28,0.0,28,0.0,28,0.0,28,,,0.0,28,0.0,28,133.0,130,0.0,28,0.0,28,0.0,28,0.0,28,0.0,28,0.0,28,12.0,22,0.0,28
"Grays Harbor County, Washington",2060.0,165,,,335.0,180,0.0,31,123.0,67,285.0,146,25.0,29,0.0,31,0.0,31,0.0,31,,,0.0,31,89.0,88,673.0,199,0.0,31,31.0,47,0.0,31,0.0,31,0.0,31,115.0,98,165.0,95,0.0,31
"Grayson County, Kentucky",120.0,24,,,0.0,24,0.0,24,0.0,24,11.0,23,0.0,24,0.0,24,0.0,24,0.0,24,,,0.0,24,0.0,24,27.0,30,0.0,24,0.0,24,0.0,24,0.0,24,0.0,24,0.0,24,0.0,24,0.0,24
"Grayson County, Texas",3245.0,571,,,298.0,145,0.0,35,362.0,252,458.0,242,3.0,5,0.0,35,58.0,58,0.0,35,,,73.0,115,0.0,35,577.0,255,86.0,96,0.0,35,0.0,35,0.0,35,0.0,35,217.0,192,283.0,158,0.0,35
"Grayson County, Virginia",237.0,128,,,0.0,21,0.0,21,16.0,28,53.0,65,0.0,21,0.0,21,0.0,21,0.0,21,,,0.0,21,0.0,21,34.0,34,0.0,21,0.0,21,0.0,21,0.0,21,0.0,21,0.0,21,0.0,21,0.0,21
"Greater Bridgeport Planning Region, Connecticut",20645.0,441,,,3661.0,917,0.0,32,356.0,235,1240.0,444,131.0,119,0.0,32,50.0,61,0.0,32,,,135.0,156,978.0,541,2120.0,719,95.0,84,1426.0,692,122.0,166,0.0,32,25.0,39,169.0,119,1963.0,631,0.0,32
"Greeley County, Kansas",0.0,11,,,0.0,11,0.0,11,0.0,11,0.0,11,0.0,11,0.0,11,0.0,11,0.0,11,,,0.0,11,0.0,11,0.0,11,0.0,11,0.0,11,0.0,11,0.0,11,0.0,11,0.0,11,0.0,11,0.0,11
"Greeley County, Nebraska",0.0,10,,,0.0,10,0.0,10,0.0,10,0.0,10,0.0,10,0.0,10,0.0,10,0.0,10,,,0.0,10,0.0,10,0.0,10,0.0,10,0.0,10,0.0,10,0.0,10,0.0,10,0.0,10,0.0,10,0.0,10
"Green County, Kentucky",0.0,20,,,0.0,20,0.0,20,0.0,20,0.0,20,0.0,20,0.0,20,0.0,20,0.0,20,,,0.0,20,0.0,20,0.0,20,0.0,20,0.0,20,0.0,20,0.0,20,0.0,20,0.0,20,0.0,20,0.0,20
"Green County, Wisconsin",409.0,90,,,14.0,13,37.0,46,119.0,96,67.0,41,0.0,21,0.0,21,0.0,21,0.0,21,,,0.0,21,0.0,21,42.0,28,0.0,21,57.0,51,0.0,21,0.0,21,0.0,21,28.0,20,31.0,25,0.0,21
"Green Lake County, Wisconsin",178.0,16,,,5.0,8,111.0,53,4.0,6,5.0,7,0.0,16,0.0,16,0.0,16,0.0,16,,,0.0,16,0.0,16,12.0,23,0.0,16,0.0,16,0.0,16,0.0,16,0.0,16,0.0,16,0.0,16,0.0,16
"Greenbrier County, West Virginia",206.0,128,,,53.0,84,0.0,27,26.0,47,0.0,27,0.0,27,0.0,27,0.0,27,0.0,27,,,0.0,27,0.0,27,82.0,91,0.0,27,0.0,27,0.0,27,0.0,27,0.0,27,1.0,2,0.0,27,0.0,27
"Greene County, Alabama",0.0,19,,,0.0,19,0.0,19,0.0,19,0.0,19,0.0,19,0.0,19,0.0,19,0.0,19,,,0.0,19,0.0,19,0.0,19,0.0,19,0.0,19,0.0,19,0.0,19,0.0,19,0.0,19,0.0,19,0.0,19
"Greene County, Arkansas",265.0,57,,,58.0,105,35.0,57,18.0,31,0.0,27,0.0,27,0.0,27,0.0,27,0.0,27,,,0.0,27,0.0,27,22.0,51,0.0,27,0.0,27,0.0,27,0.0,27,0.0,27,0.0,27,0.0,27,0.0,27
"Greene County, Georgia",268.0,15,,,11.0,12,0.0,23,0.0,23,1.0,5,0.0,23,0.0,23,0.0,23,0.0,23,,,0.0,23,33.0,47,131.0,75,0.0,23,0.0,23,0.0,23,0.0,23,0.0,23,0.0,23,21.0,32,0.0,23
"Greene County, Illinois",40.0,36,,,2.0,4,0.0,19,0.0,19,0.0,19,0.0,19,0.0,19,0.0,19,0.0,19,,,0.0,19,0.0,19,0.0,19,0.0,19,0.0,19,0.0,19,0.0,19,0.0,19,30.0,38,0.0,19,0.0,19
"Greene County, Indiana",184.0,4,,,15.0,24,0.0,27,0.0,27,9.0,16,0.0,27,0.0,27,0.0,27,0.0,27,,,0.0,27,0.0,27,104.0,49,0.0,27,0.0,27,0.0,27,0.0,27,0.0,27,0.0,27,28.0,42,0.0,27
"Greene County, Iowa",91.0,17,,,0.0,15,0.0,15,0.0,15,16.0,14,0.0,15,0.0,15,0.0,15,0.0,15,,,0.0,15,0.0,15,31.0,25,0.0,15,0.0,15,13.0,17,0.0,15,0.0,15,0.0,15,17.0,22,0.0,15
"Greene County, Mississippi",12.0,15,,,0.0,22,0.0,22,0.0,22,0.0,22,0.0,22,0.0,22,0.0,22,0.0,22,,,0.0,22,0.0,22,12.0,15,0.0,22,0.0,22,0.0,22,0.0,22,0.0,22,0.0,22,0.0,22,0.0,22
"Greene County, Missouri",9409.0,793,,,1434.0,422,630.0,551,637.0,209,1429.0,459,69.0,114,39.0,58,0.0,28,0.0,28,,,69.0,95,248.0,149,1685.0,456,94.0,142,24.0,29,15.0,31,0.0,28,0.0,28,311.0,177,1291.0,489,0.0,28
"Greene County, New York",903.0,107,,,353.0,121,0.0,28,48.0,43,36.0,39,0.0,28,0.0,28,0.0,28,0.0,28,,,0.0,28,5.0,11,129.0,112,0.0,28,0.0,28,0.0,28,0.0,28,0.0,28,14.0,20,7.0,7,0.0,28
"Greene County, North Carolina",198.0,174,,,0.0,25,0.0,25,4.0,6,92.0,106,0.0,25,0.0,25,0.0,25,0.0,25,,,0.0,25,0.0,25,80.0,90,0.0,25,0.0,25,0.0,25,0.0,25,0.0,25,7.0,14,0.0,25,0.0,25
"Greene County, Ohio",7498.0,395,,,860.0,241,0.0,30,723.0,279,915.0,306,0.0,30,9.0,14,123.0,105,0.0,30,,,12.0,20,0.0,30,1514.0,395,0.0,30,0.0,30,34.0,40,0.0,30,52.0,90,65.0,51,503.0,254,0.0,30
"Greene County, Pennsylvania",207.0,17,,,52.0,38,0.0,24,90.0,60,29.0,42,0.0,24,0.0,24,0.0,24,0.0,24,,,0.0,24,0.0,24,29.0,36,0.0,24,0.0,24,0.0,24,0.0,24,0.0,24,0.0,24,0.0,24,0.0,24
"Greene County, Tennessee",898.0,518,,,91.0,88,0.0,32,82.0,90,334.0,147,0.0,32,0.0,32,0.0,32,0.0,32,,,0.0,32,14.0,26,134.0,118,15.0,31,2.0,5,0.0,32,0.0,32,0.0,32,0.0,32,115.0,121,0.0,32
"Greene County, Virginia",603.0,67,,,25.0,40,0.0,25,0.0,25,85.0,71,0.0,25,0.0,25,0.0,25,0.0,25,,,0.0,25,0.0,25,171.0,109,0.0,25,0.0,25,0.0,25,0.0,25,0.0,25,38.0,68,0.0,25,0.0,25
"Greenlee County, Arizona",64.0,60,,,0.0,20,0.0,20,0.0,20,11.0,17,0.0,20,0.0,20,0.0,20,0.0,20,,,0.0,20,1.0,3,6.0,19,0.0,20,0.0,20,0.0,20,0.0,20,0.0,20,46.0,56,0.0,20,0.0,20
"Greensville County, Virginia",191.0,100,,,17.0,21,0.0,21,0.0,21,9.0,15,0.0,21,0.0,21,0.0,21,0.0,21,,,0.0,21,0.0,21,0.0,21,0.0,21,0.0,21,0.0,21,0.0,21,0.0,21,0.0,21,0.0,21,0.0,21
"Greenup County, Kentucky",250.0,3,,,10.0,13,0.0,27,31.0,36,7.0,12,0.0,27,0.0,27,0.0,27,0.0,27,,,0.0,27,0.0,27,43.0,42,0.0,27,0.0,27,0.0,27,0.0,27,0.0,27,7.0,13,4.0,10,0.0,27
"Greenville County, South Carolina",17739.0,598,,,2683.0,635,68.0,140,1447.0,355,1430.0,448,31.0,55,0.0,33,301.0,230,0.0,33,,,143.0,178,94.0,85,2671.0,573,70.0,64,17.0,27,0.0,33,0.0,33,0.0,33,400.0,201,2054.0,523,0.0,33
"Greenwood County, Kansas",16.0,17,,,0.0,16,0.0,16,1.0,2,8.0,15,0.0,16,0.0,16,0.0,16,0.0,16,,,0.0,16,0.0,16,0.0,16,0.0,16,0.0,16,0.0,16,0.0,16,0.0,16,0.0,16,0.0,16,0.0,16
"Greenwood County, South Carolina",990.0,39,,,230.0,218,0.0,33,124.0,98,130.0,111,0.0,33,0.0,33,19.0,29,0.0,33,,,0.0,33,0.0,33,97.0,109,0.0,33,0.0,33,0.0,33,0.0,33,0.0,33,125.0,110,135.0,121,0.0,33
"Greer County, Oklahoma",79.0,69,,,17.0,18,0.0,15,0.0,15,0.0,15,0.0,15,0.0,15,12.0,22,0.0,15,,,0.0,15,0.0,15,50.0,68,0.0,15,0.0,15,0.0,15,0.0,15,0.0,15,0.0,15,0.0,15,0.0,15
"Gregg County, Texas",2495.0,259,,,107.0,79,0.0,35,72.0,93,181.0,121,80.0,143,0.0,35,0.0,35,0.0,35,,,0.0,35,227.0,266,365.0,216,0.0,35,0.0,35,16.0,27,0.0,35,0.0,35,182.0,154,423.0,212,0.0,35
"Gregory County, South Dakota",35.0,10,,,0.0,10,0.0,10,2.0,3,12.0,18,0.0,10,0.0,10,0.0,10,0.0,10,,,0.0,10,0.0,10,10.0,12,0.0,10,0.0,10,0.0,10,0.0,10,0.0,10,0.0,10,10.0,16,0.0,10
"Grenada County, Mississippi",81.0,109,,,0.0,26,0.0,26,0.0,26,0.0,26,0.0,26,0.0,26,0.0,26,0.0,26,,,0.0,26,0.0,26,0.0,26,0.0,26,0.0,26,0.0,26,0.0,26,0.0,26,0.0,26,0.0,26,0.0,26
"Griggs County, North Dakota",3.0,5,,,0.0,10,0.0,10,0.0,10,0.0,10,0.0,10,0.0,10,0.0,10,0.0,10,,,0.0,10,0.0,10,3.0,5,0.0,10,0.0,10,0.0,10,0.0,10,0.0,10,0.0,10,0.0,10,0.0,10
"Grimes County, Texas",236.0,57,,,26.0,41,0.0,31,14.0,25,0.0,31,0.0,31,0.0,31,0.0,31,0.0,31,,,0.0,31,0.0,31,80.0,92,0.0,31,27.0,33,0.0,31,0.0,31,0.0,31,27.0,41,44.0,41,0.0,31
"Grundy County, Illinois",911.0,209,,,132.0,86,0.0,29,49.0,51,18.0,17,0.0,29,0.0,29,0.0,29,0.0,29,,,0.0,29,2.0,3,315.0,229,0.0,29,0.0,29,0.0,29,0.0,29,0.0,29,144.0,147,51.0,54,0.0,29
"Grundy County, Iowa",69.0,7,,,21.0,17,0.0,16,0.0,16,10.0,14,0.0,16,0.0,16,0.0,16,0.0,16,,,0.0,16,0.0,16,6.0,8,0.0,16,0.0,16,0.0,16,0.0,16,0.0,16,0.0,16,0.0,16,0.0,16
"Grundy County, Missouri",140.0,16,,,41.0,36,0.0,17,1.0,3,6.0,8,0.0,17,0.0,17,0.0,17,0.0,17,,,0.0,17,0.0,17,83.0,39,0.0,17,0.0,17,0.0,17,0.0,17,0.0,17,0.0,17,9.0,15,0.0,17
"Grundy County, Tennessee",51.0,63,,,0.0,21,0.0,21,0.0,21,2.0,3,0.0,21,0.0,21,0.0,21,0.0,21,,,0.0,21,0.0,21,0.0,21,0.0,21,0.0,21,0.0,21,0.0,21,0.0,21,0.0,21,0.0,21,0.0,21
"Guadalupe County, New Mexico",49.0,62,,,0.0,13,0.0,13,39.0,60,0.0,13,0.0,13,0.0,13,0.0,13,0.0,13,,,0.0,13,0.0,13,0.0,13,0.0,13,0.0,13,0.0,13,0.0,13,0.0,13,0.0,13,0.0,13,0.0,13
"Guadalupe County, Texas",6489.0,555,,,572.0,241,0.0,35,710.0,282,561.0,236,0.0,35,7.0,15,200.0,231,0.0,35,,,0.0,35,55.0,85,1962.0,538,0.0,35,0.0,35,0.0,35,0.0,35,0.0,35,189.0,148,820.0,370,0.0,35
"Guayama Municipio, Puerto Rico",7.0,12,,,0.0,32,0.0,32,0.0,32,7.0,12,0.0,32,0.0,32,0.0,32,0.0,32,,,0.0,32,0.0,32,0.0,32,0.0,32,0.0,32,0.0,32,0.0,32,0.0,32,0.0,32,0.0,32,0.0,32
"Guayanilla Municipio, Puerto Rico",20.0,31,,,0.0,24,0.0,24,0.0,24,0.0,24,0.0,24,0.0,24,0.0,24,0.0,24,,,0.0,24,0.0,24,0.0,24,0.0,24,0.0,24,0.0,24,0.0,24,0.0,24,0.0,24,0.0,24,0.0,24
"Guaynabo Municipio, Puerto Rico",274.0,184,,,81.0,77,0.0,35,0.0,35,0.0,35,0.0,35,0.0,35,0.0,35,0.0,35,,,0.0,35,0.0,35,75.0,82,0.0,35,0.0,35,0.0,35,0.0,35,0.0,35,0.0,35,0.0,35,0.0,35
"Guernsey County, Ohio",270.0,7,,,50.0,53,0.0,27,21.0,35,0.0,27,0.0,27,0.0,27,0.0,27,0.0,27,,,0.0,27,0.0,27,0.0,27,27.0,42,11.0,18,0.0,27,0.0,27,0.0,27,15.0,24,31.0,49,0.0,27
"Guilford County, North Carolina",33060.0,1240,,,3754.0,728,440.0,522,680.0,297,1500.0,454,11.0,17,30.0,42,142.0,119,0.0,32,,,1052.0,562,1152.0,496,2750.0,813,13.0,23,1783.0,504,140.0,126,0.0,32,0.0,32,423.0,224,5639.0,992,0.0,32
"Gulf County, Florida",124.0,8,,,0.0,23,0.0,23,0.0,23,35.0,29,0.0,23,0.0,23,0.0,23,0.0,23,,,0.0,23,0.0,23,7.0,11,0.0,23,0.0,23,0.0,23,0.0,23,0.0,23,0.0,23,0.0,23,0.0,23
"Gunnison County, Colorado",296.0,146,,,43.0,38,0.0,21,73.0,59,59.0,59,0.0,21,0.0,21,0.0,21,0.0,21,,,0.0,21,0.0,21,28.0,48,0.0,21,0.0,21,0.0,21,0.0,21,0.0,21,10.0,27,24.0,48,0.0,21
"Gurabo Municipio, Puerto Rico",97.0,85,,,33.0,53,0.0,32,0.0,32,0.0,32,0.0,32,0.0,32,0.0,32,0.0,32,,,0.0,32,0.0,32,0.0,32,0.0,32,0.0,32,0.0,32,0.0,32,0.0,32,0.0,32,0.0,32,0.0,32
"Guthrie County, Iowa",75.0,52,,,0.0,16,0.0,16,31.0,34,0.0,16,0.0,16,0.0,16,0.0,16,0.0,16,,,0.0,16,0.0,16,14.0,14,0.0,16,0.0,16,0.0,16,0.0,16,0.0,16,0.0,16,0.0,16,0.0,16
"Guánica Municipio, Puerto Rico",38.0,42,,,0.0,24,0.0,24,23.0,37,15.0,22,0.0,24,0.0,24,0.0,24,0.0,24,,,0.0,24,0.0,24,0.0,24,0.0,24,0.0,24,0.0,24,0.0,24,0.0,24,0.0,24,0.0,24,0.0,24
"Gwinnett County, Georgia",141604.0,1455,,,20259.0,2020,1351.0,715,2923.0,811,30053.0,2393,32.0,54,107.0,154,1071.0,394,0.0,34,,,1948.0,730,1733.0,576,5928.0,1138,1276.0,678,1948.0,716,107.0,100,26.0,34,13.0,21,707.0,255,27096.0,2658,0.0,34
"Haakon County, South Dakota",0.0,10,,,0.0,10,0.0,10,0.0,10,0.0,10,0.0,10,0.0,10,0.0,10,0.0,10,,,0.0,10,0.0,10,0.0,10,0.0,10,0.0,10,0.0,10,0.0,10,0.0,10,0.0,10,0.0,10,0.0,10
"Habersham County, Georgia",1284.0,84,,,15.0,24,0.0,30,49.0,59,13.0,20,0.0,30,0.0,30,0.0,30,0.0,30,,,0.0,30,28.0,31,332.0,167,0.0,30,415.0,130,0.0,30,0.0,30,0.0,30,0.0,30,206.0,140,0.0,30
"Haines Borough, Alaska",253.0,148,,,40.0,50,0.0,10,81.0,79,0.0,10,0.0,10,0.0,10,0.0,10,0.0,10,,,0.0,10,0.0,10,47.0,61,0.0,10,0.0,10,0.0,10,0.0,10,0.0,10,16.0,27,10.0,14,0.0,10
"Hale County, Alabama",188.0,210,,,180.0,215,0.0,21,0.0,21,8.0,17,0.0,21,0.0,21,0.0,21,0.0,21,,,0.0,21,0.0,21,0.0,21,0.0,21,0.0,21,0.0,21,0.0,21,0.0,21,0.0,21,0.0,21,0.0,21
"Hale County, Texas",207.0,19,,,17.0,32,0.0,31,0.0,31,0.0,31,0.0,31,0.0,31,0.0,31,0.0,31,,,0.0,31,0.0,31,114.0,81,0.0,31,0.0,31,0.0,31,0.0,31,0.0,31,17.0,30,0.0,31,0.0,31
"Halifax County, North Carolina",598.0,115,,,21.0,27,0.0,29,90.0,114,19.0,23,0.0,29,0.0,29,14.0,22,0.0,29,,,0.0,29,0.0,29,145.0,122,0.0,29,0.0,29,0.0,29,0.0,29,0.0,29,16.0,29,192.0,122,0.0,29
"Halifax County, Virginia",282.0,28,,,0.0,28,0.0,28,10.0,20,0.0,28,0.0,28,0.0,28,0.0,28,0.0,28,,,0.0,28,0.0,28,35.0,28,0.0,28,0.0,28,0.0,28,0.0,28,0.0,28,5.0,9,11.0,19,0.0,28
"Hall County, Georgia",6038.0,455,,,399.0,225,0.0,34,514.0,266,573.0,218,0.0,34,31.0,55,123.0,148,0.0,34,,,0.0,34,33.0,52,784.0,274,67.0,82,108.0,111,0.0,34,0.0,34,0.0,34,25.0,29,2042.0,493,0.0,34
"Hall County, Nebraska",1055.0,136,,,150.0,98,0.0,24,77.0,110,9.0,14,0.0,24,0.0,24,0.0,24,0.0,24,,,3.0,7,0.0,24,138.0,155,0.0,24,370.0,158,0.0,24,0.0,24,0.0,24,87.0,89,129.0,126,0.0,24
"Hall County, Texas",21.0,26,,,6.0,9,0.0,15,0.0,15,0.0,15,0.0,15,0.0,15,0.0,15,0.0,15,,,0.0,15,0.0,15,0.0,15,3.0,5,0.0,15,0.0,15,0.0,15,0.0,15,0.0,15,6.0,9,0.0,15
"Hamblen County, Tennessee",785.0,17,,,108.0,116,0.0,32,182.0,181,75.0,74,0.0,32,0.0,32,0.0,32,0.0,32,,,0.0,32,0.0,32,24.0,33,0.0,32,0.0,32,0.0,32,0.0,32,0.0,32,0.0,32,157.0,192,0.0,32
"Hamilton County, Florida",130.0,109,,,0.0,23,0.0,23,0.0,23,51.0,72,0.0,23,0.0,23,0.0,23,0.0,23,,,0.0,23,0.0,23,60.0,59,0.0,23,0.0,23,0.0,23,0.0,23,0.0,23,14.0,23,5.0,10,0.0,23
"Hamilton County, Illinois",149.0,95,,,0.0,17,0.0,17,0.0,17,0.0,17,0.0,17,0.0,17,0.0,17,0.0,17,,,0.0,17,0.0,17,137.0,103,0.0,17,12.0,25,0.0,17,0.0,17,0.0,17,0.0,17,0.0,17,0.0,17
"Hamilton County, Indiana",28926.0,779,,,6792.0,1183,284.0,309,1754.0,498,2483.0,633,0.0,30,0.0,30,123.0,103,0.0,30,,,149.0,175,390.0,304,2042.0,626,295.0,388,79.0,129,36.0,58,0.0,30,16.0,30,173.0,122,984.0,377,0.0,30
"Hamilton County, Iowa",445.0,84,,,32.0,43,0.0,16,4.0,7,33.0,41,9.0,18,0.0,16,0.0,16,0.0,16,,,0.0,16,0.0,16,222.0,123,0.0,16,141.0,156,0.0,16,0.0,16,0.0,16,0.0,16,0.0,16,0.0,16
"Hamilton County, Kansas",0.0,11,,,0.0,11,0.0,11,0.0,11,0.0,11,0.0,11,0.0,11,0.0,11,0.0,11,,,0.0,11,0.0,11,0.0,11,0.0,11,0.0,11,0.0,11,0.0,11,0.0,11,0.0,11,0.0,11,0.0,11
"Hamilton County, Nebraska",45.0,40,,,0.0,15,0.0,15,36.0,36,8.0,13,0.0,15,0.0,15,0.0,15,0.0,15,,,0.0,15,0.0,15,0.0,15,0.0,15,0.0,15,0.0,15,0.0,15,0.0,15,1.0,3,0.0,15,0.0,15
"Hamilton County, New York",20.0,22,,,12.0,21,0.0,19,0.0,19,8.0,9,0.0,19,0.0,19,0.0,19,0.0,19,,,0.0,19,0.0,19,0.0,19,0.0,19,0.0,19,0.0,19,0.0,19,0.0,19,0.0,19,0.0,19,0.0,19
"Hamilton County, Ohio",30866.0,953,,,5132.0,761,8.0,14,1788.0,459,2199.0,364,7.0,12,0.0,30,402.0,216,0.0,30,,,91.0,95,891.0,483,3204.0,637,171.0,148,293.0,154,169.0,178,0.0,30,21.0,25,751.0,588,1517.0,391,0.0,30
"Hamilton County, Tennessee",10133.0,269,,,1084.0,273,0.0,32,469.0,173,1415.0,351,39.0,60,0.0,32,78.0,61,0.0,32,,,35.0,53,136.0,102,2003.0,430,149.0,110,11.0,18,0.0,32,0.0,32,11.0,21,36.0,34,930.0,381,0.0,32
"Hamilton County, Texas",13.0,16,,,4.0,8,0.0,21,1.0,3,0.0,21,0.0,21,0.0,21,0.0,21,0.0,21,,,0.0,21,0.0,21,0.0,21,0.0,21,0.0,21,0.0,21,0.0,21,0.0,21,0.0,21,2.0,4,0.0,21
"Hamlin County, South Dakota",22.0,21,,,0.0,15,0.0,15,0.0,15,0.0,15,0.0,15,0.0,15,0.0,15,0.0,15,,,0.0,15,0.0,15,1.0,4,0.0,15,0.0,15,0.0,15,0.0,15,0.0,15,0.0,15,14.0,18,0.0,15
"Hampden County, Massachusetts",15004.0,505,,,2384.0,626,0.0,32,451.0,202,601.0,257,9.0,10,0.0,32,114.0,116,0.0,32,,,161.0,153,948.0,417,898.0,273,36.0,30,330.0,195,3.0,4,0.0,32,21.0,39,130.0,70,2229.0,496,0.0,32
"Hampshire County, Massachusetts",10313.0,177,,,3833.0,461,0.0,32,545.0,203,807.0,240,0.0,32,0.0,32,373.0,153,0.0,32,,,56.0,68,390.0,233,533.0,177,25.0,37,87.0,71,14.0,20,0.0,32,5.0,10,48.0,58,656.0,163,0.0,32
"Hampshire County, West Virginia",182.0,163,,,0.0,24,0.0,24,0.0,24,88.0,97,0.0,24,0.0,24,0.0,24,0.0,24,,,0.0,24,0.0,24,55.0,76,0.0,24,0.0,24,0.0,24,0.0,24,0.0,24,0.0,24,0.0,24,0.0,24
"Hampton County, South Carolina",170.0,20,,,0.0,22,0.0,22,0.0,22,0.0,22,0.0,22,0.0,22,0.0,22,0.0,22,,,0.0,22,0.0,22,89.0,78,0.0,22,8.0,20,0.0,22,0.0,22,0.0,22,0.0,22,73.0,78,0.0,22
"Hampton city, Virginia",5470.0,342,,,364.0,281,0.0,31,609.0,224,680.0,244,0.0,31,0.0,31,28.0,37,0.0,31,,,0.0,31,92.0,137,1791.0,444,64.0,94,21.0,34,0.0,31,0.0,31,0.0,31,276.0,156,847.0,329,0.0,31
"Hancock County, Georgia",57.0,52,,,1.0,2,0.0,20,0.0,20,9.0,22,0.0,20,0.0,20,0.0,20,0.0,20,,,0.0,20,0.0,20,0.0,20,0.0,20,0.0,20,0.0,20,0.0,20,0.0,20,0.0,20,11.0,16,0.0,20
"Hancock County, Illinois",92.0,5,,,0.0,19,0.0,19,13.0,13,1.0,2,0.0,19,0.0,19,0.0,19,0.0,19,,,6.0,11,0.0,19,36.0,24,0.0,19,0.0,19,0.0,19,0.0,19,0.0,19,11.0,18,10.0,15,0.0,19
"Hancock County, Indiana",1334.0,65,,,30.0,37,0.0,30,380.0,208,184.0,143,0.0,30,0.0,30,0.0,30,0.0,30,,,0.0,30,0.0,30,149.0,122,3.0,7,0.0,30,0.0,30,0.0,30,0.0,30,12.0,22,164.0,154,0.0,30
"Hancock County, Iowa",90.0,14,,,1.0,2,0.0,16,0.0,16,2.0,2,0.0,16,0.0,16,0.0,16,0.0,16,,,0.0,16,0.0,16,0.0,16,0.0,16,8.0,13,0.0,16,0.0,16,0.0,16,8.0,13,30.0,44,0.0,16
"Hancock County, Kentucky",39.0,32,,,0.0,18,0.0,18,0.0,18,3.0,4,0.0,18,0.0,18,0.0,18,0.0,18,,,0.0,18,0.0,18,22.0,27,0.0,18,0.0,18,0.0,18,0.0,18,0.0,18,14.0,18,0.0,18,0.0,18
"Hancock County, Maine",934.0,109,,,194.0,92,0.0,26,86.0,57,192.0,99,0.0,26,0.0,26,0.0,26,0.0,26,,,0.0,26,8.0,13,139.0,58,22.0,24,0.0,26,0.0,26,0.0,26,0.0,26,50.0,40,36.0,41,0.0,26
"Hancock County, Mississippi",888.0,265,,,246.0,175,0.0,30,100.0,106,4.0,8,0.0,30,0.0,30,0.0,30,0.0,30,,,0.0,30,15.0,29,132.0,126,0.0,30,0.0,30,83.0,58,0.0,30,0.0,30,8.0,13,175.0,127,0.0,30
"Hancock County, Ohio",1859.0,39,,,442.0,256,0.0,30,236.0,207,69.0,48,0.0,30,0.0,30,19.0,31,0.0,30,,,0.0,30,0.0,30,256.0,153,0.0,30,277.0,176,11.0,24,0.0,30,0.0,30,0.0,30,156.0,159,0.0,30
"Hancock County, Tennessee",25.0,32,,,0.0,19,0.0,19,0.0,19,0.0,19,0.0,19,0.0,19,0.0,19,0.0,19,,,0.0,19,0.0,19,0.0,19,0.0,19,0.0,19,0.0,19,0.0,19,0.0,19,0.0,19,25.0,32,0.0,19
"Hancock County, West Virginia",238.0,80,,,3.0,5,0.0,24,20.0,22,78.0,53,0.0,24,0.0,24,0.0,24,0.0,24,,,0.0,24,0.0,24,96.0,89,0.0,24,0.0,24,0.0,24,0.0,24,0.0,24,28.0,25,0.0,24,0.0,24
"Hand County, South Dakota",16.0,21,,,16.0,21,0.0,10,0.0,10,0.0,10,0.0,10,0.0,10,0.0,10,0.0,10,,,0.0,10,0.0,10,0.0,10,0.0,10,0.0,10,0.0,10,0.0,10,0.0,10,0.0,10,0.0,10,0.0,10
"Hanover County, Virginia",3394.0,196,,,423.0,170,0.0,31,185.0,127,248.0,156,5.0,9,0.0,31,0.0,31,0.0,31,,,188.0,195,296.0,196,723.0,236,8.0,13,0.0,31,0.0,31,0.0,31,0.0,31,157.0,144,161.0,135,0.0,31
"Hansford County, Texas",6.0,8,,,0.0,21,0.0,21,6.0,8,0.0,21,0.0,21,0.0,21,0.0,21,0.0,21,,,0.0,21,0.0,21,0.0,21,0.0,21,0.0,21,0.0,21,0.0,21,0.0,21,0.0,21,0.0,21,0.0,21
"Hanson County, South Dakota",8.0,11,,,0.0,10,0.0,10,0.0,10,0.0,10,0.0,10,0.0,10,0.0,10,0.0,10,,,0.0,10,0.0,10,8.0,11,0.0,10,0.0,10,0.0,10,0.0,10,0.0,10,0.0,10,0.0,10,0.0,10
"Haralson County, Georgia",349.0,29,,,133.0,155,0.0,30,37.0,58,0.0,30,0.0,30,0.0,30,0.0,30,0.0,30,,,0.0,30,0.0,30,60.0,70,0.0,30,0.0,30,0.0,30,0.0,30,0.0,30,0.0,30,0.0,30,0.0,30
"Hardee County, Florida",440.0,142,,,74.0,79,92.0,64,0.0,28,0.0,28,0.0,28,0.0,28,0.0,28,0.0,28,,,43.0,61,0.0,28,122.0,119,0.0,28,0.0,28,0.0,28,0.0,28,0.0,28,37.0,51,4.0,10,0.0,28
"Hardeman County, Tennessee",179.0,134,,,9.0,19,0.0,25,0.0,25,4.0,8,0.0,25,0.0,25,0.0,25,0.0,25,,,0.0,25,0.0,25,14.0,20,0.0,25,9.0,19,0.0,25,0.0,25,0.0,25,134.0,132,0.0,25,0.0,25
"Hardeman County, Texas",46.0,13,,,0.0,15,0.0,15,0.0,15,0.0,15,0.0,15,0.0,15,0.0,15,0.0,15,,,0.0,15,0.0,15,1.0,2,0.0,15,0.0,15,0.0,15,0.0,15,0.0,15,0.0,15,14.0,17,0.0,15
"Hardin County, Illinois",0.0,12,,,0.0,12,0.0,12,0.0,12,0.0,12,0.0,12,0.0,12,0.0,12,0.0,12,,,0.0,12,0.0,12,0.0,12,0.0,12,0.0,12,0.0,12,0.0,12,0.0,12,0.0,12,0.0,12,0.0,12
"Hardin County, Iowa",270.0,52,,,98.0,54,1.0,3,1.0,2,48.0,31,0.0,16,0.0,16,0.0,16,0.0,16,,,0.0,16,0.0,16,67.0,50,0.0,16,0.0,16,0.0,16,0.0,16,0.0,16,0.0,16,52.0,59,0.0,16
"Hardin County, Kentucky",4292.0,343,,,213.0,117,0.0,30,383.0,198,1304.0,398,0.0,30,21.0,30,103.0,101,0.0,30,,,0.0,30,54.0,75,1167.0,263,0.0,30,130.0,128,0.0,30,0.0,30,0.0,30,75.0,53,135.0,84,0.0,30
"Hardin County, Ohio",373.0,38,,,90.0,63,0.0,27,20.0,24,25.0,39,0.0,27,0.0,27,8.0,17,0.0,27,,,0.0,27,0.0,27,135.0,77,0.0,27,17.0,36,0.0,27,0.0,27,0.0,27,1.0,5,16.0,28,0.0,27
"Hardin County, Tennessee",176.0,3,,,9.0,17,0.0,25,0.0,25,3.0,6,0.0,25,0.0,25,0.0,25,0.0,25,,,0.0,25,0.0,25,73.0,58,0.0,25,3.0,11,0.0,25,0.0,25,0.0,25,0.0,25,0.0,25,0.0,25
"Hardin County, Texas",663.0,28,,,100.0,104,0.0,35,102.0,99,19.0,25,0.0,35,0.0,35,0.0,35,0.0,35,,,0.0,35,21.0,40,59.0,51,0.0,35,0.0,35,0.0,35,0.0,35,0.0,35,0.0,35,167.0,108,0.0,35
"Harding County, New Mexico",0.0,13,,,0.0,13,0.0,13,0.0,13,0.0,13,0.0,13,0.0,13,0.0,13,0.0,13,,,0.0,13,0.0,13,0.0,13,0.0,13,0.0,13,0.0,13,0.0,13,0.0,13,0.0,13,0.0,13,0.0,13
"Harding County, South Dakota",0.0,10,,,0.0,10,0.0,10,0.0,10,0.0,10,0.0,10,0.0,10,0.0,10,0.0,10,,,0.0,10,0.0,10,0.0,10,0.0,10,0.0,10,0.0,10,0.0,10,0.0,10,0.0,10,0.0,10,0.0,10
"Hardy County, West Virginia",26.0,26,,,12.0,21,0.0,20,0.0,20,0.0,20,0.0,20,0.0,20,0.0,20,0.0,20,,,0.0,20,0.0,20,10.0,20,0.0,20,0.0,20,0.0,20,0.0,20,0.0,20,0.0,20,4.0,7,0.0,20
"Harford County, Maryland",12386.0,821,,,1801.0,423,0.0,32,722.0,279,1618.0,358,146.0,179,23.0,41,123.0,88,0.0,32,,,26.0,42,273.0,314,2209.0,451,363.0,342,245.0,294,0.0,32,0.0,32,15.0,25,602.0,315,1073.0,355,0.0,32
"Harlan County, Kentucky",63.0,45,,,5.0,9,0.0,24,0.0,24,0.0,24,0.0,24,0.0,24,0.0,24,0.0,24,,,0.0,24,0.0,24,13.0,14,0.0,24,0.0,24,0.0,24,0.0,24,0.0,24,0.0,24,31.0,33,0.0,24
"Harlan County, Nebraska",55.0,23,,,0.0,10,0.0,10,34.0,25,0.0,10,0.0,10,0.0,10,0.0,10,0.0,10,,,0.0,10,0.0,10,20.0,24,0.0,10,0.0,10,0.0,10,0.0,10,0.0,10,0.0,10,0.0,10,0.0,10
"Harmon County, Oklahoma",0.0,10,,,0.0,10,0.0,10,0.0,10,0.0,10,0.0,10,0.0,10,0.0,10,0.0,10,,,0.0,10,0.0,10,0.0,10,0.0,10,0.0,10,0.0,10,0.0,10,0.0,10,0.0,10,0.0,10,0.0,10
"Harnett County, North Carolina",3385.0,432,,,502.0,224,3.0,5,220.0,88,771.0,351,20.0,32,0.0,32,0.0,32,0.0,32,,,0.0,32,86.0,124,1033.0,430,0.0,32,33.0,53,52.0,89,0.0,32,0.0,32,70.0,103,260.0,176,0.0,32
"Harney County, Oregon",138.0,124,,,0.0,19,0.0,19,94.0,96,0.0,19,0.0,19,0.0,19,0.0,19,0.0,19,,,0.0,19,0.0,19,44.0,59,0.0,19,0.0,19,0.0,19,0.0,19,0.0,19,0.0,19,0.0,19,0.0,19
"Harper County, Kansas",17.0,13,,,0.0,16,0.0,16,0.0,16,0.0,16,0.0,16,0.0,16,0.0,16,0.0,16,,,0.0,16,0.0,16,12.0,12,0.0,16,0.0,16,0.0,16,0.0,16,0.0,16,4.0,6,1.0,3,0.0,16
"Harper County, Oklahoma",5.0,9,,,0.0,10,0.0,10,0.0,10,0.0,10,0.0,10,0.0,10,0.0,10,0.0,10,,,0.0,10,0.0,10,0.0,10,0.0,10,0.0,10,0.0,10,0.0,10,0.0,10,0.0,10,0.0,10,0.0,10
"Harris County, Georgia",725.0,52,,,32.0,37,0.0,30,252.0,132,167.0,114,0.0,30,0.0,30,0.0,30,0.0,30,,,0.0,30,0.0,30,90.0,79,0.0,30,0.0,30,0.0,30,0.0,30,0.0,30,10.0,17,32.0,35,0.0,30
"Harris County, Texas",408790.0,3468,,,69760.0,4228,103.0,105,11405.0,1579,18354.0,2239,42.0,140,106.0,136,4504.0,714,11.0,18,,,1751.0,706,5823.0,1308,44014.0,3492,2171.0,546,3676.0,1955,558.0,203,9.0,15,400.0,235,4365.0,889,117060.0,4981,0.0,35
"Harrison County, Indiana",339.0,27,,,24.0,24,0.0,27,0.0,27,8.0,13,0.0,27,0.0,27,0.0,27,0.0,27,,,0.0,27,138.0,108,151.0,98,0.0,27,0.0,27,0.0,27,0.0,27,0.0,27,9.0,16,5.0,10,0.0,27
"Harrison County, Iowa",165.0,43,,,5.0,7,0.0,16,25.0,20,100.0,44,0.0,16,0.0,16,0.0,16,0.0,16,,,0.0,16,0.0,16,30.0,22,0.0,16,0.0,16,0.0,16,0.0,16,0.0,16,0.0,16,0.0,16,0.0,16
"Harrison County, Kentucky",9.0,15,,,0.0,20,0.0,20,9.0,15,0.0,20,0.0,20,0.0,20,0.0,20,0.0,20,,,0.0,20,0.0,20,0.0,20,0.0,20,0.0,20,0.0,20,0.0,20,0.0,20,0.0,20,0.0,20,0.0,20
"Harrison County, Mississippi",8613.0,421,,,743.0,338,17.0,24,683.0,346,585.0,255,9.0,15,104.0,93,6.0,10,0.0,33,,,114.0,164,44.0,54,2416.0,543,0.0,33,162.0,205,0.0,33,0.0,33,0.0,33,220.0,123,2374.0,466,0.0,33
"Harrison County, Missouri",34.0,30,,,0.0,17,0.0,17,0.0,17,11.0,13,0.0,17,0.0,17,0.0,17,0.0,17,,,0.0,17,0.0,17,22.0,28,0.0,17,0.0,17,0.0,17,0.0,17,0.0,17,0.0,17,1.0,2,0.0,17
"Harrison County, Ohio",25.0,41,,,2.0,6,0.0,20,0.0,20,5.0,9,0.0,20,0.0,20,0.0,20,0.0,20,,,0.0,20,0.0,20,2.0,6,0.0,20,0.0,20,0.0,20,0.0,20,0.0,20,0.0,20,2.0,6,0.0,20
"Harrison County, Texas",746.0,90,,,121.0,106,62.0,79,23.0,30,210.0,111,0.0,35,0.0,35,0.0,35,0.0,35,,,0.0,35,10.0,17,100.0,90,0.0,35,0.0,35,0.0,35,0.0,35,0.0,35,75.0,112,55.0,50,0.0,35
"Harrison County, West Virginia",765.0,148,,,216.0,141,0.0,30,31.0,32,43.0,54,0.0,30,0.0,30,0.0,30,0.0,30,,,0.0,30,17.0,27,182.0,115,5.0,9,0.0,30,0.0,30,0.0,30,0.0,30,0.0,30,76.0,70,0.0,30
"Harrisonburg city, Virginia",2790.0,125,,,303.0,130,0.0,31,178.0,146,466.0,291,0.0,31,0.0,31,9.0,29,0.0,31,,,55.0,75,66.0,79,383.0,153,5.0,9,118.0,137,0.0,31,0.0,31,0.0,31,36.0,48,301.0,137,0.0,31
"Hart County, Georgia",392.0,28,,,0.0,27,0.0,27,33.0,36,36.0,40,0.0,27,0.0,27,0.0,27,0.0,27,,,0.0,27,11.0,25,53.0,87,0.0,27,0.0,27,0.0,27,0.0,27,0.0,27,0.0,27,235.0,133,0.0,27
"Hart County, Kentucky",124.0,20,,,57.0,50,0.0,20,0.0,20,14.0,32,0.0,20,0.0,20,0.0,20,0.0,20,,,0.0,20,0.0,20,32.0,47,0.0,20,0.0,20,0.0,20,0.0,20,0.0,20,0.0,20,18.0,30,0.0,20
"Hartley County, Texas",58.0,50,,,0.0,21,0.0,21,42.0,50,0.0,21,0.0,21,0.0,21,0.0,21,0.0,21,,,0.0,21,0.0,21,1.0,4,0.0,21,0.0,21,0.0,21,0.0,21,0.0,21,0.0,21,0.0,21,0.0,21
"Harvey County, Kansas",725.0,143,,,46.0,60,0.0,24,141.0,75,0.0,24,0.0,24,0.0,24,0.0,24,0.0,24,,,3.0,7,90.0,110,87.0,70,0.0,24,0.0,24,0.0,24,0.0,24,0.0,24,126.0,70,183.0,104,0.0,24
"Haskell County, Kansas",11.0,13,,,0.0,11,0.0,11,0.0,11,0.0,11,0.0,11,0.0,11,0.0,11,0.0,11,,,0.0,11,0.0,11,11.0,13,0.0,11,0.0,11,0.0,11,0.0,11,0.0,11,0.0,11,0.0,11,0.0,11
"Haskell County, Oklahoma",182.0,12,,,6.0,8,40.0,45,17.0,26,0.0,16,0.0,16,0.0,16,0.0,16,0.0,16,,,0.0,16,0.0,16,65.0,42,0.0,16,40.0,37,0.0,16,0.0,16,0.0,16,0.0,16,14.0,20,0.0,16
"Haskell County, Texas",10.0,14,,,0.0,21,0.0,21,1.0,3,0.0,21,0.0,21,0.0,21,0.0,21,0.0,21,,,0.0,21,0.0,21,2.0,3,0.0,21,0.0,21,0.0,21,0.0,21,0.0,21,0.0,21,7.0,12,0.0,21
"Hatillo Municipio, Puerto Rico",5.0,13,,,0.0,32,0.0,32,0.0,32,0.0,32,0.0,32,0.0,32,0.0,32,0.0,32,,,0.0,32,0.0,32,0.0,32,0.0,32,0.0,32,0.0,32,0.0,32,0.0,32,0.0,32,0.0,32,0.0,32
"Hawaii County, Hawaii",116339.0,2904,,,26467.0,1781,2.0,3,35037.0,1866,4220.0,914,83.0,96,685.0,352,107.0,96,0.0,28,,,54.0,80,31.0,32,45708.0,2193,557.0,388,341.0,460,2.0,5,0.0,28,0.0,28,1116.0,554,712.0,305,0.0,28
"Hawkins County, Tennessee",393.0,20,,,102.0,75,0.0,32,20.0,29,109.0,95,0.0,32,0.0,32,0.0,32,0.0,32,,,0.0,32,0.0,32,46.0,48,0.0,32,0.0,32,0.0,32,0.0,32,0.0,32,38.0,41,0.0,32,0.0,32
"Hayes County, Nebraska",0.0,10,,,0.0,10,0.0,10,0.0,10,0.0,10,0.0,10,0.0,10,0.0,10,0.0,10,,,0.0,10,0.0,10,0.0,10,0.0,10,0.0,10,0.0,10,0.0,10,0.0,10,0.0,10,0.0,10,0.0,10
"Hays County, Texas",8321.0,624,,,1316.0,422,0.0,35,592.0,318,742.0,280,6.0,12,0.0,35,34.0,29,0.0,35,,,77.0,73,82.0,104,2131.0,497,84.0,78,0.0,35,14.0,24,0.0,35,0.0,35,147.0,132,703.0,231,0.0,35
"Haywood County, North Carolina",616.0,38,,,92.0,93,0.0,32,12.0,19,129.0,78,145.0,112,0.0,32,12.0,18,0.0,32,,,0.0,32,0.0,32,87.0,60,0.0,32,0.0,32,2.0,4,0.0,32,0.0,32,4.0,6,83.0,56,0.0,32
"Haywood County, Tennessee",17.0,29,,,0.0,21,0.0,21,0.0,21,17.0,29,0.0,21,0.0,21,0.0,21,0.0,21,,,0.0,21,0.0,21,0.0,21,0.0,21,0.0,21,0.0,21,0.0,21,0.0,21,0.0,21,0.0,21,0.0,21
"Heard County, Georgia",112.0,74,,,5.0,8,0.0,23,0.0,23,29.0,42,0.0,23,0.0,23,0.0,23,0.0,23,,,0.0,23,0.0,23,0.0,23,0.0,23,0.0,23,0.0,23,0.0,23,0.0,23,0.0,23,78.0,67,0.0,23
"Hemphill County, Texas",81.0,63,,,0.0,15,0.0,15,0.0,15,0.0,15,0.0,15,0.0,15,0.0,15,0.0,15,,,0.0,15,0.0,15,32.0,47,0.0,15,0.0,15,0.0,15,0.0,15,0.0,15,0.0,15,49.0,59,0.0,15
"Hempstead County, Arkansas",224.0,61,,,0.0,20,0.0,20,15.0,30,54.0,64,0.0,20,0.0,20,9.0,17,0.0,20,,,0.0,20,0.0,20,6.0,12,13.0,20,6.0,11,0.0,20,0.0,20,0.0,20,19.0,27,8.0,24,0.0,20
"Henderson County, Illinois",10.0,10,,,5.0,7,0.0,17,0.0,17,3.0,5,0.0,17,0.0,17,0.0,17,0.0,17,,,0.0,17,0.0,17,2.0,5,0.0,17,0.0,17,0.0,17,0.0,17,0.0,17,0.0,17,0.0,17,0.0,17
"Henderson County, Kentucky",313.0,222,,,69.0,106,0.0,27,163.0,158,35.0,52,8.0,21,0.0,27,0.0,27,0.0,27,,,0.0,27,0.0,27,0.0,27,0.0,27,38.0,61,0.0,27,0.0,27,0.0,27,0.0,27,0.0,27,0.0,27
"Henderson County, North Carolina",2055.0,160,,,274.0,154,0.0,32,118.0,83,336.0,229,0.0,32,0.0,32,0.0,32,0.0,32,,,0.0,32,359.0,222,373.0,192,42.0,61,0.0,32,0.0,32,0.0,32,0.0,32,57.0,77,146.0,176,0.0,32
"Henderson County, Tennessee",49.0,75,,,35.0,66,0.0,25,1.0,5,0.0,25,0.0,25,0.0,25,0.0,25,0.0,25,,,0.0,25,0.0,25,13.0,23,0.0,25,0.0,25,0.0,25,0.0,25,0.0,25,0.0,25,0.0,25,0.0,25
"Henderson County, Texas",754.0,25,,,20.0,25,0.0,35,60.0,56,22.0,28,0.0,35,0.0,35,5.0,10,0.0,35,,,0.0,35,237.0,208,131.0,123,0.0,35,0.0,35,0.0,35,0.0,35,0.0,35,0.0,35,94.0,80,0.0,35
"Hendricks County, Indiana",7180.0,271,,,1041.0,510,15.0,33,102.0,73,281.0,166,4.0,9,0.0,30,63.0,60,0.0,30,,,132.0,171,0.0,30,772.0,333,298.0,182,41.0,89,0.0,30,0.0,30,0.0,30,0.0,30,263.0,186,0.0,30
"Hendry County, Florida",511.0,99,,,127.0,93,0.0,31,0.0,31,0.0,31,0.0,31,0.0,31,0.0,31,0.0,31,,,0.0,31,0.0,31,24.0,97,0.0,31,0.0,31,40.0,65,0.0,31,0.0,31,0.0,31,0.0,31,0.0,31
"Hennepin County, Minnesota",113727.0,1391,,,16208.0,1468,24903.0,1812,4261.0,712,8527.0,1016,63.0,50,16.0,19,1139.0,449,0.0,22,,,382.0,170,1609.0,512,5911.0,859,485.0,242,3937.0,775,203.0,121,0.0,22,70.0,42,1386.0,421,11392.0,1294,0.0,22
"Henrico County, Virginia",36940.0,489,,,4153.0,862,0.0,31,1048.0,373,2309.0,624,0.0,31,0.0,31,222.0,141,0.0,31,,,389.0,286,1171.0,417,2255.0,553,21.0,26,93.0,51,14.0,30,0.0,31,0.0,31,193.0,119,3482.0,827,0.0,31
"Henry County, Alabama",120.0,11,,,0.0,21,0.0,21,0.0,21,0.0,21,0.0,21,0.0,21,0.0,21,3.0,5,,,0.0,21,0.0,21,0.0,21,0.0,21,0.0,21,0.0,21,0.0,21,0.0,21,12.0,23,61.0,54,0.0,21
"Henry County, Georgia",9995.0,356,,,660.0,339,0.0,34,371.0,292,359.0,153,0.0,34,7.0,11,14.0,25,0.0,34,,,8.0,14,274.0,289,1252.0,517,5.0,9,119.0,192,0.0,34,0.0,34,0.0,34,94.0,128,3601.0,845,0.0,34
"Henry County, Illinois",486.0,89,,,117.0,55,0.0,26,3.0,6,33.0,43,0.0,26,0.0,26,0.0,26,0.0,26,,,0.0,26,50.0,53,158.0,108,0.0,26,0.0,26,21.0,34,0.0,26,0.0,26,0.0,26,57.0,60,0.0,26
"Henry County, Indiana",355.0,15,,,142.0,83,0.0,27,27.0,24,45.0,51,0.0,27,0.0,27,0.0,27,0.0,27,,,14.0,32,0.0,27,105.0,66,0.0,27,0.0,27,0.0,27,0.0,27,0.0,27,0.0,27,5.0,9,0.0,27
"Henry County, Iowa",324.0,118,,,58.0,54,0.0,19,29.0,32,7.0,11,0.0,19,0.0,19,0.0,19,0.0,19,,,0.0,19,0.0,19,54.0,35,0.0,19,99.0,68,0.0,19,0.0,19,0.0,19,66.0,59,0.0,19,0.0,19
"Henry County, Kentucky",107.0,13,,,2.0,5,0.0,20,9.0,16,75.0,23,0.0,20,0.0,20,0.0,20,0.0,20,,,0.0,20,0.0,20,7.0,10,0.0,20,0.0,20,0.0,20,0.0,20,0.0,20,0.0,20,0.0,20,0.0,20
"Henry County, Missouri",171.0,46,,,22.0,43,0.0,22,84.0,55,0.0,22,0.0,22,0.0,22,0.0,22,0.0,22,,,0.0,22,0.0,22,36.0,45,0.0,22,0.0,22,0.0,22,0.0,22,0.0,22,0.0,22,1.0,2,0.0,22
"Henry County, Ohio",281.0,87,,,65.0,51,0.0,24,85.0,69,21.0,33,0.0,24,0.0,24,0.0,24,0.0,24,,,0.0,24,0.0,24,37.0,35,0.0,24,0.0,24,0.0,24,0.0,24,0.0,24,28.0,42,21.0,33,0.0,24
"Henry County, Tennessee",251.0,17,,,16.0,31,0.0,29,30.0,44,27.0,35,0.0,29,0.0,29,0.0,29,0.0,29,,,0.0,29,0.0,29,62.0,81,0.0,29,0.0,29,0.0,29,0.0,29,0.0,29,0.0,29,0.0,29,0.0,29
"Henry County, Virginia",448.0,109,,,15.0,29,0.0,31,91.0,109,136.0,122,10.0,22,0.0,31,0.0,31,0.0,31,,,0.0,31,0.0,31,33.0,39,0.0,31,0.0,31,0.0,31,0.0,31,0.0,31,0.0,31,9.0,15,0.0,31
"Herkimer County, New York",816.0,219,,,121.0,70,0.0,31,44.0,32,88.0,59,0.0,31,0.0,31,0.0,31,0.0,31,,,20.0,27,0.0,31,100.0,54,0.0,31,0.0,31,0.0,31,0.0,31,0.0,31,181.0,208,18.0,25,0.0,31
"Hernando County, Florida",4050.0,216,,,513.0,237,0.0,35,348.0,196,132.0,85,0.0,35,0.0,35,0.0,35,0.0,35,,,250.0,270,0.0,35,1072.0,375,53.0,82,26.0,41,0.0,35,0.0,35,0.0,35,256.0,167,506.0,271,0.0,35
"Hertford County, North Carolina",223.0,12,,,14.0,13,27.0,32,17.0,24,18.0,18,0.0,25,0.0,25,0.0,25,0.0,25,,,62.0,33,0.0,25,4.0,6,0.0,25,13.0,18,0.0,25,0.0,25,0.0,25,0.0,25,0.0,25,0.0,25
"Hettinger County, North Dakota",8.0,11,,,0.0,10,0.0,10,0.0,10,0.0,10,0.0,10,0.0,10,0.0,10,0.0,10,,,0.0,10,0.0,10,0.0,10,0.0,10,0.0,10,0.0,10,0.0,10,0.0,10,0.0,10,0.0,10,0.0,10
"Hickman County, Kentucky",49.0,62,,,0.0,13,0.0,13,49.0,62,0.0,13,0.0,13,0.0,13,0.0,13,0.0,13,,,0.0,13,0.0,13,0.0,13,0.0,13,0.0,13,0.0,13,0.0,13,0.0,13,0.0,13,0.0,13,0.0,13
"Hickman County, Tennessee",169.0,136,,,0.0,25,0.0,25,13.0,23,0.0,25,0.0,25,0.0,25,0.0,25,0.0,25,,,0.0,25,0.0,25,97.0,102,0.0,25,0.0,25,0.0,25,0.0,25,0.0,25,42.0,68,0.0,25,0.0,25
"Hickory County, Missouri",80.0,57,,,0.0,17,0.0,17,0.0,17,0.0,17,0.0,17,0.0,17,0.0,17,0.0,17,,,0.0,17,0.0,17,41.0,38,0.0,17,0.0,17,0.0,17,0.0,17,6.0,8,0.0,17,0.0,17,0.0,17
"Hidalgo County, New Mexico",38.0,36,,,0.0,13,0.0,13,4.0,8,0.0,13,0.0,13,0.0,13,0.0,13,0.0,13,,,0.0,13,0.0,13,34.0,39,0.0,13,0.0,13,0.0,13,0.0,13,0.0,13,0.0,13,0.0,13,0.0,13
"Hidalgo County, Texas",10667.0,555,,,1187.0,400,11.0,19,705.0,340,1166.0,310,24.0,43,0.0,35,118.0,123,0.0,35,,,54.0,61,8.0,13,3961.0,783,88.0,99,9.0,15,0.0,35,0.0,35,0.0,35,31.0,30,867.0,375,0.0,35
"Highland County, Ohio",270.0,21,,,11.0,16,0.0,27,0.0,27,4.0,9,0.0,27,0.0,27,0.0,27,0.0,27,,,0.0,27,15.0,32,204.0,67,0.0,27,0.0,27,0.0,27,0.0,27,0.0,27,8.0,16,10.0,19,0.0,27
"Highland County, Virginia",72.0,60,,,0.0,13,0.0,13,0.0,13,8.0,13,0.0,13,0.0,13,0.0,13,0.0,13,,,0.0,13,0.0,13,62.0,58,0.0,13,0.0,13,0.0,13,0.0,13,0.0,13,0.0,13,2.0,5,0.0,13
"Highlands County, Florida",1892.0,65,,,146.0,144,78.0,148,89.0,67,59.0,54,0.0,35,0.0,35,59.0,88,0.0,35,,,0.0,35,0.0,35,780.0,299,0.0,35,0.0,35,3.0,9,0.0,35,0.0,35,40.0,34,122.0,109,0.0,35
"Hill County, Montana",277.0,83,,,51.0,77,0.0,17,142.0,86,0.0,17,0.0,17,0.0,17,18.0,34,0.0,17,,,0.0,17,0.0,17,32.0,34,0.0,17,0.0,17,0.0,17,0.0,17,0.0,17,0.0,17,30.0,76,0.0,17
"Hill County, Texas",451.0,98,,,87.0,68,0.0,31,49.0,33,86.0,55,0.0,31,0.0,31,0.0,31,0.0,31,,,0.0,31,0.0,31,84.0,67,0.0,31,0.0,31,0.0,31,0.0,31,0.0,31,6.0,10,56.0,57,0.0,31
"Hillsborough County, Florida",87405.0,2538,,,11549.0,1466,262.0,176,3274.0,632,4715.0,876,30.0,27,4.0,7,702.0,346,0.0,35,,,305.0,212,592.0,335,12830.0,1533,231.0,173,304.0,276,20.0,24,0.0,35,0.0,35,2437.0,638,10511.0,1239,5.0,17
"Hillsborough County, New Hampshire",23511.0,508,,,3538.0,629,21.0,33,1119.0,384,1585.0,576,0.0,29,0.0,29,198.0,163,0.0,29,,,346.0,328,1015.0,427,3047.0,774,223.0,161,221.0,186,19.0,42,0.0,29,0.0,29,197.0,143,2387.0,675,0.0,29
"Hillsdale County, Michigan",380.0,72,,,81.0,52,0.0,23,18.0,23,12.0,17,0.0,23,0.0,23,0.0,23,0.0,23,,,0.0,23,0.0,23,157.0,68,0.0,23,0.0,23,0.0,23,0.0,23,0.0,23,59.0,59,26.0,27,0.0,23
"Hinds County, Mississippi",2061.0,123,,,456.0,246,0.0,33,14.0,18,138.0,133,0.0,33,11.0,18,0.0,33,0.0,33,,,15.0,24,0.0,33,90.0,57,0.0,33,0.0,33,0.0,33,0.0,33,0.0,33,97.0,92,413.0,228,0.0,33
"Hinsdale County, Colorado",30.0,42,,,0.0,13,0.0,13,0.0,13,0.0,13,0.0,13,0.0,13,0.0,13,0.0,13,,,0.0,13,0.0,13,30.0,42,0.0,13,0.0,13,0.0,13,0.0,13,0.0,13,0.0,13,0.0,13,0.0,13
"Hitchcock County, Nebraska",10.0,8,,,0.0,10,0.0,10,0.0,10,0.0,10,0.0,10,0.0,10,0.0,10,0.0,10,,,0.0,10,0.0,10,8.0,7,0.0,10,0.0,10,0.0,10,0.0,10,0.0,10,2.0,4,0.0,10,0.0,10
"Hocking County, Ohio",172.0,24,,,0.0,24,0.0,24,31.0,48,34.0,39,26.0,39,0.0,24,0.0,24,0.0,24,,,0.0,24,0.0,24,1.0,3,41.0,59,0.0,24,0.0,24,0.0,24,0.0,24,0.0,24,0.0,24,0.0,24
"Hockley County, Texas",79.0,66,,,16.0,39,0.0,28,33.0,41,7.0,18,0.0,28,0.0,28,0.0,28,0.0,28,,,0.0,28,0.0,28,4.0,8,0.0,28,0.0,28,0.0,28,0.0,28,0.0,28,3.0,4,0.0,28,3.0,8
"Hodgeman County, Kansas",0.0,11,,,0.0,11,0.0,11,0.0,11,0.0,11,0.0,11,0.0,11,0.0,11,0.0,11,,,0.0,11,0.0,11,0.0,11,0.0,11,0.0,11,0.0,11,0.0,11,0.0,11,0.0,11,0.0,11,0.0,11
"Hoke County, North Carolina",1696.0,497,,,162.0,142,35.0,56,244.0,210,151.0,134,0.0,32,0.0,32,0.0,32,0.0,32,,,136.0,181,0.0,32,542.0,219,0.0,32,0.0,32,0.0,32,34.0,54,0.0,32,0.0,32,262.0,133,0.0,32
"Holmes County, Florida",301.0,118,,,32.0,36,0.0,23,0.0,23,5.0,11,0.0,23,0.0,23,0.0,23,0.0,23,,,0.0,23,0.0,23,96.0,116,0.0,23,0.0,23,0.0,23,0.0,23,0.0,23,26.0,43,15.0,29,0.0,23
"Holmes County, Mississippi",50.0,42,,,4.0,6,0.0,22,0.0,22,0.0,22,0.0,22,0.0,22,0.0,22,0.0,22,,,0.0,22,0.0,22,3.0,5,0.0,22,0.0,22,0.0,22,0.0,22,0.0,22,0.0,22,0.0,22,0.0,22
"Holmes County, Ohio",150.0,110,,,0.0,27,0.0,27,4.0,8,29.0,46,0.0,27,0.0,27,0.0,27,0.0,27,,,0.0,27,0.0,27,0.0,27,0.0,27,0.0,27,0.0,27,0.0,27,0.0,27,0.0,27,0.0,27,0.0,27
"Holt County, Missouri",21.0,12,,,0.0,12,0.0,12,1.0,2,3.0,5,0.0,12,0.0,12,1.0,2,0.0,12,,,0.0,12,0.0,12,2.0,3,0.0,12,0.0,12,0.0,12,0.0,12,0.0,12,6.0,7,8.0,9,0.0,12
"Holt County, Nebraska",62.0,16,,,40.0,25,0.0,16,0.0,16,0.0,16,0.0,16,0.0,16,0.0,16,0.0,16,,,0.0,16,0.0,16,5.0,9,0.0,16,0.0,16,0.0,16,0.0,16,0.0,16,0.0,16,6.0,14,0.0,16
"Honolulu County, Hawaii",755804.0,5805,,,169208.0,4073,184.0,116,245289.0,4712,43762.0,2244,248.0,126,9879.0,1032,1953.0,427,0.0,28,,,134.0,90,943.0,359,252247.0,3569,771.0,285,2510.0,486,161.0,122,165.0,217,34.0,51,4188.0,776,15228.0,1761,38.0,54
"Hood County, Texas",884.0,149,,,56.0,42,0.0,35,45.0,38,52.0,43,0.0,35,0.0,35,7.0,12,0.0,35,,,0.0,35,0.0,35,330.0,225,21.0,35,0.0,35,3.0,6,0.0,35,0.0,35,18.0,23,57.0,58,0.0,35
"Hood River County, Oregon",658.0,52,,,58.0,54,0.0,25,100.0,90,329.0,114,0.0,25,0.0,25,0.0,25,0.0,25,,,0.0,25,0.0,25,124.0,89,0.0,25,0.0,25,0.0,25,0.0,25,0.0,25,0.0,25,20.0,31,0.0,25
"Hooker County, Nebraska",0.0,10,,,0.0,10,0.0,10,0.0,10,0.0,10,0.0,10,0.0,10,0.0,10,0.0,10,,,0.0,10,0.0,10,0.0,10,0.0,10,0.0,10,0.0,10,0.0,10,0.0,10,0.0,10,0.0,10,0.0,10
"Hoonah-Angoon Census Area, Alaska",92.0,58,,,12.0,12,0.0,10,17.0,18,0.0,10,0.0,10,0.0,10,0.0,10,0.0,10,,,0.0,10,0.0,10,48.0,42,0.0,10,0.0,10,0.0,10,0.0,10,0.0,10,15.0,21,0.0,10,0.0,10
"Hopewell city, Virginia",554.0,168,,,15.0,26,0.0,25,69.0,62,2.0,1,0.0,25,0.0,25,0.0,25,0.0,25,,,0.0,25,0.0,25,244.0,133,0.0,25,0.0,25,0.0,25,0.0,25,0.0,25,0.0,25,36.0,45,0.0,25
"Hopkins County, Kentucky",468.0,99,,,276.0,99,0.0,27,15.0,28,14.0,28,0.0,27,0.0,27,0.0,27,0.0,27,,,0.0,27,34.0,58,79.0,99,0.0,27,0.0,27,0.0,27,0.0,27,0.0,27,0.0,27,19.0,32,0.0,27
"Hopkins County, Texas",359.0,33,,,11.0,21,0.0,31,0.0,31,6.0,11,0.0,31,0.0,31,0.0,31,0.0,31,,,0.0,31,0.0,31,54.0,58,0.0,31,0.0,31,0.0,31,0.0,31,0.0,31,0.0,31,217.0,115,0.0,31
"Hormigueros Municipio, Puerto Rico",22.0,28,,,0.0,24,0.0,24,9.0,14,0.0,24,0.0,24,0.0,24,0.0,24,0.0,24,,,0.0,24,0.0,24,0.0,24,0.0,24,0.0,24,0.0,24,0.0,24,0.0,24,0.0,24,0.0,24,0.0,24
"Horry County, South Carolina",7899.0,441,,,743.0,286,0.0,33,583.0,278,881.0,493,0.0,33,0.0,33,0.0,33,0.0,33,,,0.0,33,134.0,147,1623.0,353,67.0,59,171.0,154,0.0,33,0.0,33,0.0,33,516.0,268,1630.0,584,0.0,33
"Hot Spring County, Arkansas",341.0,112,,,11.0,15,0.0,27,17.0,28,109.0,91,0.0,27,0.0,27,7.0,12,0.0,27,,,0.0,27,0.0,27,26.0,37,0.0,27,27.0,44,0.0,27,0.0,27,0.0,27,72.0,82,0.0,27,0.0,27
"Hot Springs County, Wyoming",47.0,54,,,21.0,24,0.0,13,0.0,13,9.0,12,0.0,13,9.0,12,0.0,13,0.0,13,,,0.0,13,8.0,12,0.0,13,0.0,13,0.0,13,0.0,13,0.0,13,0.0,13,0.0,13,0.0,13,0.0,13
"Houghton County, Michigan",1232.0,53,,,348.0,109,0.0,23,23.0,29,142.0,91,0.0,23,3.0,11,0.0,23,0.0,23,,,0.0,23,10.0,17,115.0,102,0.0,23,0.0,23,0.0,23,0.0,23,2.0,4,3.0,4,24.0,34,0.0,23
"Houston County, Alabama",1692.0,51,,,217.0,83,0.0,31,154.0,62,165.0,48,0.0,31,0.0,31,6.0,8,0.0,31,,,29.0,45,20.0,30,363.0,86,20.0,29,2.0,3,0.0,31,0.0,31,0.0,31,37.0,35,234.0,73,0.0,31
"Houston County, Georgia",8304.0,661,,,615.0,382,20.0,25,240.0,196,1280.0,500,0.0,34,0.0,34,42.0,68,0.0,34,,,156.0,246,44.0,82,2336.0,530,0.0,34,108.0,130,0.0,34,0.0,34,0.0,34,429.0,318,1351.0,600,0.0,34
"Houston County, Minnesota",230.0,15,,,28.0,40,147.0,96,23.0,39,3.0,6,0.0,15,0.0,15,0.0,15,0.0,15,,,0.0,15,0.0,15,23.0,30,0.0,15,0.0,15,0.0,15,0.0,15,0.0,15,0.0,15,1.0,3,0.0,15
"Houston County, Tennessee",105.0,78,,,23.0,35,0.0,19,75.0,80,7.0,11,0.0,19,0.0,19,0.0,19,0.0,19,,,0.0,19,0.0,19,0.0,19,0.0,19,0.0,19,0.0,19,0.0,19,0.0,19,0.0,19,0.0,19,0.0,19
"Houston County, Texas",236.0,68,,,23.0,33,0.0,28,7.0,14,20.0,33,0.0,28,0.0,28,0.0,28,0.0,28,,,0.0,28,17.0,29,83.0,59,0.0,28,0.0,28,0.0,28,0.0,28,0.0,28,6.0,14,14.0,17,0.0,28
"Howard County, Arkansas",92.0,121,,,72.0,115,0.0,20,16.0,26,0.0,20,0.0,20,0.0,20,0.0,20,0.0,20,,,0.0,20,0.0,20,4.0,9,0.0,20,0.0,20,0.0,20,0.0,20,0.0,20,0.0,20,0.0,20,0.0,20
"Howard County, Indiana",1654.0,197,,,331.0,239,0.0,30,88.0,150,87.0,81,0.0,30,1.0,3,0.0,30,0.0,30,,,0.0,30,192.0,115,274.0,162,0.0,30,0.0,30,0.0,30,0.0,30,0.0,30,0.0,30,435.0,313,0.0,30
"Howard County, Iowa",59.0,7,,,0.0,15,0.0,15,17.0,20,12.0,15,0.0,15,0.0,15,0.0,15,0.0,15,,,0.0,15,0.0,15,17.0,16,0.0,15,0.0,15,0.0,15,0.0,15,0.0,15,0.0,15,0.0,15,0.0,15
"Howard County, Maryland",74045.0,707,,,15307.0,1647,16.0,25,1628.0,420,14218.0,1440,168.0,187,0.0,32,720.0,293,0.0,32,,,1070.0,436,78.0,71,4450.0,917,148.0,120,25.0,31,96.0,142,0.0,32,22.0,43,415.0,223,3110.0,806,0.0,32
"Howard County, Missouri",111.0,67,,,33.0,39,0.0,19,6.0,8,0.0,19,0.0,19,0.0,19,0.0,19,0.0,19,,,0.0,19,0.0,19,70.0,53,0.0,19,0.0,19,0.0,19,0.0,19,0.0,19,0.0,19,0.0,19,0.0,19
"Howard County, Nebraska",4.0,7,,,0.0,15,0.0,15,1.0,3,0.0,15,0.0,15,0.0,15,0.0,15,0.0,15,,,0.0,15,0.0,15,0.0,15,0.0,15,0.0,15,0.0,15,0.0,15,0.0,15,0.0,15,0.0,15,0.0,15
"Howard County, Texas",511.0,101,,,29.0,38,0.0,31,8.0,12,123.0,92,0.0,31,0.0,31,0.0,31,0.0,31,,,0.0,31,0.0,31,185.0,110,0.0,31,0.0,31,0.0,31,0.0,31,0.0,31,40.0,54,0.0,31,0.0,31
"Howell County, Missouri",415.0,16,,,32.0,27,0.0,25,35.0,38,5.0,7,0.0,25,0.0,25,0.0,25,0.0,25,,,0.0,25,0.0,25,169.0,86,0.0,25,0.0,25,0.0,25,0.0,25,0.0,25,0.0,25,88.0,80,7.0,10
"Hubbard County, Minnesota",270.0,70,,,48.0,27,0.0,17,29.0,26,27.0,19,5.0,6,0.0,17,0.0,17,0.0,17,,,0.0,17,0.0,17,60.0,26,0.0,17,0.0,17,14.0,16,0.0,17,0.0,17,9.0,10,17.0,15,0.0,17
"Hudson County, New Jersey",128850.0,1062,,,23768.0,1636,40.0,58,2538.0,546,6143.0,783,22.0,32,0.0,32,1037.0,390,0.0,32,,,51.0,63,75.0,58,24840.0,1916,359.0,206,0.0,32,168.0,90,0.0,32,78.0,71,839.0,335,2813.0,709,36.0,56
"Hudspeth County, Texas",2.0,4,,,0.0,15,0.0,15,0.0,15,0.0,15,0.0,15,0.0,15,0.0,15,0.0,15,,,0.0,15,0.0,15,2.0,4,0.0,15,0.0,15,0.0,15,0.0,15,0.0,15,0.0,15,0.0,15,0.0,15
"Huerfano County, Colorado",19.0,28,,,0.0,19,0.0,19,0.0,19,0.0,19,0.0,19,0.0,19,0.0,19,0.0,19,,,0.0,19,0.0,19,0.0,19,0.0,19,0.0,19,0.0,19,0.0,19,0.0,19,0.0,19,0.0,19,0.0,19
"Hughes County, Oklahoma",104.0,25,,,35.0,28,0.0,16,15.0,20,34.0,31,0.0,16,0.0,16,0.0,16,0.0,16,,,0.0,16,0.0,16,1.0,2,0.0,16,17.0,22,0.0,16,0.0,16,0.0,16,0.0,16,0.0,16,0.0,16
"Hughes County, South Dakota",192.0,16,,,0.0,16,0.0,16,27.0,42,0.0,16,0.0,16,0.0,16,0.0,16,0.0,16,,,0.0,16,0.0,16,0.0,16,0.0,16,0.0,16,0.0,16,0.0,16,0.0,16,17.0,36,133.0,54,0.0,16
"Humacao Municipio, Puerto Rico",234.0,267,,,216.0,265,0.0,35,0.0,35,0.0,35,0.0,35,0.0,35,0.0,35,0.0,35,,,0.0,35,0.0,35,0.0,35,0.0,35,0.0,35,0.0,35,0.0,35,0.0,35,0.0,35,0.0,35,0.0,35
"Humboldt County, California",7504.0,369,,,1186.0,358,1500.0,385,1334.0,414,431.0,209,0.0,32,139.0,162,116.0,101,0.0,32,,,0.0,32,33.0,26,1285.0,363,39.0,31,143.0,152,0.0,32,0.0,32,0.0,32,53.0,61,332.0,183,29.0,38
"Humboldt County, Iowa",107.0,86,,,10.0,15,0.0,15,0.0,15,42.0,57,0.0,15,0.0,15,0.0,15,0.0,15,,,0.0,15,0.0,15,15.0,15,0.0,15,0.0,15,0.0,15,0.0,15,0.0,15,0.0,15,7.0,11,0.0,15
"Humboldt County, Nevada",253.0,22,,,2.0,4,0.0,22,20.0,39,17.0,29,0.0,22,0.0,22,0.0,22,0.0,22,,,0.0,22,0.0,22,202.0,62,0.0,22,0.0,22,0.0,22,0.0,22,0.0,22,0.0,22,0.0,22,0.0,22
"Humphreys County, Mississippi",12.0,21,,,0.0,20,0.0,20,0.0,20,0.0,20,0.0,20,0.0,20,0.0,20,0.0,20,,,0.0,20,0.0,20,0.0,20,0.0,20,0.0,20,0.0,20,0.0,20,0.0,20,0.0,20,0.0,20,0.0,20
"Humphreys County, Tennessee",175.0,21,,,59.0,68,0.0,21,13.0,20,58.0,73,0.0,21,0.0,21,0.0,21,0.0,21,,,0.0,21,0.0,21,45.0,41,0.0,21,0.0,21,0.0,21,0.0,21,0.0,21,0.0,21,0.0,21,0.0,21
"Hunt County, Texas",2136.0,132,,,296.0,178,47.0,79,134.0,108,280.0,185,0.0,35,0.0,35,127.0,149,0.0,35,,,0.0,35,131.0,107,450.0,226,20.0,31,10.0,14,0.0,35,0.0,35,0.0,35,193.0,130,231.0,129,0.0,35
"Hunterdon County, New Jersey",7819.0,267,,,1445.0,405,0.0,32,116.0,90,389.0,201,90.0,121,0.0,32,273.0,166,0.0,32,,,0.0,32,0.0,32,840.0,268,25.0,35,9.0,16,0.0,32,0.0,32,0.0,32,70.0,92,305.0,178,8.0,14
"Huntingdon County, Pennsylvania",469.0,21,,,62.0,44,0.0,24,106.0,108,22.0,21,0.0,24,0.0,24,12.0,16,0.0,24,,,0.0,24,0.0,24,107.0,77,0.0,24,0.0,24,0.0,24,0.0,24,0.0,24,0.0,24,27.0,42,0.0,24
"Huntington County, Indiana",374.0,42,,,200.0,80,0.0,27,29.0,35,18.0,31,0.0,27,0.0,27,0.0,27,0.0,27,,,0.0,27,0.0,27,62.0,48,0.0,27,9.0,12,0.0,27,0.0,27,0.0,27,0.0,27,12.0,16,0.0,27
"Huron County, Michigan",274.0,31,,,61.0,41,0.0,23,3.0,4,65.0,29,11.0,16,0.0,23,4.0,7,0.0,23,,,0.0,23,0.0,23,47.0,32,0.0,23,10.0,12,0.0,23,0.0,23,0.0,23,2.0,4,50.0,45,0.0,23
"Huron County, Ohio",325.0,34,,,38.0,42,0.0,30,20.0,33,40.0,44,0.0,30,0.0,30,22.0,34,0.0,30,,,0.0,30,0.0,30,9.0,18,39.0,56,4.0,6,0.0,30,0.0,30,0.0,30,0.0,30,26.0,30,0.0,30
"Hutchinson County, South Dakota",45.0,38,,,0.0,15,0.0,15,0.0,15,2.0,3,0.0,15,0.0,15,0.0,15,0.0,15,,,0.0,15,0.0,15,20.0,21,0.0,15,0.0,15,0.0,15,0.0,15,0.0,15,0.0,15,0.0,15,0.0,15
"Hutchinson County, Texas",201.0,44,,,3.0,5,0.0,28,92.0,75,55.0,67,0.0,28,0.0,28,0.0,28,0.0,28,,,0.0,28,0.0,28,11.0,22,0.0,28,0.0,28,0.0,28,0.0,28,0.0,28,0.0,28,11.0,24,0.0,28
"Hyde County, North Carolina",0.0,14,,,0.0,14,0.0,14,0.0,14,0.0,14,0.0,14,0.0,14,0.0,14,0.0,14,,,0.0,14,0.0,14,0.0,14,0.0,14,0.0,14,0.0,14,0.0,14,0.0,14,0.0,14,0.0,14,0.0,14
"Hyde County, South Dakota",43.0,41,,,43.0,41,0.0,10,0.0,10,0.0,10,0.0,10,0.0,10,0.0,10,0.0,10,,,0.0,10,0.0,10,0.0,10,0.0,10,0.0,10,0.0,10,0.0,10,0.0,10,0.0,10,0.0,10,0.0,10
"Iberia Parish, Louisiana",2032.0,91,,,175.0,180,0.0,33,14.0,20,19.0,36,0.0,33,0.0,33,5.0,8,0.0,33,,,0.0,33,0.0,33,121.0,81,0.0,33,1343.0,254,0.0,33,0.0,33,0.0,33,0.0,33,117.0,137,0.0,33
"Iberville Parish, Louisiana",92.0,95,,,6.0,11,0.0,26,51.0,74,6.0,10,0.0,26,0.0,26,0.0,26,0.0,26,,,0.0,26,17.0,36,0.0,26,0.0,26,0.0,26,0.0,26,0.0,26,0.0,26,0.0,26,0.0,26,0.0,26
"Ida County, Iowa",28.0,23,,,8.0,11,0.0,15,0.0,15,20.0,22,0.0,15,0.0,15,0.0,15,0.0,15,,,0.0,15,0.0,15,0.0,15,0.0,15,0.0,15,0.0,15,0.0,15,0.0,15,0.0,15,0.0,15,0.0,15
"Idaho County, Idaho",188.0,30,,,10.0,14,2.0,4,15.0,18,19.0,29,9.0,13,0.0,19,0.0,19,0.0,19,,,0.0,19,0.0,19,120.0,33,0.0,19,0.0,19,0.0,19,0.0,19,0.0,19,0.0,19,0.0,19,0.0,19
"Imperial County, California",4112.0,626,,,860.0,350,42.0,45,313.0,166,614.0,271,0.0,32,0.0,32,0.0,32,0.0,32,,,0.0,32,169.0,177,1262.0,443,0.0,32,10.0,20,0.0,32,0.0,32,0.0,32,3.0,8,168.0,107,0.0,32
"Independence County, Arkansas",354.0,41,,,0.0,27,0.0,27,0.0,27,0.0,27,0.0,27,0.0,27,0.0,27,0.0,27,,,0.0,27,14.0,34,143.0,141,0.0,27,0.0,27,0.0,27,0.0,27,0.0,27,0.0,27,129.0,112,0.0,27
"Indian River County, Florida",3614.0,183,,,559.0,285,90.0,129,350.0,210,268.0,329,0.0,35,0.0,35,0.0,35,0.0,35,,,39.0,65,19.0,36,684.0,257,0.0,35,17.0,29,22.0,35,0.0,35,0.0,35,196.0,134,665.0,519,0.0,35
"Indiana County, Pennsylvania",1185.0,104,,,208.0,123,0.0,27,75.0,89,70.0,64,0.0,27,0.0,27,0.0,27,0.0,27,,,0.0,27,14.0,24,290.0,144,22.0,40,0.0,27,0.0,27,0.0,27,0.0,27,0.0,27,0.0,27,0.0,27
"Ingham County, Michigan",22032.0,349,,,5514.0,681,350.0,170,916.0,260,2265.0,475,0.0,26,0.0,26,380.0,274,0.0,26,,,893.0,526,17.0,20,1877.0,493,54.0,39,94.0,68,10.0,19,0.0,26,0.0,26,334.0,173,1859.0,510,0.0,26
"Inyo County, California",527.0,75,,,51.0,71,6.0,11,93.0,65,32.0,42,0.0,21,0.0,21,0.0,21,0.0,21,,,0.0,21,13.0,21,228.0,126,7.0,14,0.0,21,0.0,21,0.0,21,0.0,21,0.0,21,7.0,13,0.0,21
"Ionia County, Michigan",559.0,62,,,293.0,153,0.0,26,34.0,37,2.0,3,5.0,8,0.0,26,71.0,87,0.0,26,,,0.0,26,0.0,26,19.0,16,0.0,26,4.0,8,0.0,26,0.0,26,0.0,26,0.0,26,20.0,33,0.0,26
"Iosco County, Michigan",280.0,23,,,67.0,53,0.0,20,35.0,36,58.0,32,0.0,20,2.0,3,0.0,20,0.0,20,,,0.0,20,0.0,20,95.0,49,0.0,20,0.0,20,0.0,20,0.0,20,0.0,20,0.0,20,0.0,20,0.0,20
"Iowa County, Iowa",122.0,24,,,0.0,16,0.0,16,17.0,28,0.0,16,0.0,16,0.0,16,0.0,16,0.0,16,,,0.0,16,0.0,16,3.0,4,0.0,16,0.0,16,19.0,25,0.0,16,0.0,16,30.0,50,0.0,16,0.0,16
"Iowa County, Wisconsin",269.0,9,,,31.0,17,16.0,19,10.0,11,16.0,17,0.0,18,0.0,18,0.0,18,0.0,18,,,0.0,18,0.0,18,41.0,40,0.0,18,0.0,18,0.0,18,0.0,18,0.0,18,21.0,30,9.0,9,0.0,18
"Iredell County, North Carolina",6272.0,295,,,541.0,228,926.0,393,348.0,188,513.0,264,0.0,32,0.0,32,0.0,32,0.0,32,,,0.0,32,46.0,52,512.0,260,0.0,32,357.0,237,0.0,32,0.0,32,0.0,32,44.0,42,512.0,329,0.0,32
"Irion County, Texas",0.0,15,,,0.0,15,0.0,15,0.0,15,0.0,15,0.0,15,0.0,15,0.0,15,0.0,15,,,0.0,15,0.0,15,0.0,15,0.0,15,0.0,15,0.0,15,0.0,15,0.0,15,0.0,15,0.0,15,0.0,15
"Iron County, Michigan",165.0,63,,,56.0,32,0.0,17,24.0,21,27.0,22,0.0,17,0.0,17,0.0,17,0.0,17,,,0.0,17,0.0,17,14.0,13,6.0,8,0.0,17,0.0,17,0.0,17,0.0,17,17.0,20,21.0,20,0.0,17
"Iron County, Missouri",99.0,56,,,6.0,5,0.0,17,0.0,17,13.0,15,0.0,17,0.0,17,0.0,17,0.0,17,,,0.0,17,0.0,17,50.0,14,0.0,17,0.0,17,0.0,17,0.0,17,0.0,17,0.0,17,5.0,7,0.0,17
"Iron County, Utah",1110.0,139,,,297.0,184,0.0,29,257.0,117,85.0,66,3.0,7,0.0,29,7.0,14,0.0,29,,,0.0,29,0.0,29,89.0,88,0.0,29,0.0,29,0.0,29,0.0,29,0.0,29,2.0,11,58.0,68,0.0,29
"Iron County, Wisconsin",2.0,4,,,0.0,14,0.0,14,0.0,14,0.0,14,0.0,14,0.0,14,0.0,14,0.0,14,,,0.0,14,0.0,14,1.0,2,0.0,14,0.0,14,0.0,14,0.0,14,0.0,14,0.0,14,1.0,3,0.0,14
"Iroquois County, Illinois",203.0,12,,,0.0,23,0.0,23,13.0,10,30.0,34,0.0,23,0.0,23,0.0,23,0.0,23,,,0.0,23,0.0,23,147.0,36,0.0,23,0.0,23,0.0,23,0.0,23,0.0,23,0.0,23,2.0,3,0.0,23
"Irwin County, Georgia",125.0,104,,,0.0,20,0.0,20,108.0,103,0.0,20,0.0,20,0.0,20,0.0,20,0.0,20,,,0.0,20,0.0,20,0.0,20,0.0,20,0.0,20,0.0,20,0.0,20,0.0,20,12.0,19,0.0,20,0.0,20
"Isabela Municipio, Puerto Rico",42.0,39,,,19.0,30,0.0,32,0.0,32,0.0,32,0.0,32,0.0,32,0.0,32,0.0,32,,,0.0,32,0.0,32,14.0,23,0.0,32,0.0,32,0.0,32,0.0,32,0.0,32,0.0,32,0.0,32,0.0,32
"Isabella County, Michigan",1624.0,95,,,369.0,147,61.0,71,47.0,34,337.0,163,34.0,39,0.0,26,41.0,36,0.0,26,,,22.0,35,30.0,32,180.0,101,0.0,26,15.0,22,5.0,11,0.0,26,0.0,26,15.0,21,36.0,38,0.0,26
"Isanti County, Minnesota",972.0,15,,,43.0,50,615.0,181,23.0,31,33.0,36,0.0,20,0.0,20,0.0,20,0.0,20,,,2.0,3,35.0,59,45.0,42,0.0,20,34.0,31,0.0,20,0.0,20,0.0,20,11.0,16,22.0,22,0.0,20
"Island County, Washington",6879.0,304,,,874.0,320,35.0,46,760.0,218,427.0,151,0.0,31,12.0,19,58.0,65,0.0,31,,,0.0,31,9.0,15,3604.0,396,0.0,31,25.0,45,0.0,31,0.0,31,0.0,31,162.0,113,488.0,236,0.0,31
"Isle of Wight County, Virginia",823.0,112,,,11.0,21,0.0,28,71.0,47,213.0,134,0.0,28,0.0,28,0.0,28,0.0,28,,,0.0,28,0.0,28,249.0,151,0.0,28,80.0,116,0.0,28,0.0,28,0.0,28,4.0,5,190.0,134,0.0,28
"Issaquena County, Mississippi",4.0,7,,,0.0,14,0.0,14,0.0,14,0.0,14,0.0,14,0.0,14,0.0,14,0.0,14,,,0.0,14,0.0,14,0.0,14,0.0,14,0.0,14,0.0,14,0.0,14,0.0,14,0.0,14,0.0,14,0.0,14
"Itasca County, Minnesota",340.0,16,,,37.0,22,32.0,27,45.0,31,86.0,52,0.0,20,0.0,20,3.0,4,0.0,20,,,0.0,20,20.0,31,34.0,26,0.0,20,1.0,3,0.0,20,0.0,20,0.0,20,0.0,20,33.0,30,0.0,20
"Itawamba County, Mississippi",112.0,145,,,0.0,26,0.0,26,0.0,26,0.0,26,0.0,26,0.0,26,0.0,26,0.0,26,,,0.0,26,0.0,26,0.0,26,0.0,26,0.0,26,0.0,26,0.0,26,0.0,26,0.0,26,0.0,26,0.0,26
"Izard County, Arkansas",90.0,5,,,0.0,20,0.0,20,9.0,12,28.0,34,0.0,20,0.0,20,0.0,20,0.0,20,,,0.0,20,0.0,20,32.0,30,0.0,20,0.0,20,0.0,20,0.0,20,0.0,20,0.0,20,4.0,8,0.0,20
"Jack County, Texas",83.0,83,,,52.0,66,0.0,21,0.0,21,0.0,21,0.0,21,0.0,21,0.0,21,0.0,21,,,0.0,21,0.0,21,31.0,52,0.0,21,0.0,21,0.0,21,0.0,21,0.0,21,0.0,21,0.0,21,0.0,21
"Jackson County, Alabama",371.0,47,,,32.0,33,0.0,31,39.0,32,33.0,34,0.0,31,8.0,15,0.0,31,0.0,31,,,0.0,31,0.0,31,135.0,82,0.0,31,0.0,31,0.0,31,0.0,31,0.0,31,37.0,47,81.0,85,0.0,31
"Jackson County, Arkansas",142.0,125,,,0.0,20,0.0,20,0.0,20,6.0,18,0.0,20,0.0,20,0.0,20,0.0,20,,,0.0,20,0.0,20,0.0,20,0.0,20,0.0,20,0.0,20,0.0,20,0.0,20,30.0,31,0.0,20,0.0,20
"Jackson County, Colorado",0.0,13,,,0.0,13,0.0,13,0.0,13,0.0,13,0.0,13,0.0,13,0.0,13,0.0,13,,,0.0,13,0.0,13,0.0,13,0.0,13,0.0,13,0.0,13,0.0,13,0.0,13,0.0,13,0.0,13,0.0,13
"Jackson County, Florida",485.0,74,,,33.0,47,0.0,31,46.0,70,0.0,31,0.0,31,0.0,31,0.0,31,0.0,31,,,0.0,31,22.0,36,97.0,79,0.0,31,0.0,31,0.0,31,0.0,31,0.0,31,58.0,65,27.0,35,0.0,31
"Jackson County, Georgia",2374.0,147,,,298.0,172,575.0,280,46.0,51,242.0,174,0.0,34,0.0,34,0.0,34,0.0,34,,,0.0,34,0.0,34,537.0,246,61.0,77,54.0,79,0.0,34,0.0,34,0.0,34,25.0,45,215.0,180,0.0,34
"Jackson County, Illinois",2239.0,55,,,376.0,152,0.0,29,149.0,101,313.0,169,15.0,22,0.0,29,17.0,24,0.0,29,,,0.0,29,0.0,29,226.0,140,28.0,31,0.0,29,23.0,25,0.0,29,0.0,29,19.0,28,10.0,15,14.0,21
"Jackson County, Indiana",1260.0,134,,,2.0,7,0.0,27,624.0,267,4.0,9,0.0,27,0.0,27,0.0,27,0.0,27,,,0.0,27,0.0,27,221.0,240,27.0,41,0.0,27,0.0,27,0.0,27,0.0,27,0.0,27,37.0,62,0.0,27
"Jackson County, Iowa",131.0,16,,,0.0,16,0.0,16,11.0,21,51.0,49,0.0,16,0.0,16,0.0,16,0.0,16,,,0.0,16,3.0,6,13.0,26,0.0,16,0.0,16,0.0,16,0.0,16,0.0,16,0.0,16,23.0,35,0.0,16
"Jackson County, Kansas",98.0,54,,,1.0,4,0.0,18,0.0,18,7.0,8,0.0,18,0.0,18,0.0,18,0.0,18,,,0.0,18,0.0,18,47.0,42,0.0,18,0.0,18,0.0,18,0.0,18,0.0,18,0.0,18,34.0,35,0.0,18
"Jackson County, Kentucky",20.0,26,,,14.0,22,0.0,20,0.0,20,0.0,20,0.0,20,0.0,20,0.0,20,0.0,20,,,0.0,20,0.0,20,0.0,20,0.0,20,0.0,20,0.0,20,0.0,20,0.0,20,0.0,20,0.0,20,0.0,20
"Jackson County, Michigan",2170.0,168,,,162.0,146,29.0,48,347.0,247,291.0,363,0.0,26,0.0,26,33.0,57,0.0,26,,,0.0,26,1.0,3,375.0,164,52.0,83,0.0,26,6.0,11,0.0,26,0.0,26,5.0,8,29.0,33,0.0,26
"Jackson County, Minnesota",234.0,16,,,0.0,13,0.0,13,6.0,10,45.0,54,0.0,13,0.0,13,0.0,13,0.0,13,,,6.0,7,0.0,13,89.0,50,0.0,13,24.0,28,0.0,13,0.0,13,5.0,5,58.0,41,0.0,13,0.0,13
"Jackson County, Mississippi",4717.0,336,,,250.0,163,0.0,33,113.0,97,770.0,425,0.0,33,126.0,149,20.0,35,0.0,33,,,0.0,33,0.0,33,1027.0,335,0.0,33,0.0,33,6.0,13,0.0,33,0.0,33,29.0,27,1862.0,461,0.0,33
"Jackson County, Missouri",19889.0,543,,,2665.0,423,157.0,98,1466.0,393,1977.0,396,10.0,15,149.0,161,146.0,86,0.0,28,,,272.0,170,249.0,147,3866.0,607,68.0,47,244.0,157,97.0,82,0.0,28,0.0,28,776.0,276,2656.0,466,0.0,28
"Jackson County, North Carolina",642.0,47,,,119.0,132,119.0,141,12.0,15,6.0,12,0.0,29,0.0,29,0.0,29,0.0,29,,,0.0,29,0.0,29,11.0,20,0.0,29,0.0,29,0.0,29,0.0,29,0.0,29,31.0,62,12.0,22,0.0,29
"Jackson County, Ohio",264.0,196,,,0.0,27,0.0,27,0.0,27,0.0,27,0.0,27,0.0,27,0.0,27,0.0,27,,,0.0,27,0.0,27,161.0,181,0.0,27,0.0,27,0.0,27,0.0,27,0.0,27,0.0,27,0.0,27,0.0,27
"Jackson County, Oklahoma",473.0,25,,,21.0,29,0.0,19,64.0,87,25.0,28,0.0,19,0.0,19,0.0,19,0.0,19,,,0.0,19,0.0,19,253.0,132,0.0,19,17.0,28,0.0,19,0.0,19,0.0,19,51.0,58,24.0,25,0.0,19
"Jackson County, Oregon",6309.0,342,,,1006.0,289,33.0,47,1386.0,424,515.0,188,0.0,31,18.0,35,33.0,51,0.0,31,,,0.0,31,0.0,31,2105.0,371,140.0,93,33.0,46,29.0,33,9.0,18,0.0,31,127.0,88,343.0,161,0.0,31
"Jackson County, South Dakota",0.0,10,,,0.0,10,0.0,10,0.0,10,0.0,10,0.0,10,0.0,10,0.0,10,0.0,10,,,0.0,10,0.0,10,0.0,10,0.0,10,0.0,10,0.0,10,0.0,10,0.0,10,0.0,10,0.0,10,0.0,10
"Jackson County, Tennessee",0.0,21,,,0.0,21,0.0,21,0.0,21,0.0,21,0.0,21,0.0,21,0.0,21,0.0,21,,,0.0,21,0.0,21,0.0,21,0.0,21,0.0,21,0.0,21,0.0,21,0.0,21,0.0,21,0.0,21,0.0,21
"Jackson County, Texas",313.0,236,,,28.0,38,0.0,23,0.0,23,0.0,23,0.0,23,0.0,23,0.0,23,0.0,23,,,0.0,23,0.0,23,51.0,69,0.0,23,0.0,23,0.0,23,0.0,23,0.0,23,0.0,23,191.0,248,0.0,23
"Jackson County, West Virginia",195.0,43,,,92.0,34,0.0,24,76.0,51,0.0,24,0.0,24,0.0,24,0.0,24,0.0,24,,,0.0,24,0.0,24,11.0,25,0.0,24,0.0,24,0.0,24,0.0,24,0.0,24,0.0,24,0.0,24,0.0,24
"Jackson County, Wisconsin",194.0,15,,,19.0,14,28.0,25,13.0,11,40.0,29,0.0,18,0.0,18,0.0,18,0.0,18,,,0.0,18,0.0,18,37.0,25,0.0,18,0.0,18,0.0,18,0.0,18,0.0,18,13.0,13,0.0,18,0.0,18
"Jackson Parish, Louisiana",40.0,42,,,1.0,3,0.0,22,0.0,22,0.0,22,0.0,22,0.0,22,0.0,22,0.0,22,,,0.0,22,0.0,22,8.0,14,0.0,22,0.0,22,0.0,22,0.0,22,0.0,22,0.0,22,2.0,5,0.0,22
"James City County, Virginia",3425.0,267,,,643.0,275,0.0,31,432.0,331,474.0,242,0.0,31,0.0,31,0.0,31,0.0,31,,,0.0,31,127.0,183,918.0,331,0.0,31,0.0,31,22.0,41,0.0,31,0.0,31,62.0,78,243.0,211,0.0,31
"Jasper County, Georgia",62.0,102,,,0.0,23,0.0,23,0.0,23,0.0,23,6.0,32,0.0,23,0.0,23,0.0,23,,,0.0,23,29.0,49,0.0,23,0.0,23,0.0,23,0.0,23,0.0,23,0.0,23,0.0,23,0.0,23,0.0,23
"Jasper County, Illinois",36.0,32,,,0.0,17,0.0,17,12.0,17,0.0,17,0.0,17,0.0,17,0.0,17,0.0,17,,,0.0,17,0.0,17,1.0,2,0.0,17,0.0,17,0.0,17,0.0,17,0.0,17,22.0,29,0.0,17,0.0,17
"Jasper County, Indiana",258.0,53,,,105.0,68,0.0,27,53.0,65,31.0,44,0.0,27,0.0,27,0.0,27,0.0,27,,,0.0,27,0.0,27,0.0,27,44.0,53,0.0,27,0.0,27,0.0,27,0.0,27,0.0,27,0.0,27,0.0,27
"Jasper County, Iowa",460.0,64,,,174.0,93,18.0,31,37.0,44,3.0,4,0.0,22,0.0,22,0.0,22,0.0,22,,,0.0,22,0.0,22,84.0,67,0.0,22,16.0,18,0.0,22,0.0,22,0.0,22,0.0,22,44.0,48,0.0,22
"Jasper County, Mississippi",100.0,149,,,0.0,22,0.0,22,0.0,22,0.0,22,0.0,22,0.0,22,0.0,22,0.0,22,,,0.0,22,0.0,22,100.0,149,0.0,22,0.0,22,0.0,22,0.0,22,0.0,22,0.0,22,0.0,22,0.0,22
"Jasper County, Missouri",2308.0,234,,,167.0,110,20.0,35,61.0,50,140.0,81,1.0,2,0.0,28,58.0,48,0.0,28,,,44.0,75,20.0,32,556.0,263,0.0,28,24.0,37,0.0,28,0.0,28,0.0,28,81.0,65,515.0,218,0.0,28
"Jasper County, South Carolina",261.0,189,,,128.0,122,0.0,30,56.0,64,56.0,68,0.0,30,0.0,30,0.0,30,0.0,30,,,0.0,30,0.0,30,21.0,22,0.0,30,0.0,30,0.0,30,0.0,30,0.0,30,0.0,30,0.0,30,0.0,30
"Jasper County, Texas",296.0,47,,,9.0,15,0.0,31,66.0,68,47.0,89,0.0,31,0.0,31,0.0,31,0.0,31,,,23.0,39,0.0,31,78.0,86,0.0,31,0.0,31,0.0,31,0.0,31,0.0,31,10.0,22,0.0,31,0.0,31
"Jay County, Indiana",132.0,7,,,0.0,24,0.0,24,4.0,9,9.0,13,0.0,24,0.0,24,0.0,24,0.0,24,,,55.0,52,0.0,24,35.0,43,0.0,24,0.0,24,0.0,24,0.0,24,0.0,24,0.0,24,10.0,20,0.0,24
"Jayuya Municipio, Puerto Rico",0.0,24,,,0.0,24,0.0,24,0.0,24,0.0,24,0.0,24,0.0,24,0.0,24,0.0,24,,,0.0,24,0.0,24,0.0,24,0.0,24,0.0,24,0.0,24,0.0,24,0.0,24,0.0,24,0.0,24,0.0,24
"Jeff Davis County, Georgia",121.0,23,,,8.0,19,0.0,23,0.0,23,1.0,3,0.0,23,0.0,23,0.0,23,0.0,23,,,0.0,23,0.0,23,104.0,28,0.0,23,0.0,23,0.0,23,0.0,23,0.0,23,0.0,23,0.0,23,0.0,23
"Jeff Davis County, Texas",10.0,21,,,0.0,15,0.0,15,0.0,15,0.0,15,10.0,21,0.0,15,0.0,15,0.0,15,,,0.0,15,0.0,15,0.0,15,0.0,15,0.0,15,0.0,15,0.0,15,0.0,15,0.0,15,0.0,15,0.0,15
"Jefferson County, Alabama",15448.0,435,,,3444.0,614,20.0,17,647.0,284,1701.0,456,0.0,31,0.0,31,287.0,187,0.0,31,,,8.0,14,0.0,31,1013.0,335,37.0,50,42.0,45,260.0,230,0.0,31,0.0,31,553.0,350,907.0,464,0.0,31
"Jefferson County, Arkansas",810.0,127,,,128.0,136,0.0,30,30.0,30,45.0,55,0.0,30,0.0,30,0.0,30,0.0,30,,,0.0,30,0.0,30,110.0,134,0.0,30,14.0,24,0.0,30,0.0,30,0.0,30,0.0,30,37.0,42,0.0,30
"Jefferson County, Colorado",25298.0,476,,,5118.0,677,341.0,251,3252.0,457,2699.0,444,135.0,131,45.0,51,406.0,241,18.0,27,,,38.0,61,258.0,165,3045.0,464,189.0,107,300.0,128,9.0,12,0.0,31,12.0,19,542.0,207,4472.0,679,0.0,31
"Jefferson County, Florida",128.0,81,,,0.0,23,0.0,23,13.0,29,0.0,23,0.0,23,0.0,23,0.0,23,0.0,23,,,0.0,23,0.0,23,102.0,73,0.0,23,0.0,23,0.0,23,0.0,23,0.0,23,0.0,23,0.0,23,0.0,23
"Jefferson County, Georgia",79.0,97,,,60.0,95,0.0,23,8.0,10,0.0,23,0.0,23,0.0,23,0.0,23,0.0,23,,,0.0,23,0.0,23,1.0,3,0.0,23,0.0,23,0.0,23,0.0,23,0.0,23,0.0,23,0.0,23,0.0,23
"Jefferson County, Idaho",339.0,41,,,24.0,33,15.0,31,58.0,51,25.0,30,0.0,26,0.0,26,0.0,26,0.0,26,,,0.0,26,0.0,26,188.0,77,0.0,26,0.0,26,0.0,26,0.0,26,0.0,26,0.0,26,0.0,26,0.0,26
"Jefferson County, Illinois",678.0,81,,,109.0,67,47.0,50,12.0,14,48.0,38,0.0,26,0.0,26,0.0,26,0.0,26,,,0.0,26,0.0,26,285.0,88,0.0,26,0.0,26,0.0,26,0.0,26,0.0,26,4.0,8,59.0,44,0.0,26
"Jefferson County, Indiana",448.0,115,,,86.0,97,0.0,27,138.0,106,77.0,76,0.0,27,0.0,27,0.0,27,0.0,27,,,0.0,27,0.0,27,133.0,104,0.0,27,0.0,27,0.0,27,0.0,27,0.0,27,0.0,27,0.0,27,0.0,27
"Jefferson County, Iowa",828.0,255,,,35.0,37,0.0,16,8.0,15,0.0,16,128.0,97,0.0,16,0.0,16,0.0,16,,,17.0,18,0.0,16,13.0,20,11.0,22,0.0,16,0.0,16,0.0,16,0.0,16,19.0,29,176.0,156,0.0,16
"Jefferson County, Kansas",115.0,77,,,4.0,6,0.0,18,32.0,34,0.0,18,32.0,34,0.0,18,0.0,18,0.0,18,,,0.0,18,22.0,27,16.0,19,0.0,18,8.0,13,0.0,18,0.0,18,0.0,18,0.0,18,0.0,18,0.0,18
"Jefferson County, Kentucky",31879.0,652,,,3377.0,705,121.0,139,1344.0,307,2590.0,555,95.0,102,13.0,18,97.0,77,24.0,38,,,1217.0,512,384.0,251,4770.0,921,24.0,23,256.0,260,48.0,49,0.0,30,0.0,30,314.0,225,3382.0,667,24.0,37
"Jefferson County, Mississippi",283.0,256,,,0.0,20,0.0,20,0.0,20,0.0,20,0.0,20,0.0,20,0.0,20,0.0,20,,,0.0,20,0.0,20,0.0,20,0.0,20,0.0,20,0.0,20,0.0,20,0.0,20,0.0,20,0.0,20,0.0,20
"Jefferson County, Missouri",3101.0,113,,,670.0,205,0.0,28,111.0,105,355.0,197,0.0,28,6.0,11,42.0,41,0.0,28,,,0.0,28,65.0,69,608.0,194,38.0,62,54.0,87,0.0,28,0.0,28,0.0,28,224.0,169,46.0,53,0.0,28
"Jefferson County, Montana",116.0,10,,,21.0,25,0.0,17,16.0,20,79.0,29,0.0,17,0.0,17,0.0,17,0.0,17,,,0.0,17,0.0,17,0.0,17,0.0,17,0.0,17,0.0,17,0.0,17,0.0,17,0.0,17,0.0,17,0.0,17
"Jefferson County, Nebraska",8.0,12,,,0.0,15,0.0,15,0.0,15,0.0,15,0.0,15,0.0,15,0.0,15,0.0,15,,,0.0,15,0.0,15,6.0,10,0.0,15,0.0,15,0.0,15,0.0,15,0.0,15,2.0,4,0.0,15,0.0,15
"Jefferson County, New York",3397.0,139,,,437.0,182,0.0,31,258.0,186,300.0,107,18.0,24,0.0,31,0.0,31,0.0,31,,,0.0,31,228.0,179,1142.0,280,10.0,16,12.0,14,0.0,31,0.0,31,0.0,31,72.0,41,18.0,24,0.0,31
"Jefferson County, Ohio",740.0,187,,,167.0,105,0.0,30,52.0,55,47.0,48,0.0,30,0.0,30,25.0,33,0.0,30,,,0.0,30,0.0,30,325.0,143,0.0,30,0.0,30,0.0,30,0.0,30,0.0,30,7.0,11,9.0,16,0.0,30
"Jefferson County, Oklahoma",68.0,8,,,0.0,15,0.0,15,3.0,4,0.0,15,0.0,15,0.0,15,0.0,15,0.0,15,,,0.0,15,0.0,15,53.0,13,0.0,15,0.0,15,0.0,15,0.0,15,0.0,15,6.0,12,0.0,15,0.0,15
"Jefferson County, Oregon",338.0,54,,,47.0,57,0.0,25,46.0,49,123.0,84,0.0,25,0.0,25,0.0,25,0.0,25,,,0.0,25,0.0,25,108.0,71,0.0,25,0.0,25,0.0,25,0.0,25,0.0,25,0.0,25,9.0,15,0.0,25
"Jefferson County, Pennsylvania",208.0,24,,,86.0,46,0.0,24,35.0,40,26.0,26,0.0,24,0.0,24,0.0,24,0.0,24,,,0.0,24,0.0,24,32.0,32,0.0,24,0.0,24,0.0,24,0.0,24,0.0,24,7.0,16,0.0,24,0.0,24
"Jefferson County, Tennessee",479.0,40,,,97.0,35,0.0,32,11.0,22,8.0,12,0.0,32,0.0,32,0.0,32,0.0,32,,,0.0,32,0.0,32,201.0,87,0.0,32,2.0,7,0.0,32,0.0,32,0.0,32,0.0,32,22.0,28,0.0,32
"Jefferson County, Texas",10981.0,250,,,629.0,225,0.0,35,411.0,218,234.0,149,0.0,35,0.0,35,0.0,35,0.0,35,,,10.0,44,160.0,230,1624.0,444,0.0,35,44.0,77,49.0,92,0.0,35,0.0,35,12.0,24,4404.0,653,0.0,35
"Jefferson County, Washington",955.0,26,,,282.0,137,0.0,28,234.0,138,59.0,49,0.0,28,0.0,28,62.0,84,0.0,28,,,0.0,28,25.0,41,230.0,123,14.0,23,0.0,28,0.0,28,0.0,28,0.0,28,5.0,7,24.0,46,0.0,28
"Jefferson County, West Virginia",1414.0,100,,,169.0,85,0.0,30,141.0,82,53.0,44,0.0,30,0.0,30,4.0,7,0.0,30,,,211.0,154,0.0,30,315.0,138,46.0,75,0.0,30,0.0,30,0.0,30,0.0,30,46.0,35,32.0,29,0.0,30
"Jefferson County, Wisconsin",1212.0,81,,,240.0,102,29.0,31,53.0,38,43.0,33,0.0,23,0.0,23,18.0,24,0.0,23,,,0.0,23,0.0,23,239.0,126,10.0,15,58.0,63,0.0,23,0.0,23,0.0,23,58.0,63,180.0,105,0.0,23
"Jefferson Davis County, Mississippi",5.0,8,,,0.0,22,0.0,22,0.0,22,0.0,22,0.0,22,0.0,22,0.0,22,0.0,22,,,0.0,22,0.0,22,5.0,8,0.0,22,0.0,22,0.0,22,0.0,22,0.0,22,0.0,22,0.0,22,0.0,22
"Jefferson Davis Parish, Louisiana",93.0,73,,,0.0,30,0.0,30,30.0,43,0.0,30,0.0,30,0.0,30,0.0,30,0.0,30,,,0.0,30,0.0,30,8.0,15,0.0,30,0.0,30,0.0,30,0.0,30,0.0,30,0.0,30,22.0,40,0.0,30
"Jefferson Parish, Louisiana",22456.0,571,,,4155.0,867,0.0,33,745.0,305,335.0,177,10.0,19,0.0,33,153.0,136,137.0,222,,,71.0,112,209.0,161,3192.0,829,261.0,297,45.0,40,15.0,19,0.0,33,0.0,33,282.0,173,8552.0,971,0.0,33
"Jenkins County, Georgia",2.0,9,,,0.0,20,0.0,20,0.0,20,0.0,20,0.0,20,0.0,20,0.0,20,0.0,20,,,0.0,20,0.0,20,2.0,9,0.0,20,0.0,20,0.0,20,0.0,20,0.0,20,0.0,20,0.0,20,0.0,20
"Jennings County, Indiana",258.0,162,,,85.0,105,0.0,24,134.0,119,16.0,26,0.0,24,0.0,24,0.0,24,0.0,24,,,7.0,12,0.0,24,16.0,34,0.0,24,0.0,24,0.0,24,0.0,24,0.0,24,0.0,24,0.0,24,0.0,24
"Jerauld County, South Dakota",6.0,8,,,0.0,10,0.0,10,1.0,3,0.0,10,0.0,10,0.0,10,0.0,10,0.0,10,,,0.0,10,0.0,10,5.0,8,0.0,10,0.0,10,0.0,10,0.0,10,0.0,10,0.0,10,0.0,10,0.0,10
"Jerome County, Idaho",224.0,106,,,9.0,16,0.0,23,0.0,23,97.0,76,0.0,23,0.0,23,0.0,23,0.0,23,,,0.0,23,0.0,23,55.0,54,0.0,23,0.0,23,0.0,23,0.0,23,0.0,23,0.0,23,0.0,23,0.0,23
"Jersey County, Illinois",248.0,18,,,23.0,33,1.0,2,100.0,64,23.0,32,0.0,23,0.0,23,0.0,23,0.0,23,,,0.0,23,0.0,23,45.0,57,6.0,11,0.0,23,0.0,23,0.0,23,0.0,23,0.0,23,0.0,23,0.0,23
"Jessamine County, Kentucky",1080.0,100,,,23.0,31,0.0,30,13.0,23,85.0,60,0.0,30,0.0,30,151.0,229,0.0,30,,,0.0,30,230.0,283,50.0,57,105.0,114,0.0,30,6.0,15,0.0,30,0.0,30,77.0,89,38.0,49,0.0,30
"Jewell County, Kansas",24.0,19,,,0.0,11,0.0,11,1.0,4,17.0,17,0.0,11,0.0,11,0.0,11,0.0,11,,,0.0,11,0.0,11,4.0,5,0.0,11,0.0,11,0.0,11,0.0,11,0.0,11,0.0,11,0.0,11,0.0,11
"Jim Hogg County, Texas",265.0,201,,,0.0,15,0.0,15,0.0,15,0.0,15,0.0,15,0.0,15,0.0,15,0.0,15,,,0.0,15,0.0,15,265.0,201,0.0,15,0.0,15,0.0,15,0.0,15,0.0,15,0.0,15,0.0,15,0.0,15
"Jim Wells County, Texas",228.0,27,,,0.0,31,0.0,31,43.0,61,0.0,31,0.0,31,0.0,31,0.0,31,0.0,31,,,0.0,31,0.0,31,55.0,66,0.0,31,0.0,31,0.0,31,0.0,31,0.0,31,0.0,31,0.0,31,0.0,31
"Jo Daviess County, Illinois",656.0,492,,,53.0,49,0.0,23,111.0,125,79.0,88,0.0,23,2.0,5,0.0,23,0.0,23,,,0.0,23,0.0,23,154.0,67,0.0,23,0.0,23,0.0,23,0.0,23,0.0,23,1.0,3,154.0,131,0.0,23
"Johnson County, Arkansas",905.0,54,,,29.0,42,17.0,30,56.0,79,54.0,85,0.0,24,0.0,24,0.0,24,0.0,24,,,362.0,192,0.0,24,227.0,162,0.0,24,0.0,24,0.0,24,0.0,24,0.0,24,0.0,24,98.0,137,0.0,24
"Johnson County, Georgia",73.0,78,,,13.0,18,0.0,20,0.0,20,0.0,20,0.0,20,0.0,20,0.0,20,0.0,20,,,0.0,20,0.0,20,34.0,33,0.0,20,0.0,20,0.0,20,0.0,20,0.0,20,0.0,20,13.0,18,0.0,20
"Johnson County, Illinois",94.0,42,,,7.0,10,0.0,19,2.0,4,2.0,4,0.0,19,0.0,19,0.0,19,0.0,19,,,0.0,19,0.0,19,16.0,17,0.0,19,0.0,19,0.0,19,0.0,19,0.0,19,0.0,19,16.0,21,0.0,19
"Johnson County, Indiana",9360.0,161,,,455.0,230,0.0,30,757.0,417,237.0,170,0.0,30,164.0,229,62.0,80,0.0,30,,,1208.0,656,85.0,117,1120.0,470,0.0,30,0.0,30,16.0,25,0.0,30,0.0,30,284.0,198,266.0,280,0.0,30
"Johnson County, Iowa",11967.0,316,,,3505.0,496,124.0,173,430.0,168,1564.0,388,0.0,24,0.0,24,74.0,60,0.0,24,,,12.0,17,12.0,24,1018.0,341,5.0,10,300.0,259,0.0,24,0.0,24,42.0,42,143.0,92,1220.0,437,0.0,24
"Johnson County, Kansas",41172.0,552,,,7999.0,831,276.0,186,2665.0,496,3273.0,628,0.0,27,5.0,7,699.0,272,0.0,27,,,322.0,193,245.0,161,2891.0,558,535.0,368,1381.0,503,127.0,113,0.0,27,0.0,27,930.0,339,3071.0,608,0.0,27
"Johnson County, Kentucky",251.0,142,,,123.0,120,0.0,24,0.0,24,0.0,24,0.0,24,0.0,24,0.0,24,0.0,24,,,0.0,24,0.0,24,0.0,24,49.0,78,0.0,24,0.0,24,0.0,24,0.0,24,0.0,24,0.0,24,0.0,24
"Johnson County, Missouri",1541.0,135,,,34.0,34,0.0,28,293.0,160,293.0,158,0.0,28,0.0,28,45.0,71,0.0,28,,,85.0,117,0.0,28,437.0,175,0.0,28,26.0,35,0.0,28,0.0,28,0.0,28,65.0,76,23.0,18,0.0,28
"Johnson County, Nebraska",57.0,43,,,0.0,15,0.0,15,0.0,15,2.0,5,0.0,15,0.0,15,0.0,15,0.0,15,,,0.0,15,0.0,15,1.0,3,0.0,15,50.0,44,0.0,15,0.0,15,0.0,15,4.0,8,0.0,15,0.0,15
"Johnson County, Tennessee",71.0,3,,,0.0,21,0.0,21,0.0,21,27.0,26,0.0,21,0.0,21,0.0,21,0.0,21,,,0.0,21,0.0,21,43.0,26,0.0,21,0.0,21,0.0,21,0.0,21,0.0,21,0.0,21,0.0,21,0.0,21
"Johnson County, Texas",3360.0,323,,,471.0,315,0.0,35,183.0,119,658.0,330,0.0,35,0.0,35,3.0,7,0.0,35,,,0.0,35,104.0,132,789.0,301,39.0,62,55.0,56,56.0,63,0.0,35,0.0,35,47.0,49,512.0,208,0.0,35
"Johnson County, Wyoming",146.0,90,,,0.0,18,0.0,18,17.0,29,35.0,45,0.0,18,0.0,18,0.0,18,0.0,18,,,0.0,18,0.0,18,0.0,18,0.0,18,0.0,18,40.0,54,0.0,18,0.0,18,0.0,18,0.0,18,0.0,18
"Johnston County, North Carolina",3793.0,332,,,545.0,220,57.0,67,370.0,273,403.0,211,0.0,32,0.0,32,8.0,15,0.0,32,,,0.0,32,31.0,49,1168.0,315,17.0,26,34.0,53,0.0,32,0.0,32,0.0,32,51.0,47,372.0,178,12.0,21
"Johnston County, Oklahoma",48.0,44,,,0.0,16,0.0,16,31.0,35,0.0,16,0.0,16,0.0,16,0.0,16,0.0,16,,,0.0,16,0.0,16,10.0,14,0.0,16,0.0,16,0.0,16,0.0,16,0.0,16,0.0,16,0.0,16,0.0,16
"Jones County, Georgia",163.0,87,,,33.0,57,0.0,27,0.0,27,16.0,30,0.0,27,0.0,27,0.0,27,0.0,27,,,0.0,27,0.0,27,56.0,60,0.0,27,0.0,27,0.0,27,0.0,27,0.0,27,0.0,27,8.0,19,0.0,27
"Jones County, Iowa",486.0,460,,,179.0,137,0.0,19,1.0,3,0.0,19,0.0,19,0.0,19,0.0,19,0.0,19,,,0.0,19,35.0,52,95.0,121,0.0,19,0.0,19,0.0,19,0.0,19,0.0,19,2.0,5,73.0,97,0.0,19
"Jones County, Mississippi",397.0,18,,,35.0,56,0.0,33,0.0,33,20.0,31,0.0,33,0.0,33,0.0,33,0.0,33,,,0.0,33,0.0,33,145.0,101,0.0,33,0.0,33,0.0,33,0.0,33,0.0,33,0.0,33,114.0,96,0.0,33
"Jones County, North Carolina",72.0,59,,,0.0,19,0.0,19,0.0,19,5.0,9,0.0,19,0.0,19,0.0,19,0.0,19,,,0.0,19,0.0,19,3.0,7,0.0,19,3.0,5,0.0,19,0.0,19,0.0,19,0.0,19,0.0,19,0.0,19
"Jones County, South Dakota",0.0,10,,,0.0,10,0.0,10,0.0,10,0.0,10,0.0,10,0.0,10,0.0,10,0.0,10,,,0.0,10,0.0,10,0.0,10,0.0,10,0.0,10,0.0,10,0.0,10,0.0,10,0.0,10,0.0,10,0.0,10
"Jones County, Texas",224.0,62,,,0.0,23,0.0,23,8.0,17,16.0,26,0.0,23,0.0,23,18.0,31,0.0,23,,,0.0,23,0.0,23,57.0,53,0.0,23,0.0,23,0.0,23,0.0,23,0.0,23,19.0,25,31.0,31,0.0,23
"Josephine County, Oregon",1837.0,160,,,311.0,171,0.0,31,255.0,117,136.0,106,0.0,31,0.0,31,0.0,31,0.0,31,,,0.0,31,0.0,31,539.0,238,118.0,119,0.0,31,0.0,31,0.0,31,0.0,31,97.0,87,231.0,163,0.0,31
"Juab County, Utah",88.0,78,,,0.0,19,0.0,19,59.0,80,0.0,19,0.0,19,0.0,19,0.0,19,0.0,19,,,0.0,19,0.0,19,29.0,31,0.0,19,0.0,19,0.0,19,0.0,19,0.0,19,0.0,19,0.0,19,0.0,19
"Juana Díaz Municipio, Puerto Rico",1.0,4,,,1.0,4,0.0,32,0.0,32,0.0,32,0.0,32,0.0,32,0.0,32,0.0,32,,,0.0,32,0.0,32,0.0,32,0.0,32,0.0,32,0.0,32,0.0,32,0.0,32,0.0,32,0.0,32,0.0,32
"Judith Basin County, Montana",0.0,11,,,0.0,11,0.0,11,0.0,11,0.0,11,0.0,11,0.0,11,0.0,11,0.0,11,,,0.0,11,0.0,11,0.0,11,0.0,11,0.0,11,0.0,11,0.0,11,0.0,11,0.0,11,0.0,11,0.0,11
"Juncos Municipio, Puerto Rico",80.0,76,,,0.0,32,0.0,32,0.0,32,0.0,32,0.0,32,0.0,32,0.0,32,0.0,32,,,0.0,32,0.0,32,28.0,47,0.0,32,0.0,32,0.0,32,0.0,32,0.0,32,0.0,32,0.0,32,0.0,32
"Juneau City and Borough, Alaska",3878.0,323,,,481.0,201,0.0,22,198.0,115,148.0,141,7.0,12,0.0,22,2.0,5,0.0,22,,,7.0,10,2.0,3,2696.0,405,45.0,65,0.0,22,0.0,22,0.0,22,0.0,22,123.0,113,60.0,77,0.0,22
"Juneau County, Wisconsin",228.0,12,,,9.0,7,27.0,19,1.0,4,22.0,19,12.0,15,0.0,18,0.0,18,0.0,18,,,0.0,18,0.0,18,67.0,24,3.0,5,0.0,18,0.0,18,0.0,18,0.0,18,7.0,6,14.0,12,3.0,9
"Juniata County, Pennsylvania",143.0,21,,,26.0,23,0.0,21,5.0,6,23.0,18,0.0,21,0.0,21,0.0,21,0.0,21,,,0.0,21,0.0,21,41.0,26,0.0,21,0.0,21,0.0,21,0.0,21,0.0,21,15.0,18,10.0,10,0.0,21
"Kalamazoo County, Michigan",9560.0,299,,,1279.0,419,0.0,26,445.0,206,686.0,284,0.0,26,0.0,26,78.0,69,0.0,26,,,175.0,146,97.0,100,1332.0,417,114.0,94,4.0,39,0.0,26,0.0,26,11.0,17,102.0,102,656.0,341,0.0,26
"Kalawao County, Hawaii",19.0,13,,,4.0,9,0.0,12,2.0,4,0.0,12,0.0,12,0.0,12,0.0,12,0.0,12,,,0.0,12,0.0,12,12.0,15,1.0,9,0.0,12,0.0,12,0.0,12,0.0,12,0.0,12,0.0,12,0.0,12
"Kalkaska County, Michigan",173.0,14,,,57.0,41,0.0,17,5.0,8,23.0,23,0.0,17,0.0,17,0.0,17,0.0,17,,,0.0,17,0.0,17,46.0,27,0.0,17,5.0,8,0.0,17,0.0,17,0.0,17,0.0,17,0.0,17,0.0,17
"Kanabec County, Minnesota",211.0,13,,,3.0,4,52.0,46,33.0,40,13.0,11,0.0,15,0.0,15,0.0,15,17.0,27,,,3.0,5,7.0,8,40.0,22,0.0,15,0.0,15,0.0,15,0.0,15,0.0,15,0.0,15,40.0,17,0.0,15
"Kanawha County, West Virginia",2828.0,118,,,252.0,97,0.0,30,128.0,74,374.0,161,0.0,30,0.0,30,0.0,30,0.0,30,,,31.0,53,0.0,30,383.0,167,0.0,30,0.0,30,0.0,30,0.0,30,0.0,30,76.0,59,76.0,63,0.0,30
"Kandiyohi County, Minnesota",727.0,39,,,9.0,15,8.0,9,3.0,6,99.0,67,0.0,20,0.0,20,30.0,38,0.0,20,,,330.0,178,2.0,4,64.0,62,35.0,45,16.0,29,0.0,20,0.0,20,0.0,20,98.0,139,3.0,5,0.0,20
"Kane County, Illinois",27336.0,801,,,2214.0,657,61.0,104,1156.0,471,1661.0,484,68.0,90,0.0,29,157.0,73,0.0,29,,,84.0,131,114.0,142,7672.0,1099,324.0,150,1737.0,576,26.0,31,0.0,29,0.0,29,619.0,277,777.0,333,0.0,29
"Kane County, Utah",85.0,74,,,5.0,7,0.0,17,15.0,24,0.0,17,5.0,7,0.0,17,0.0,17,0.0,17,,,0.0,17,0.0,17,0.0,17,0.0,17,0.0,17,0.0,17,0.0,17,0.0,17,0.0,17,59.0,68,0.0,17
"Kankakee County, Illinois",1576.0,124,,,167.0,109,0.0,29,83.0,64,171.0,112,3.0,6,0.0,29,0.0,29,0.0,29,,,0.0,29,43.0,46,539.0,173,28.0,43,0.0,29,0.0,29,0.0,29,0.0,29,0.0,29,75.0,70,0.0,29
"Karnes County, Texas",326.0,210,,,6.0,14,0.0,23,34.0,57,6.0,14,0.0,23,0.0,23,0.0,23,0.0,23,,,0.0,23,0.0,23,62.0,67,0.0,23,0.0,23,0.0,23,0.0,23,0.0,23,0.0,23,212.0,200,0.0,23
"Kauai County, Hawaii",47604.0,1531,,,7277.0,997,0.0,28,14405.0,1236,1645.0,579,0.0,28,295.0,159,25.0,37,0.0,28,,,0.0,28,24.0,27,23323.0,1394,26.0,31,0.0,28,15.0,23,0.0,28,0.0,28,121.0,82,164.0,128,0.0,28
"Kaufman County, Texas",4119.0,379,,,501.0,322,0.0,35,352.0,235,130.0,105,0.0,35,0.0,35,64.0,107,0.0,35,,,0.0,35,86.0,128,801.0,286,0.0,35,217.0,160,0.0,35,0.0,35,0.0,35,0.0,35,902.0,455,0.0,35
"Kay County, Oklahoma",558.0,102,,,16.0,15,0.0,22,87.0,54,140.0,97,0.0,22,0.0,22,0.0,22,0.0,22,,,0.0,22,0.0,22,102.0,62,1.0,4,1.0,3,0.0,22,0.0,22,0.0,22,8.0,13,134.0,99,0.0,22
"Kearney County, Nebraska",64.0,34,,,32.0,35,0.0,15,0.0,15,0.0,15,0.0,15,0.0,15,0.0,15,0.0,15,,,0.0,15,0.0,15,23.0,28,0.0,15,9.0,13,0.0,15,0.0,15,0.0,15,0.0,15,0.0,15,0.0,15
"Kearny County, Kansas",33.0,46,,,0.0,11,0.0,11,0.0,11,10.0,20,0.0,11,0.0,11,0.0,11,0.0,11,,,0.0,11,0.0,11,23.0,40,0.0,11,0.0,11,0.0,11,0.0,11,0.0,11,0.0,11,0.0,11,0.0,11
"Keith County, Nebraska",82.0,11,,,3.0,5,0.0,15,15.0,17,9.0,18,0.0,15,0.0,15,0.0,15,4.0,8,,,0.0,15,16.0,22,22.0,24,0.0,15,0.0,15,0.0,15,0.0,15,0.0,15,0.0,15,12.0,16,0.0,15
"Kemper County, Mississippi",3.0,6,,,0.0,20,0.0,20,0.0,20,0.0,20,0.0,20,0.0,20,0.0,20,0.0,20,,,0.0,20,0.0,20,0.0,20,0.0,20,0.0,20,0.0,20,0.0,20,0.0,20,0.0,20,0.0,20,0.0,20
"Kenai Peninsula Borough, Alaska",1747.0,48,,,192.0,103,0.0,24,352.0,167,183.0,128,12.0,21,8.0,15,0.0,24,0.0,24,,,0.0,24,0.0,24,832.0,210,0.0,24,0.0,24,0.0,24,0.0,24,0.0,24,18.0,15,65.0,65,0.0,24
"Kendall County, Illinois",6446.0,289,,,782.0,498,8.0,14,274.0,145,430.0,230,6.0,13,0.0,29,0.0,29,0.0,29,,,1.0,12,134.0,133,1465.0,461,0.0,29,149.0,223,0.0,29,0.0,29,0.0,29,162.0,145,208.0,273,0.0,29
"Kendall County, Texas",1126.0,216,,,391.0,253,0.0,31,36.0,50,107.0,171,0.0,31,0.0,31,0.0,31,0.0,31,,,0.0,31,0.0,31,227.0,206,0.0,31,0.0,31,0.0,31,0.0,31,0.0,31,0.0,31,9.0,22,0.0,31
"Kenedy County, Texas",2.0,4,,,0.0,15,0.0,15,1.0,3,0.0,15,0.0,15,0.0,15,0.0,15,0.0,15,,,0.0,15,0.0,15,0.0,15,0.0,15,0.0,15,0.0,15,0.0,15,0.0,15,0.0,15,0.0,15,0.0,15
"Kennebec County, Maine",1950.0,96,,,372.0,154,0.0,26,91.0,64,414.0,229,0.0,26,0.0,26,56.0,60,0.0,26,,,10.0,16,0.0,26,263.0,152,29.0,48,0.0,26,0.0,26,0.0,26,0.0,26,68.0,94,344.0,148,0.0,26
"Kenosha County, Wisconsin",4391.0,263,,,583.0,248,388.0,233,588.0,238,205.0,106,29.0,26,23.0,36,19.0,31,0.0,23,,,0.0,23,19.0,33,898.0,252,2.0,4,0.0,23,6.0,12,0.0,23,0.0,23,0.0,23,441.0,266,0.0,23
"Kent County, Delaware",6525.0,325,,,505.0,178,64.0,82,422.0,197,702.0,310,0.0,30,0.0,30,18.0,23,0.0,30,,,0.0,30,14.0,22,1675.0,429,15.0,24,27.0,38,2.0,5,0.0,30,0.0,30,382.0,200,325.0,200,0.0,30
"Kent County, Maryland",374.0,59,,,81.0,61,0.0,21,19.0,24,0.0,21,0.0,21,0.0,21,0.0,21,0.0,21,,,0.0,21,5.0,10,18.0,22,0.0,21,0.0,21,0.0,21,0.0,21,0.0,21,36.0,50,0.0,21,0.0,21
"Kent County, Michigan",27981.0,664,,,4331.0,717,221.0,190,1423.0,612,3632.0,653,0.0,26,0.0,26,103.0,98,0.0,26,,,2143.0,714,115.0,91,2433.0,565,786.0,346,79.0,76,1.0,6,0.0,26,0.0,26,288.0,151,5390.0,987,0.0,26
"Kent County, Rhode Island",6527.0,258,,,1184.0,343,65.0,75,429.0,227,326.0,247,0.0,34,3.0,19,199.0,201,0.0,34,,,40.0,52,443.0,190,916.0,290,0.0,34,131.0,106,0.0,34,0.0,34,40.0,67,182.0,144,255.0,224,0.0,34
"Kent County, Texas",16.0,22,,,0.0,15,0.0,15,16.0,22,0.0,15,0.0,15,0.0,15,0.0,15,0.0,15,,,0.0,15,0.0,15,0.0,15,0.0,15,0.0,15,0.0,15,0.0,15,0.0,15,0.0,15,0.0,15,0.0,15
"Kenton County, Kentucky",3108.0,150,,,675.0,242,20.0,36,293.0,160,429.0,193,0.0,30,0.0,30,43.0,53,0.0,30,,,122.0,154,0.0,30,512.0,217,23.0,30,0.0,30,9.0,14,0.0,30,0.0,30,88.0,72,417.0,224,0.0,30
"Keokuk County, Iowa",66.0,44,,,15.0,14,0.0,15,0.0,15,0.0,15,0.0,15,0.0,15,0.0,15,0.0,15,,,0.0,15,0.0,15,37.0,29,0.0,15,0.0,15,0.0,15,0.0,15,0.0,15,0.0,15,4.0,5,0.0,15
"Kern County, California",60692.0,1842,,,6937.0,1592,466.0,328,2789.0,592,2548.0,728,140.0,146,0.0,32,159.0,83,0.0,32,,,182.0,179,1490.0,623,25416.0,1840,366.0,202,512.0,295,16.0,26,22.0,33,0.0,32,597.0,279,3338.0,782,0.0,32
"Kerr County, Texas",873.0,167,,,63.0,51,0.0,35,63.0,82,160.0,124,0.0,35,0.0,35,46.0,48,0.0,35,,,0.0,35,0.0,35,114.0,88,3.0,9,0.0,35,0.0,35,0.0,35,0.0,35,25.0,33,21.0,28,0.0,35
"Kershaw County, South Carolina",994.0,171,,,207.0,168,89.0,115,60.0,56,85.0,50,6.0,11,0.0,33,0.0,33,0.0,33,,,0.0,33,86.0,119,93.0,82,0.0,33,0.0,33,0.0,33,0.0,33,0.0,33,45.0,71,156.0,129,0.0,33
"Ketchikan Gateway Borough, Alaska",1434.0,49,,,62.0,42,0.0,16,14.0,17,16.0,21,0.0,16,0.0,16,0.0,16,0.0,16,,,0.0,16,0.0,16,1254.0,70,0.0,16,0.0,16,0.0,16,0.0,16,0.0,16,11.0,16,28.0,27,0.0,16
"Kewaunee County, Wisconsin",221.0,60,,,38.0,30,0.0,18,37.0,36,0.0,18,0.0,18,0.0,18,0.0,18,0.0,18,,,0.0,18,0.0,18,94.0,59,0.0,18,0.0,18,0.0,18,0.0,18,0.0,18,0.0,18,47.0,30,0.0,18
"Keweenaw County, Michigan",0.0,11,,,0.0,11,0.0,11,0.0,11,0.0,11,0.0,11,0.0,11,0.0,11,0.0,11,,,0.0,11,0.0,11,0.0,11,0.0,11,0.0,11,0.0,11,0.0,11,0.0,11,0.0,11,0.0,11,0.0,11
"Keya Paha County, Nebraska",0.0,10,,,0.0,10,0.0,10,0.0,10,0.0,10,0.0,10,0.0,10,0.0,10,0.0,10,,,0.0,10,0.0,10,0.0,10,0.0,10,0.0,10,0.0,10,0.0,10,0.0,10,0.0,10,0.0,10,0.0,10
"Kidder County, North Dakota",0.0,10,,,0.0,10,0.0,10,0.0,10,0.0,10,0.0,10,0.0,10,0.0,10,0.0,10,,,0.0,10,0.0,10,0.0,10,0.0,10,0.0,10,0.0,10,0.0,10,0.0,10,0.0,10,0.0,10,0.0,10
"Kimball County, Nebraska",17.0,14,,,3.0,5,0.0,10,10.0,11,4.0,6,0.0,10,0.0,10,0.0,10,0.0,10,,,0.0,10,0.0,10,0.0,10,0.0,10,0.0,10,0.0,10,0.0,10,0.0,10,0.0,10,0.0,10,0.0,10
"Kimble County, Texas",0.0,15,,,0.0,15,0.0,15,0.0,15,0.0,15,0.0,15,0.0,15,0.0,15,0.0,15,,,0.0,15,0.0,15,0.0,15,0.0,15,0.0,15,0.0,15,0.0,15,0.0,15,0.0,15,0.0,15,0.0,15
"King County, Texas",0.0,15,,,0.0,15,0.0,15,0.0,15,0.0,15,0.0,15,0.0,15,0.0,15,0.0,15,,,0.0,15,0.0,15,0.0,15,0.0,15,0.0,15,0.0,15,0.0,15,0.0,15,0.0,15,0.0,15,0.0,15
"King County, Washington",564473.0,3173,,,151551.0,3726,2403.0,712,43873.0,2383,46427.0,2768,1517.0,552,387.0,200,11446.0,1377,0.0,31,,,2510.0,940,11240.0,1503,79943.0,3426,2786.0,537,5295.0,935,847.0,341,1083.0,378,384.0,202,6292.0,992,55440.0,3131,75.0,74
"King George County, Virginia",758.0,40,,,65.0,59,0.0,25,45.0,35,251.0,151,0.0,25,0.0,25,0.0,25,0.0,25,,,0.0,25,15.0,26,182.0,123,0.0,25,0.0,25,0.0,25,0.0,25,0.0,25,11.0,18,88.0,58,0.0,25
"King William County, Virginia",195.0,138,,,12.0,21,0.0,21,0.0,21,63.0,81,0.0,21,0.0,21,0.0,21,0.0,21,,,0.0,21,0.0,21,65.0,61,0.0,21,0.0,21,0.0,21,0.0,21,0.0,21,0.0,21,0.0,21,0.0,21
"King and Queen County, Virginia",0.0,19,,,0.0,19,0.0,19,0.0,19,0.0,19,0.0,19,0.0,19,0.0,19,0.0,19,,,0.0,19,0.0,19,0.0,19,0.0,19,0.0,19,0.0,19,0.0,19,0.0,19,0.0,19,0.0,19,0.0,19
"Kingfisher County, Oklahoma",101.0,10,,,84.0,18,0.0,16,1.0,2,2.0,4,0.0,16,0.0,16,0.0,16,0.0,16,,,0.0,16,0.0,16,10.0,13,0.0,16,0.0,16,0.0,16,0.0,16,0.0,16,0.0,16,3.0,9,0.0,16
"Kingman County, Kansas",8.0,12,,,0.0,16,0.0,16,7.0,12,0.0,16,0.0,16,0.0,16,0.0,16,0.0,16,,,0.0,16,0.0,16,0.0,16,1.0,3,0.0,16,0.0,16,0.0,16,0.0,16,0.0,16,0.0,16,0.0,16
"Kings County, California",8125.0,314,,,1045.0,360,576.0,361,612.0,216,269.0,163,0.0,32,20.0,33,0.0,32,0.0,32,,,0.0,32,130.0,83,4511.0,515,0.0,32,107.0,116,0.0,32,0.0,32,0.0,32,266.0,176,287.0,183,0.0,32
"Kings County, New York",373804.0,2174,,,208694.0,3649,56.0,64,9230.0,782,15454.0,1305,159.0,129,0.0,31,2732.0,538,30.0,36,,,1295.0,297,685.0,299,16063.0,1567,1175.0,336,160.0,80,859.0,364,0.0,31,310.0,160,1106.0,297,6705.0,832,24.0,34
"Kingsbury County, South Dakota",34.0,21,,,0.0,15,0.0,15,0.0,15,0.0,15,0.0,15,0.0,15,0.0,15,0.0,15,,,0.0,15,0.0,15,7.0,7,0.0,15,0.0,15,0.0,15,0.0,15,0.0,15,0.0,15,0.0,15,0.0,15
"Kinney County, Texas",0.0,15,,,0.0,15,0.0,15,0.0,15,0.0,15,0.0,15,0.0,15,0.0,15,0.0,15,,,0.0,15,0.0,15,0.0,15,0.0,15,0.0,15,0.0,15,0.0,15,0.0,15,0.0,15,0.0,15,0.0,15
"Kiowa County, Colorado",0.0,13,,,0.0,13,0.0,13,0.0,13,0.0,13,0.0,13,0.0,13,0.0,13,0.0,13,,,0.0,13,0.0,13,0.0,13,0.0,13,0.0,13,0.0,13,0.0,13,0.0,13,0.0,13,0.0,13,0.0,13
"Kiowa County, Kansas",56.0,11,,,1.0,3,0.0,11,1.0,6,9.0,14,0.0,11,0.0,11,0.0,11,0.0,11,,,0.0,11,0.0,11,1.0,3,0.0,11,0.0,11,0.0,11,0.0,11,0.0,11,0.0,11,0.0,11,0.0,11
"Kiowa County, Oklahoma",161.0,125,,,38.0,50,0.0,15,0.0,15,61.0,29,0.0,15,0.0,15,0.0,15,0.0,15,,,0.0,15,0.0,15,21.0,27,0.0,15,0.0,15,0.0,15,0.0,15,0.0,15,9.0,15,19.0,29,0.0,15
"Kit Carson County, Colorado",95.0,25,,,0.0,19,0.0,19,22.0,23,28.0,28,0.0,19,0.0,19,0.0,19,0.0,19,,,0.0,19,0.0,19,45.0,28,0.0,19,0.0,19,0.0,19,0.0,19,0.0,19,0.0,19,0.0,19,0.0,19
"Kitsap County, Washington",26359.0,880,,,3002.0,507,34.0,47,4842.0,818,1799.0,424,6.0,11,0.0,31,39.0,35,0.0,31,,,7.0,12,206.0,167,12708.0,835,330.0,220,42.0,104,16.0,19,0.0,31,14.0,18,284.0,138,1192.0,593,0.0,31
"Kittitas County, Washington",1757.0,237,,,272.0,131,0.0,28,384.0,147,288.0,168,0.0,28,13.0,19,29.0,51,0.0,28,,,0.0,28,13.0,21,404.0,231,21.0,29,65.0,74,0.0,28,0.0,28,0.0,28,0.0,28,109.0,77,0.0,28
"Kittson County, Minnesota",30.0,28,,,10.0,16,6.0,9,0.0,9,0.0,9,0.0,9,0.0,9,0.0,9,0.0,9,,,0.0,9,3.0,4,4.0,7,4.0,6,0.0,9,0.0,9,0.0,9,0.0,9,0.0,9,3.0,4,0.0,9
"Klamath County, Oregon",1748.0,228,,,460.0,209,0.0,31,218.0,174,88.0,71,0.0,31,0.0,31,40.0,70,0.0,31,,,0.0,31,36.0,54,278.0,155,103.0,117,0.0,31,9.0,14,0.0,31,0.0,31,292.0,198,12.0,34,0.0,31
"Kleberg County, Texas",783.0,109,,,78.0,86,0.0,31,42.0,48,32.0,34,0.0,31,0.0,31,18.0,31,0.0,31,,,0.0,31,3.0,6,136.0,124,0.0,31,0.0,31,0.0,31,0.0,31,0.0,31,29.0,42,52.0,47,0.0,31
"Klickitat County, Washington",373.0,40,,,41.0,44,0.0,25,91.0,60,22.0,34,15.0,24,0.0,25,0.0,25,0.0,25,,,0.0,25,0.0,25,79.0,61,0.0,25,0.0,25,0.0,25,0.0,25,0.0,25,0.0,25,77.0,80,0.0,25
"Knott County, Kentucky",55.0,42,,,8.0,13,0.0,20,0.0,20,1.0,3,0.0,20,0.0,20,0.0,20,0.0,20,,,0.0,20,0.0,20,46.0,41,0.0,20,0.0,20,0.0,20,0.0,20,0.0,20,0.0,20,0.0,20,0.0,20
"Knox County, Illinois",715.0,49,,,141.0,57,0.0,26,54.0,50,13.0,17,0.0,26,0.0,26,0.0,26,0.0,26,,,0.0,26,0.0,26,156.0,90,0.0,26,24.0,31,0.0,26,0.0,26,0.0,26,16.0,20,99.0,84,0.0,26
"Knox County, Indiana",444.0,27,,,245.0,194,0.0,27,2.0,4,0.0,27,3.0,8,0.0,27,4.0,7,0.0,27,,,0.0,27,0.0,27,160.0,178,0.0,27,0.0,27,0.0,27,0.0,27,0.0,27,0.0,27,0.0,27,0.0,27
"Knox County, Kentucky",136.0,143,,,0.0,27,0.0,27,90.0,137,0.0,27,0.0,27,0.0,27,0.0,27,0.0,27,,,0.0,27,30.0,57,16.0,28,0.0,27,0.0,27,0.0,27,0.0,27,0.0,27,0.0,27,0.0,27,0.0,27
"Knox County, Maine",418.0,41,,,86.0,86,0.0,23,46.0,49,20.0,17,0.0,23,0.0,23,51.0,46,0.0,23,,,0.0,23,15.0,24,22.0,30,17.0,23,0.0,23,0.0,23,0.0,23,0.0,23,63.0,55,53.0,59,0.0,23
"Knox County, Missouri",26.0,34,,,0.0,12,1.0,3,0.0,12,0.0,12,0.0,12,0.0,12,0.0,12,0.0,12,,,0.0,12,0.0,12,25.0,34,0.0,12,0.0,12,0.0,12,0.0,12,0.0,12,0.0,12,0.0,12,0.0,12
"Knox County, Nebraska",67.0,5,,,3.0,6,0.0,15,10.0,10,16.0,13,0.0,15,0.0,15,0.0,15,0.0,15,,,0.0,15,0.0,15,33.0,17,0.0,15,3.0,5,0.0,15,0.0,15,0.0,15,0.0,15,0.0,15,0.0,15
"Knox County, Ohio",654.0,85,,,160.0,114,0.0,30,52.0,45,0.0,30,0.0,30,0.0,30,0.0,30,0.0,30,,,0.0,30,0.0,30,310.0,151,0.0,30,0.0,30,0.0,30,0.0,30,0.0,30,61.0,67,0.0,30,0.0,30
"Knox County, Tennessee",15209.0,237,,,2923.0,473,0.0,32,1131.0,259,1535.0,391,7.0,14,0.0,32,306.0,149,0.0,32,,,3.0,5,108.0,106,2093.0,467,114.0,83,148.0,113,135.0,104,26.0,41,0.0,32,318.0,236,1376.0,369,0.0,32
"Knox County, Texas",72.0,67,,,14.0,20,0.0,15,0.0,15,0.0,15,0.0,15,0.0,15,0.0,15,0.0,15,,,0.0,15,0.0,15,0.0,15,0.0,15,0.0,15,0.0,15,0.0,15,0.0,15,0.0,15,12.0,17,0.0,15
"Kodiak Island Borough, Alaska",3301.0,95,,,110.0,147,0.0,16,187.0,204,26.0,40,0.0,16,0.0,16,0.0,16,0.0,16,,,0.0,16,0.0,16,2928.0,253,0.0,16,15.0,27,0.0,16,0.0,16,0.0,16,11.0,18,22.0,33,0.0,16
"Koochiching County, Minnesota",120.0,13,,,0.0,15,29.0,33,0.0,15,23.0,47,0.0,15,0.0,15,0.0,15,0.0,15,,,0.0,15,0.0,15,33.0,31,29.0,48,0.0,15,0.0,15,0.0,15,0.0,15,0.0,15,6.0,12,0.0,15
"Kootenai County, Idaho",3601.0,255,,,499.0,191,0.0,29,377.0,203,219.0,171,0.0,29,0.0,29,18.0,34,0.0,29,,,0.0,29,41.0,56,1420.0,373,27.0,32,0.0,29,3.0,9,0.0,29,25.0,40,339.0,200,305.0,226,0.0,29
"Kosciusko County, Indiana",1490.0,31,,,129.0,114,0.0,30,117.0,92,54.0,46,0.0,30,0.0,30,24.0,39,0.0,30,,,44.0,57,0.0,30,136.0,99,0.0,30,28.0,33,0.0,30,0.0,30,0.0,30,35.0,46,38.0,56,0.0,30
"Kossuth County, Iowa",132.0,23,,,0.0,16,0.0,16,0.0,16,72.0,29,0.0,16,0.0,16,0.0,16,0.0,16,,,0.0,16,0.0,16,44.0,43,0.0,16,0.0,16,0.0,16,0.0,16,0.0,16,0.0,16,0.0,16,0.0,16
"Kusilvak Census Area, Alaska",39.0,33,,,9.0,13,0.0,15,0.0,15,0.0,15,0.0,15,0.0,15,0.0,15,0.0,15,,,0.0,15,0.0,15,15.0,13,0.0,15,0.0,15,0.0,15,0.0,15,0.0,15,0.0,15,9.0,13,0.0,15
"La Crosse County, Wisconsin",6624.0,66,,,487.0,265,3768.0,604,192.0,115,405.0,192,0.0,23,0.0,23,24.0,30,0.0,23,,,0.0,23,0.0,23,729.0,307,22.0,36,218.0,229,0.0,23,0.0,23,0.0,23,53.0,68,71.0,82,0.0,23
"La Paz County, Arizona",200.0,18,,,0.0,22,0.0,22,16.0,22,0.0,22,0.0,22,0.0,22,0.0,22,0.0,22,,,0.0,22,0.0,22,108.0,63,0.0,22,0.0,22,0.0,22,0.0,22,0.0,22,0.0,22,0.0,22,0.0,22
"La Plata County, Colorado",744.0,96,,,126.0,67,0.0,31,169.0,77,56.0,48,7.0,11,0.0,31,0.0,31,0.0,31,,,0.0,31,0.0,31,170.0,104,12.0,18,0.0,31,0.0,31,0.0,31,0.0,31,7.0,12,90.0,65,0.0,31
"La Salle County, Texas",6.0,14,,,0.0,21,0.0,21,0.0,21,0.0,21,0.0,21,0.0,21,0.0,21,0.0,21,,,0.0,21,0.0,21,0.0,21,0.0,21,0.0,21,0.0,21,0.0,21,0.0,21,0.0,21,6.0,14,0.0,21
"LaGrange County, Indiana",75.0,69,,,0.0,27,0.0,27,0.0,27,21.0,27,0.0,27,0.0,27,3.0,6,0.0,27,,,0.0,27,0.0,27,15.0,26,0.0,27,0.0,27,0.0,27,0.0,27,0.0,27,0.0,27,0.0,27,0.0,27
"LaMoure County, North Dakota",23.0,5,,,3.0,4,0.0,10,0.0,10,1.0,4,0.0,10,0.0,10,0.0,10,0.0,10,,,0.0,10,0.0,10,18.0,8,0.0,10,0.0,10,0.0,10,0.0,10,0.0,10,0.0,10,0.0,10,0.0,10
"LaPorte County, Indiana",1159.0,214,,,67.0,67,0.0,30,136.0,90,36.0,35,7.0,15,0.0,30,0.0,30,0.0,30,,,2.0,5,0.0,30,362.0,127,0.0,30,0.0,30,18.0,27,0.0,30,0.0,30,18.0,24,131.0,114,0.0,30
"LaSalle County, Illinois",1512.0,68,,,66.0,59,0.0,29,283.0,202,70.0,52,0.0,29,0.0,29,98.0,106,0.0,29,,,0.0,29,8.0,13,397.0,181,0.0,29,0.0,29,0.0,29,0.0,29,0.0,29,25.0,26,116.0,124,0.0,29
"LaSalle Parish, Louisiana",183.0,138,,,14.0,30,0.0,22,0.0,22,0.0,22,0.0,22,0.0,22,0.0,22,0.0,22,,,0.0,22,53.0,98,106.0,128,0.0,22,0.0,22,0.0,22,0.0,22,0.0,22,0.0,22,0.0,22,0.0,22
"Labette County, Kansas",179.0,126,,,0.0,18,2.0,6,96.0,83,70.0,75,0.0,18,0.0,18,0.0,18,0.0,18,,,0.0,18,0.0,18,0.0,18,0.0,18,0.0,18,0.0,18,0.0,18,0.0,18,0.0,18,0.0,18,0.0,18
"Lac qui Parle County, Minnesota",82.0,10,,,2.0,3,0.0,13,14.0,12,19.0,16,0.0,13,0.0,13,0.0,13,0.0,13,,,0.0,13,0.0,13,25.0,15,0.0,13,0.0,13,0.0,13,0.0,13,0.0,13,12.0,12,0.0,13,0.0,13
"Lackawanna County, Pennsylvania",7995.0,194,,,855.0,308,0.0,27,95.0,71,569.0,238,12.0,13,0.0,27,14.0,14,0.0,27,,,0.0,27,48.0,40,961.0,285,64.0,64,255.0,226,35.0,39,0.0,27,0.0,27,178.0,163,204.0,141,0.0,27
"Laclede County, Missouri",391.0,25,,,80.0,71,0.0,25,27.0,36,68.0,82,0.0,25,0.0,25,0.0,25,0.0,25,,,0.0,25,0.0,25,173.0,89,4.0,6,0.0,25,0.0,25,0.0,25,0.0,25,19.0,28,0.0,25,0.0,25
"Lafayette County, Arkansas",98.0,102,,,0.0,18,0.0,18,0.0,18,0.0,18,10.0,16,0.0,18,0.0,18,0.0,18,,,0.0,18,59.0,89,0.0,18,0.0,18,0.0,18,0.0,18,0.0,18,0.0,18,0.0,18,0.0,18,0.0,18
"Lafayette County, Florida",5.0,17,,,0.0,21,0.0,21,0.0,21,0.0,21,0.0,21,0.0,21,0.0,21,0.0,21,,,0.0,21,0.0,21,5.0,17,0.0,21,0.0,21,0.0,21,0.0,21,0.0,21,0.0,21,0.0,21,0.0,21
"Lafayette County, Mississippi",1600.0,59,,,368.0,183,0.0,33,103.0,109,39.0,49,0.0,33,0.0,33,0.0,33,0.0,33,,,0.0,33,0.0,33,121.0,87,0.0,33,0.0,33,0.0,33,0.0,33,3.0,6,48.0,56,218.0,209,0.0,33
"Lafayette County, Missouri",327.0,57,,,194.0,113,0.0,25,0.0,25,11.0,16,0.0,25,0.0,25,0.0,25,0.0,25,,,0.0,25,0.0,25,80.0,103,0.0,25,0.0,25,0.0,25,0.0,25,0.0,25,25.0,46,5.0,9,0.0,25
"Lafayette County, Wisconsin",135.0,27,,,45.0,42,9.0,11,5.0,7,22.0,20,0.0,16,0.0,16,0.0,16,0.0,16,,,0.0,16,0.0,16,5.0,9,5.0,6,0.0,16,0.0,16,0.0,16,0.0,16,5.0,12,0.0,16,0.0,16
"Lafayette Parish, Louisiana",6192.0,364,,,743.0,329,0.0,33,153.0,110,434.0,306,0.0,33,2.0,4,41.0,45,0.0,33,,,19.0,43,53.0,63,358.0,206,68.0,66,294.0,182,16.0,24,0.0,33,0.0,33,45.0,72,1998.0,390,0.0,33
"Lafourche Parish, Louisiana",1128.0,94,,,58.0,48,0.0,33,71.0,69,76.0,89,0.0,33,0.0,33,0.0,33,0.0,33,,,0.0,33,0.0,33,334.0,185,0.0,33,49.0,74,7.0,14,0.0,33,12.0,26,0.0,33,281.0,191,0.0,33
"Lajas Municipio, Puerto Rico",0.0,28,,,0.0,28,0.0,28,0.0,28,0.0,28,0.0,28,0.0,28,0.0,28,0.0,28,,,0.0,28,0.0,28,0.0,28,0.0,28,0.0,28,0.0,28,0.0,28,0.0,28,0.0,28,0.0,28,0.0,28
"Lake County, California",2029.0,298,,,549.0,251,0.0,32,436.0,212,40.0,67,29.0,64,0.0,32,0.0,32,0.0,32,,,0.0,32,52.0,83,598.0,205,0.0,32,53.0,62,0.0,32,0.0,32,0.0,32,79.0,119,38.0,49,0.0,32
"Lake County, Colorado",78.0,33,,,25.0,32,0.0,19,9.0,15,21.0,26,0.0,19,13.0,20,0.0,19,0.0,19,,,0.0,19,0.0,19,7.0,12,0.0,19,0.0,19,0.0,19,0.0,19,0.0,19,0.0,19,0.0,19,0.0,19
"Lake County, Florida",12204.0,688,,,1837.0,590,0.0,35,896.0,415,687.0,318,0.0,35,0.0,35,0.0,35,0.0,35,,,19.0,29,37.0,49,1771.0,539,109.0,134,0.0,35,26.0,49,0.0,35,0.0,35,233.0,176,2124.0,720,0.0,35
"Lake County, Illinois",71105.0,843,,,11249.0,1082,104.0,102,2678.0,605,6943.0,1146,453.0,321,10.0,15,610.0,216,0.0,29,,,64.0,88,725.0,325,14692.0,1219,173.0,135,114.0,96,249.0,215,0.0,29,21.0,26,475.0,207,1665.0,462,0.0,29
"Lake County, Indiana",10845.0,530,,,1580.0,404,0.0,30,532.0,265,844.0,243,21.0,34,0.0,30,80.0,82,0.0,30,,,236.0,238,22.0,39,2615.0,563,35.0,37,0.0,30,0.0,30,0.0,30,0.0,30,261.0,170,1102.0,479,0.0,30
"Lake County, Michigan",91.0,3,,,0.0,17,0.0,17,44.0,25,13.0,18,0.0,17,0.0,17,0.0,17,0.0,17,,,0.0,17,0.0,17,4.0,7,0.0,17,0.0,17,0.0,17,0.0,17,0.0,17,0.0,17,23.0,26,0.0,17
"Lake County, Minnesota",76.0,51,,,0.0,15,35.0,46,2.0,4,0.0,15,0.0,15,0.0,15,0.0,15,0.0,15,,,0.0,15,0.0,15,17.0,23,0.0,15,0.0,15,0.0,15,0.0,15,0.0,15,0.0,15,13.0,23,0.0,15
"Lake County, Montana",465.0,98,,,30.0,28,0.0,23,53.0,52,18.0,28,5.0,8,0.0,23,0.0,23,0.0,23,,,0.0,23,3.0,8,229.0,142,0.0,23,0.0,23,0.0,23,0.0,23,0.0,23,4.0,5,79.0,83,0.0,23
"Lake County, Ohio",4590.0,108,,,913.0,321,47.0,70,200.0,116,357.0,225,27.0,43,0.0,30,13.0,14,0.0,30,,,0.0,30,22.0,30,676.0,239,0.0,30,0.0,30,0.0,30,0.0,30,0.0,30,38.0,48,506.0,300,0.0,30
"Lake County, Oregon",99.0,89,,,3.0,7,0.0,19,0.0,19,0.0,19,0.0,19,0.0,19,0.0,19,0.0,19,,,0.0,19,0.0,19,0.0,19,0.0,19,0.0,19,0.0,19,0.0,19,0.0,19,0.0,19,72.0,96,0.0,19
"Lake County, South Dakota",65.0,32,,,33.0,7,0.0,16,2.0,3,0.0,16,0.0,16,0.0,16,0.0,16,0.0,16,,,0.0,16,0.0,16,20.0,27,0.0,16,0.0,16,0.0,16,0.0,16,0.0,16,4.0,9,0.0,16,0.0,16
"Lake County, Tennessee",25.0,29,,,16.0,25,0.0,19,0.0,19,1.0,3,0.0,19,0.0,19,0.0,19,0.0,19,,,0.0,19,0.0,19,0.0,19,0.0,19,0.0,19,0.0,19,0.0,19,0.0,19,0.0,19,3.0,5,0.0,19
"Lake and Peninsula Borough, Alaska",24.0,61,,,0.0,10,0.0,10,0.0,10,0.0,10,0.0,10,0.0,10,0.0,10,0.0,10,,,0.0,10,0.0,10,24.0,61,0.0,10,0.0,10,0.0,10,0.0,10,0.0,10,0.0,10,0.0,10,0.0,10
"Lake of the Woods County, Minnesota",40.0,44,,,0.0,9,0.0,9,0.0,9,0.0,9,0.0,9,0.0,9,40.0,44,0.0,9,,,0.0,9,0.0,9,0.0,9,0.0,9,0.0,9,0.0,9,0.0,9,0.0,9,0.0,9,0.0,9,0.0,9
"Lamar County, Alabama",22.0,26,,,0.0,21,0.0,21,0.0,21,0.0,21,0.0,21,0.0,21,0.0,21,0.0,21,,,0.0,21,0.0,21,13.0,20,0.0,21,0.0,21,0.0,21,0.0,21,0.0,21,3.0,9,0.0,21,0.0,21
"Lamar County, Georgia",331.0,222,,,31.0,40,0.0,23,0.0,23,19.0,32,0.0,23,0.0,23,0.0,23,0.0,23,,,0.0,23,0.0,23,0.0,23,0.0,23,0.0,23,0.0,23,0.0,23,0.0,23,119.0,149,11.0,26,0.0,23
"Lamar County, Mississippi",1182.0,140,,,158.0,145,0.0,33,159.0,125,268.0,176,0.0,33,0.0,33,0.0,33,0.0,33,,,0.0,33,0.0,33,287.0,127,0.0,33,0.0,33,0.0,33,0.0,33,0.0,33,0.0,33,74.0,60,0.0,33
"Lamar County, Texas",669.0,81,,,163.0,119,37.0,66,7.0,13,0.0,35,0.0,35,0.0,35,0.0,35,0.0,35,,,0.0,35,0.0,35,135.0,133,0.0,35,0.0,35,0.0,35,0.0,35,0.0,35,182.0,177,96.0,82,0.0,35
"Lamb County, Texas",127.0,93,,,0.0,23,0.0,23,0.0,23,0.0,23,0.0,23,0.0,23,0.0,23,0.0,23,,,0.0,23,0.0,23,6.0,10,0.0,23,0.0,23,0.0,23,0.0,23,0.0,23,0.0,23,12.0,18,0.0,23
"Lamoille County, Vermont",241.0,59,,,43.0,66,0.0,19,27.0,38,24.0,42,0.0,19,0.0,19,0.0,19,0.0,19,,,0.0,19,0.0,19,12.0,21,0.0,19,0.0,19,0.0,19,0.0,19,0.0,19,0.0,19,3.0,6,0.0,19
"Lampasas County, Texas",510.0,67,,,34.0,50,0.0,28,0.0,28,244.0,120,0.0,28,0.0,28,0.0,28,0.0,28,,,0.0,28,51.0,78,82.0,87,0.0,28,0.0,28,0.0,28,0.0,28,0.0,28,34.0,60,22.0,37,0.0,28
"Lancaster County, Nebraska",18419.0,428,,,2394.0,416,74.0,84,688.0,214,698.0,240,140.0,207,0.0,24,61.0,50,0.0,24,,,1332.0,564,392.0,362,1404.0,409,142.0,130,60.0,56,343.0,194,0.0,24,0.0,24,619.0,274,5674.0,851,0.0,24
"Lancaster County, Pennsylvania",17573.0,582,,,2847.0,490,605.0,357,783.0,305,1258.0,340,13.0,21,0.0,27,129.0,110,0.0,27,,,490.0,324,660.0,451,2234.0,582,23.0,32,374.0,317,26.0,37,0.0,27,0.0,27,247.0,146,3158.0,728,0.0,27
"Lancaster County, South Carolina",2844.0,148,,,441.0,260,0.0,33,50.0,60,237.0,173,0.0,33,0.0,33,51.0,74,0.0,33,,,0.0,33,0.0,33,198.0,157,0.0,33,0.0,33,0.0,33,0.0,33,0.0,33,49.0,74,148.0,163,0.0,33
"Lancaster County, Virginia",128.0,40,,,57.0,42,0.0,21,0.0,21,3.0,6,0.0,21,0.0,21,0.0,21,0.0,21,,,0.0,21,0.0,21,0.0,21,0.0,21,0.0,21,0.0,21,0.0,21,0.0,21,4.0,9,60.0,59,0.0,21
"Lander County, Nevada",257.0,231,,,0.0,20,0.0,20,0.0,20,0.0,20,0.0,20,0.0,20,0.0,20,0.0,20,,,0.0,20,0.0,20,65.0,97,0.0,20,0.0,20,0.0,20,0.0,20,0.0,20,192.0,209,0.0,20,0.0,20
"Lane County, Kansas",17.0,13,,,7.0,8,0.0,11,0.0,11,0.0,11,0.0,11,0.0,11,0.0,11,0.0,11,,,0.0,11,0.0,11,0.0,11,0.0,11,0.0,11,0.0,11,0.0,11,0.0,11,0.0,11,0.0,11,0.0,11
"Lane County, Oregon",19835.0,544,,,4871.0,656,43.0,53,3834.0,611,1700.0,402,0.0,31,0.0,31,103.0,95,0.0,31,,,165.0,177,186.0,135,4240.0,623,179.0,131,140.0,120,40.0,44,16.0,25,25.0,38,398.0,159,1058.0,353,9.0,16
"Langlade County, Wisconsin",149.0,16,,,8.0,10,4.0,8,29.0,35,0.0,16,0.0,16,0.0,16,0.0,16,0.0,16,,,0.0,16,0.0,16,96.0,42,0.0,16,0.0,16,0.0,16,0.0,16,0.0,16,0.0,16,4.0,7,0.0,16
"Lanier County, Georgia",138.0,74,,,0.0,23,0.0,23,24.0,42,65.0,60,0.0,23,0.0,23,0.0,23,0.0,23,,,0.0,23,0.0,23,19.0,33,0.0,23,0.0,23,0.0,23,0.0,23,0.0,23,0.0,23,0.0,23,0.0,23
"Lapeer County, Michigan",1073.0,99,,,91.0,46,0.0,26,112.0,72,110.0,96,0.0,26,0.0,26,0.0,26,0.0,26,,,0.0,26,0.0,26,309.0,120,92.0,81,0.0,26,0.0,26,0.0,26,0.0,26,84.0,76,160.0,130,0.0,26
"Laramie County, Wyoming",2547.0,385,,,415.0,222,0.0,30,410.0,199,400.0,169,0.0,30,0.0,30,30.0,46,0.0,30,,,10.0,16,18.0,31,769.0,217,21.0,20,0.0,30,0.0,30,0.0,30,0.0,30,44.0,68,28.0,33,0.0,30
"Lares Municipio, Puerto Rico",43.0,67,,,0.0,28,0.0,28,0.0,28,0.0,28,0.0,28,0.0,28,0.0,28,0.0,28,,,0.0,28,0.0,28,0.0,28,0.0,28,0.0,28,0.0,28,0.0,28,0.0,28,0.0,28,0.0,28,0.0,28
"Larimer County, Colorado",13297.0,599,,,2846.0,524,11.0,18,1404.0,332,1694.0,452,0.0,31,0.0,31,128.0,110,0.0,31,,,7.0,14,91.0,102,1473.0,416,192.0,124,37.0,58,35.0,44,0.0,31,0.0,31,470.0,206,1004.0,385,0.0,31
"Larue County, Kentucky",29.0,42,,,0.0,20,0.0,20,23.0,41,0.0,20,0.0,20,0.0,20,0.0,20,0.0,20,,,0.0,20,3.0,9,3.0,6,0.0,20,0.0,20,0.0,20,0.0,20,0.0,20,0.0,20,0.0,20,0.0,20
"Las Animas County, Colorado",448.0,134,,,42.0,47,0.0,21,0.0,21,121.0,105,0.0,21,0.0,21,0.0,21,0.0,21,,,0.0,21,0.0,21,75.0,48,35.0,47,0.0,21,22.0,31,0.0,21,0.0,21,96.0,105,0.0,21,0.0,21
"Las Marías Municipio, Puerto Rico",0.0,21,,,0.0,21,0.0,21,0.0,21,0.0,21,0.0,21,0.0,21,0.0,21,0.0,21,,,0.0,21,0.0,21,0.0,21,0.0,21,0.0,21,0.0,21,0.0,21,0.0,21,0.0,21,0.0,21,0.0,21
"Las Piedras Municipio, Puerto Rico",29.0,44,,,0.0,32,0.0,32,0.0,32,0.0,32,0.0,32,0.0,32,0.0,32,0.0,32,,,0.0,32,0.0,32,0.0,32,0.0,32,0.0,32,0.0,32,0.0,32,0.0,32,0.0,32,28.0,43,0.0,32
"Lassen County, California",873.0,167,,,179.0,115,16.0,30,110.0,84,56.0,74,0.0,29,6.0,9,0.0,29,0.0,29,,,0.0,29,60.0,80,263.0,108,38.0,60,0.0,29,0.0,29,38.0,60,0.0,29,0.0,29,50.0,37,0.0,29
"Latah County, Idaho",1568.0,110,,,253.0,129,0.0,26,196.0,115,308.0,147,0.0,26,0.0,26,50.0,61,0.0,26,,,0.0,26,0.0,26,287.0,109,0.0,26,0.0,26,15.0,29,0.0,26,0.0,26,117.0,108,162.0,139,0.0,26
"Latimer County, Oklahoma",138.0,29,,,0.0,15,0.0,15,2.0,4,0.0,15,0.0,15,0.0,15,0.0,15,0.0,15,,,0.0,15,0.0,15,9.0,11,0.0,15,0.0,15,0.0,15,0.0,15,0.0,15,13.0,20,72.0,42,0.0,15
"Lauderdale County, Alabama",1215.0,106,,,185.0,105,0.0,31,174.0,107,81.0,90,0.0,31,0.0,31,0.0,31,0.0,31,,,0.0,31,23.0,35,246.0,150,0.0,31,0.0,31,0.0,31,0.0,31,0.0,31,0.0,31,81.0,83,0.0,31
"Lauderdale County, Mississippi",836.0,227,,,90.0,72,0.0,33,34.0,36,11.0,18,0.0,33,0.0,33,0.0,33,0.0,33,,,0.0,33,51.0,76,134.0,86,0.0,33,32.0,51,0.0,33,0.0,33,0.0,33,89.0,89,60.0,51,0.0,33
"Lauderdale County, Tennessee",237.0,67,,,39.0,46,0.0,25,39.0,56,9.0,13,0.0,25,0.0,25,0.0,25,0.0,25,,,0.0,25,0.0,25,18.0,22,0.0,25,123.0,67,0.0,25,0.0,25,0.0,25,0.0,25,9.0,13,0.0,25
"Laurel County, Kentucky",503.0,41,,,248.0,136,0.0,30,38.0,44,0.0,30,0.0,30,0.0,30,0.0,30,0.0,30,,,0.0,30,0.0,30,37.0,71,0.0,30,0.0,30,0.0,30,0.0,30,0.0,30,30.0,46,31.0,52,0.0,30
"Laurens County, Georgia",622.0,31,,,57.0,60,0.0,30,0.0,30,0.0,30,0.0,30,0.0,30,8.0,14,0.0,30,,,0.0,30,0.0,30,217.0,190,0.0,30,0.0,30,0.0,30,0.0,30,0.0,30,0.0,30,0.0,30,0.0,30
"Laurens County, South Carolina",556.0,58,,,69.0,53,46.0,72,0.0,33,91.0,100,0.0,33,0.0,33,0.0,33,0.0,33,,,0.0,33,5.0,10,97.0,83,0.0,33,23.0,33,0.0,33,0.0,33,0.0,33,50.0,50,48.0,58,0.0,33
"Lavaca County, Texas",166.0,35,,,23.0,29,0.0,28,19.0,25,3.0,5,0.0,28,0.0,28,0.0,28,0.0,28,,,0.0,28,24.0,36,75.0,50,0.0,28,0.0,28,0.0,28,0.0,28,0.0,28,0.0,28,3.0,5,0.0,28
"Lawrence County, Alabama",236.0,76,,,0.0,28,0.0,28,32.0,31,73.0,73,0.0,28,0.0,28,0.0,28,0.0,28,,,0.0,28,0.0,28,44.0,65,0.0,28,0.0,28,0.0,28,0.0,28,0.0,28,0.0,28,67.0,73,0.0,28
"Lawrence County, Arkansas",35.0,39,,,0.0,20,0.0,20,0.0,20,0.0,20,0.0,20,0.0,20,0.0,20,0.0,20,,,0.0,20,0.0,20,34.0,39,1.0,3,0.0,20,0.0,20,0.0,20,0.0,20,0.0,20,0.0,20,0.0,20
"Lawrence County, Illinois",74.0,86,,,43.0,78,0.0,19,0.0,19,0.0,19,0.0,19,0.0,19,0.0,19,0.0,19,,,0.0,19,0.0,19,17.0,30,0.0,19,0.0,19,0.0,19,0.0,19,0.0,19,0.0,19,14.0,20,0.0,19
"Lawrence County, Indiana",396.0,27,,,3.0,6,0.0,27,6.0,11,65.0,67,0.0,27,14.0,23,6.0,10,0.0,27,,,0.0,27,0.0,27,28.0,42,0.0,27,0.0,27,0.0,27,0.0,27,0.0,27,0.0,27,77.0,75,14.0,29
"Lawrence County, Kentucky",257.0,135,,,30.0,25,0.0,20,0.0,20,0.0,20,0.0,20,0.0,20,0.0,20,0.0,20,,,0.0,20,0.0,20,0.0,20,0.0,20,0.0,20,0.0,20,0.0,20,160.0,128,0.0,20,0.0,20,0.0,20
"Lawrence County, Mississippi",72.0,7,,,0.0,22,0.0,22,3.0,6,0.0,22,0.0,22,0.0,22,0.0,22,0.0,22,,,0.0,22,0.0,22,41.0,38,0.0,22,0.0,22,0.0,22,0.0,22,0.0,22,0.0,22,19.0,35,0.0,22
"Lawrence County, Missouri",325.0,25,,,0.0,25,0.0,25,0.0,25,23.0,35,0.0,25,0.0,25,16.0,29,0.0,25,,,38.0,58,0.0,25,178.0,125,16.0,34,0.0,25,0.0,25,0.0,25,0.0,25,0.0,25,5.0,9,0.0,25
"Lawrence County, Ohio",446.0,122,,,59.0,72,28.0,46,0.0,30,89.0,115,0.0,30,0.0,30,0.0,30,0.0,30,,,0.0,30,0.0,30,49.0,64,0.0,30,0.0,30,0.0,30,0.0,30,0.0,30,165.0,157,16.0,30,0.0,30
"Lawrence County, Pennsylvania",776.0,114,,,168.0,101,0.0,27,30.0,26,114.0,73,0.0,27,17.0,24,0.0,27,0.0,27,,,0.0,27,0.0,27,273.0,138,0.0,27,0.0,27,0.0,27,0.0,27,0.0,27,12.0,19,79.0,66,0.0,27
"Lawrence County, South Dakota",478.0,48,,,90.0,99,0.0,19,9.0,45,40.0,71,0.0,19,0.0,19,0.0,19,0.0,19,,,0.0,19,0.0,19,256.0,128,0.0,19,0.0,19,0.0,19,0.0,19,0.0,19,81.0,107,0.0,19,0.0,19
"Lawrence County, Tennessee",294.0,12,,,60.0,82,0.0,29,17.0,27,76.0,77,0.0,29,0.0,29,0.0,29,0.0,29,,,0.0,29,0.0,29,24.0,33,0.0,29,0.0,29,0.0,29,0.0,29,0.0,29,0.0,29,16.0,27,0.0,29
"Le Flore County, Oklahoma",656.0,61,,,20.0,20,74.0,59,75.0,54,89.0,95,0.0,22,0.0,22,0.0,22,0.0,22,,,0.0,22,0.0,22,137.0,70,0.0,22,107.0,54,0.0,22,0.0,22,0.0,22,10.0,14,89.0,59,0.0,22
"Le Sueur County, Minnesota",346.0,30,,,11.0,11,36.0,40,69.0,47,43.0,41,0.0,17,0.0,17,6.0,8,0.0,17,,,0.0,17,0.0,17,27.0,24,0.0,17,13.0,18,0.0,17,0.0,17,0.0,17,11.0,17,6.0,8,0.0,17
"Lea County, New Mexico",738.0,255,,,5.0,6,0.0,31,5.0,11,0.0,31,0.0,31,0.0,31,0.0,31,0.0,31,,,0.0,31,0.0,31,417.0,267,4.0,8,0.0,31,0.0,31,0.0,31,0.0,31,8.0,18,7.0,9,0.0,31
"Leake County, Mississippi",125.0,140,,,0.0,26,0.0,26,0.0,26,0.0,26,0.0,26,0.0,26,0.0,26,0.0,26,,,0.0,26,0.0,26,0.0,26,16.0,28,0.0,26,0.0,26,0.0,26,0.0,26,0.0,26,0.0,26,0.0,26
"Leavenworth County, Kansas",2058.0,89,,,256.0,114,0.0,27,488.0,173,667.0,167,0.0,27,0.0,27,11.0,12,0.0,27,,,0.0,27,0.0,27,306.0,146,0.0,27,52.0,70,0.0,27,0.0,27,0.0,27,66.0,77,104.0,84,0.0,27
"Lebanon County, Pennsylvania",3187.0,162,,,703.0,218,5.0,9,60.0,56,236.0,130,0.0,27,0.0,27,0.0,27,0.0,27,,,18.0,25,200.0,140,380.0,231,33.0,49,0.0,27,0.0,27,0.0,27,0.0,27,49.0,43,330.0,189,0.0,27
"Lee County, Alabama",8759.0,274,,,2039.0,497,0.0,31,357.0,174,3559.0,469,0.0,31,0.0,31,29.0,41,0.0,31,,,0.0,31,0.0,31,466.0,255,37.0,60,76.0,102,6.0,12,0.0,31,0.0,31,107.0,73,423.0,225,0.0,31
"Lee County, Arkansas",26.0,26,,,7.0,11,0.0,18,0.0,18,0.0,18,0.0,18,0.0,18,0.0,18,0.0,18,,,0.0,18,0.0,18,0.0,18,0.0,18,0.0,18,0.0,18,0.0,18,0.0,18,0.0,18,17.0,19,0.0,18
"Lee County, Florida",18887.0,644,,,4255.0,742,0.0,35,828.0,265,561.0,176,20.0,31,0.0,35,111.0,110,0.0,35,,,188.0,128,185.0,172,4405.0,809,138.0,179,643.0,385,36.0,35,0.0,35,29.0,49,308.0,143,2465.0,612,0.0,35
"Lee County, Georgia",1043.0,135,,,16.0,42,0.0,30,0.0,30,365.0,338,0.0,30,0.0,30,0.0,30,0.0,30,,,0.0,30,0.0,30,226.0,216,0.0,30,0.0,30,0.0,30,0.0,30,0.0,30,84.0,138,149.0,221,0.0,30
"Lee County, Illinois",425.0,49,,,71.0,53,0.0,26,15.0,23,19.0,19,5.0,9,0.0,26,0.0,26,0.0,26,,,0.0,26,0.0,26,202.0,75,0.0,26,0.0,26,0.0,26,0.0,26,0.0,26,0.0,26,2.0,4,0.0,26
"Lee County, Iowa",346.0,28,,,94.0,55,0.0,22,25.0,32,23.0,24,0.0,22,0.0,22,0.0,22,0.0,22,,,0.0,22,0.0,22,98.0,89,0.0,22,0.0,22,0.0,22,0.0,22,0.0,22,0.0,22,12.0,19,18.0,28
"Lee County, Kentucky",7.0,12,,,0.0,18,0.0,18,0.0,18,0.0,18,0.0,18,0.0,18,0.0,18,0.0,18,,,0.0,18,0.0,18,0.0,18,0.0,18,0.0,18,0.0,18,0.0,18,0.0,18,0.0,18,0.0,18,0.0,18
"Lee County, Mississippi",1092.0,65,,,29.0,39,0.0,33,25.0,48,115.0,148,7.0,17,0.0,33,0.0,33,0.0,33,,,0.0,33,0.0,33,17.0,26,5.0,9,23.0,41,0.0,33,0.0,33,0.0,33,134.0,54,402.0,239,0.0,33
"Lee County, North Carolina",1304.0,186,,,139.0,115,0.0,32,45.0,53,190.0,139,0.0,32,0.0,32,7.0,13,0.0,32,,,0.0,32,0.0,32,330.0,229,43.0,80,0.0,32,0.0,32,0.0,32,0.0,32,0.0,32,244.0,219,0.0,32
"Lee County, South Carolina",47.0,44,,,0.0,22,12.0,22,0.0,22,0.0,22,0.0,22,0.0,22,0.0,22,0.0,22,,,0.0,22,0.0,22,12.0,19,0.0,22,0.0,22,0.0,22,0.0,22,0.0,22,0.0,22,0.0,22,0.0,22
"Lee County, Texas",24.0,22,,,0.0,23,0.0,23,12.0,19,0.0,23,0.0,23,0.0,23,0.0,23,0.0,23,,,0.0,23,0.0,23,0.0,23,0.0,23,0.0,23,0.0,23,0.0,23,0.0,23,5.0,10,0.0,23,0.0,23
"Lee County, Virginia",114.0,16,,,0.0,25,0.0,25,0.0,25,13.0,23,0.0,25,0.0,25,0.0,25,0.0,25,,,0.0,25,0.0,25,20.0,23,0.0,25,0.0,25,0.0,25,0.0,25,0.0,25,0.0,25,27.0,39,0.0,25
"Leelanau County, Michigan",231.0,31,,,49.0,35,0.0,20,37.0,44,0.0,20,0.0,20,0.0,20,0.0,20,0.0,20,,,0.0,20,0.0,20,45.0,27,0.0,20,0.0,20,0.0,20,0.0,20,0.0,20,4.0,6,3.0,8,0.0,20
"Leflore County, Mississippi",143.0,141,,,46.0,72,0.0,26,1.0,5,0.0,26,0.0,26,0.0,26,0.0,26,0.0,26,,,0.0,26,0.0,26,74.0,130,0.0,26,0.0,26,0.0,26,0.0,26,0.0,26,0.0,26,0.0,26,0.0,26
"Lehigh County, Pennsylvania",16266.0,358,,,3069.0,675,0.0,27,805.0,364,950.0,267,0.0,27,0.0,27,22.0,25,0.0,27,,,335.0,365,221.0,189,997.0,262,0.0,27,29.0,39,98.0,77,0.0,27,0.0,27,186.0,149,987.0,368,0.0,27
"Lemhi County, Idaho",43.0,36,,,6.0,10,0.0,17,11.0,22,0.0,17,0.0,17,0.0,17,0.0,17,0.0,17,,,0.0,17,0.0,17,15.0,25,2.0,5,0.0,17,0.0,17,0.0,17,0.0,17,9.0,15,0.0,17,0.0,17
"Lenawee County, Michigan",854.0,78,,,182.0,74,0.0,26,63.0,43,113.0,58,4.0,6,0.0,26,0.0,26,0.0,26,,,0.0,26,0.0,26,327.0,110,25.0,41,0.0,26,0.0,26,0.0,26,0.0,26,2.0,3,35.0,37,0.0,26
"Lenoir County, North Carolina",595.0,103,,,167.0,124,0.0,32,49.0,65,69.0,65,0.0,32,0.0,32,0.0,32,0.0,32,,,0.0,32,21.0,39,41.0,53,0.0,32,0.0,32,0.0,32,0.0,32,0.0,32,0.0,32,126.0,115,0.0,32
"Leon County, Florida",13994.0,363,,,3004.0,521,0.0,35,816.0,270,892.0,361,0.0,35,0.0,35,121.0,105,0.0,35,,,56.0,74,54.0,49,2291.0,422,8.0,14,13.0,27,23.0,36,0.0,35,0.0,35,365.0,170,1069.0,458,0.0,35
"Leon County, Texas",57.0,38,,,3.0,5,0.0,23,16.0,23,9.0,16,0.0,23,0.0,23,0.0,23,0.0,23,,,0.0,23,0.0,23,4.0,9,6.0,11,0.0,23,0.0,23,0.0,23,0.0,23,0.0,23,0.0,23,0.0,23
"Leslie County, Kentucky",35.0,66,,,0.0,20,0.0,20,0.0,20,0.0,20,0.0,20,0.0,20,0.0,20,0.0,20,,,0.0,20,0.0,20,33.0,66,0.0,20,0.0,20,0.0,20,0.0,20,0.0,20,0.0,20,0.0,20,0.0,20
"Letcher County, Kentucky",89.0,24,,,20.0,24,0.0,24,0.0,24,6.0,9,0.0,24,15.0,23,0.0,24,0.0,24,,,0.0,24,0.0,24,2.0,4,25.0,34,0.0,24,0.0,24,0.0,24,0.0,24,0.0,24,5.0,8,0.0,24
"Levy County, Florida",522.0,48,,,137.0,102,0.0,31,75.0,74,6.0,12,0.0,31,0.0,31,0.0,31,0.0,31,,,0.0,31,9.0,28,102.0,84,0.0,31,0.0,31,0.0,31,0.0,31,0.0,31,0.0,31,0.0,31,0.0,31
"Lewis County, Idaho",85.0,6,,,36.0,20,0.0,12,6.0,8,6.0,8,0.0,12,0.0,12,0.0,12,0.0,12,,,0.0,12,0.0,12,25.0,18,0.0,12,0.0,12,0.0,12,0.0,12,0.0,12,0.0,12,12.0,19,0.0,12
"Lewis County, Kentucky",131.0,119,,,8.0,14,0.0,20,0.0,20,0.0,20,0.0,20,0.0,20,0.0,20,0.0,20,,,0.0,20,0.0,20,38.0,57,0.0,20,0.0,20,0.0,20,0.0,20,0.0,20,0.0,20,0.0,20,0.0,20
"Lewis County, Missouri",91.0,52,,,4.0,7,0.0,17,14.0,28,21.0,18,0.0,17,0.0,17,0.0,17,0.0,17,,,0.0,17,0.0,17,0.0,17,0.0,17,0.0,17,0.0,17,0.0,17,0.0,17,0.0,17,0.0,17,0.0,17
"Lewis County, New York",175.0,11,,,9.0,10,0.0,25,1.0,2,22.0,18,0.0,25,2.0,3,0.0,25,0.0,25,,,0.0,25,0.0,25,56.0,53,0.0,25,3.0,4,0.0,25,0.0,25,0.0,25,0.0,25,12.0,17,0.0,25
"Lewis County, Tennessee",124.0,140,,,32.0,56,0.0,21,0.0,21,0.0,21,0.0,21,0.0,21,0.0,21,0.0,21,,,0.0,21,0.0,21,0.0,21,0.0,21,0.0,21,0.0,21,0.0,21,0.0,21,18.0,35,0.0,21,0.0,21
"Lewis County, Washington",1962.0,233,,,186.0,106,0.0,31,194.0,142,381.0,157,7.0,10,0.0,31,0.0,31,0.0,31,,,0.0,31,13.0,22,699.0,274,2.0,4,0.0,31,0.0,31,0.0,31,0.0,31,6.0,8,274.0,163,0.0,31
"Lewis County, West Virginia",129.0,107,,,0.0,20,0.0,20,0.0,20,93.0,91,0.0,20,0.0,20,0.0,20,0.0,20,,,0.0,20,0.0,20,36.0,46,0.0,20,0.0,20,0.0,20,0.0,20,0.0,20,0.0,20,0.0,20,0.0,20
"Lewis and Clark County, Montana",1056.0,88,,,77.0,84,0.0,26,195.0,119,210.0,105,0.0,26,0.0,26,23.0,36,0.0,26,,,5.0,8,1.0,3,202.0,95,49.0,64,0.0,26,0.0,26,0.0,26,0.0,26,157.0,99,18.0,27,0.0,26
"Lexington County, South Carolina",8535.0,241,,,1147.0,418,94.0,121,372.0,139,602.0,204,0.0,33,0.0,33,72.0,65,0.0,33,,,66.0,139,42.0,54,1147.0,352,10.0,16,213.0,178,0.0,33,0.0,33,73.0,109,345.0,176,492.0,238,13.0,20
"Lexington city, Virginia",444.0,157,,,250.0,158,0.0,19,61.0,82,45.0,58,0.0,19,0.0,19,18.0,42,0.0,19,,,0.0,19,0.0,19,64.0,52,0.0,19,0.0,19,0.0,19,0.0,19,0.0,19,0.0,19,0.0,19,0.0,19
"Liberty County, Florida",80.0,17,,,0.0,21,0.0,21,4.0,9,0.0,21,0.0,21,0.0,21,0.0,21,0.0,21,,,0.0,21,0.0,21,0.0,21,0.0,21,0.0,21,0.0,21,0.0,21,0.0,21,0.0,21,70.0,27,0.0,21
"Liberty County, Georgia",2355.0,323,,,77.0,52,0.0,34,369.0,198,685.0,343,0.0,34,0.0,34,0.0,34,0.0,34,,,0.0,34,14.0,20,443.0,191,4.0,7,16.0,25,0.0,34,0.0,34,0.0,34,5.0,8,198.0,140,0.0,34
"Liberty County, Montana",0.0,11,,,0.0,11,0.0,11,0.0,11,0.0,11,0.0,11,0.0,11,0.0,11,0.0,11,,,0.0,11,0.0,11,0.0,11,0.0,11,0.0,11,0.0,11,0.0,11,0.0,11,0.0,11,0.0,11,0.0,11
"Liberty County, Texas",834.0,88,,,8.0,19,0.0,35,31.0,37,64.0,103,0.0,35,0.0,35,0.0,35,0.0,35,,,0.0,35,17.0,32,366.0,222,0.0,35,0.0,35,0.0,35,0.0,35,0.0,35,0.0,35,208.0,194,0.0,35
"Licking County, Ohio",7154.0,261,,,689.0,354,19.0,33,363.0,224,415.0,236,10.0,17,0.0,30,30.0,37,0.0,30,,,18.0,21,20.0,21,402.0,207,0.0,30,69.0,100,0.0,30,0.0,30,0.0,30,77.0,115,319.0,136,0.0,30
"Limestone County, Alabama",2890.0,288,,,542.0,233,0.0,31,247.0,151,475.0,279,0.0,31,0.0,31,0.0,31,0.0,31,,,0.0,31,15.0,26,532.0,372,12.0,22,0.0,31,0.0,31,0.0,31,0.0,31,0.0,31,149.0,155,0.0,31
"Limestone County, Texas",242.0,28,,,9.0,18,0.0,28,0.0,28,40.0,48,0.0,28,0.0,28,0.0,28,0.0,28,,,0.0,28,0.0,28,4.0,9,0.0,28,0.0,28,0.0,28,0.0,28,0.0,28,0.0,28,158.0,65,0.0,28
"Lincoln County, Arkansas",79.0,92,,,20.0,38,0.0,20,0.0,20,0.0,20,0.0,20,0.0,20,0.0,20,0.0,20,,,0.0,20,0.0,20,0.0,20,0.0,20,0.0,20,0.0,20,0.0,20,0.0,20,47.0,79,0.0,20,0.0,20
"Lincoln County, Colorado",0.0,19,,,0.0,19,0.0,19,0.0,19,0.0,19,0.0,19,0.0,19,0.0,19,0.0,19,,,0.0,19,0.0,19,0.0,19,0.0,19,0.0,19,0.0,19,0.0,19,0.0,19,0.0,19,0.0,19,0.0,19
"Lincoln County, Georgia",86.0,81,,,0.0,20,0.0,20,0.0,20,0.0,20,0.0,20,0.0,20,0.0,20,0.0,20,,,0.0,20,0.0,20,0.0,20,0.0,20,0.0,20,0.0,20,0.0,20,0.0,20,0.0,20,8.0,17,0.0,20
"Lincoln County, Idaho",97.0,57,,,31.0,37,0.0,17,14.0,17,0.0,17,0.0,17,0.0,17,0.0,17,0.0,17,,,0.0,17,0.0,17,30.0,28,0.0,17,0.0,17,0.0,17,0.0,17,0.0,17,15.0,20,0.0,17,0.0,17
"Lincoln County, Kansas",23.0,26,,,0.0,11,0.0,11,21.0,26,0.0,11,0.0,11,0.0,11,0.0,11,0.0,11,,,0.0,11,0.0,11,2.0,4,0.0,11,0.0,11,0.0,11,0.0,11,0.0,11,0.0,11,0.0,11,0.0,11
"Lincoln County, Kentucky",292.0,165,,,57.0,57,0.0,24,26.0,29,0.0,24,0.0,24,0.0,24,0.0,24,0.0,24,,,0.0,24,0.0,24,39.0,49,0.0,24,0.0,24,0.0,24,0.0,24,0.0,24,15.0,23,12.0,21,0.0,24
"Lincoln County, Maine",417.0,4,,,86.0,64,0.0,23,17.0,16,10.0,14,0.0,23,0.0,23,10.0,12,0.0,23,,,0.0,23,0.0,23,115.0,70,0.0,23,0.0,23,0.0,23,0.0,23,0.0,23,1.0,2,65.0,49,0.0,23
"Lincoln County, Minnesota",48.0,13,,,6.0,6,4.0,6,4.0,11,10.0,11,0.0,13,0.0,13,0.0,13,0.0,13,,,0.0,13,0.0,13,19.0,14,0.0,13,0.0,13,0.0,13,0.0,13,0.0,13,0.0,13,5.0,6,0.0,13
"Lincoln County, Mississippi",221.0,11,,,0.0,30,0.0,30,0.0,30,0.0,30,0.0,30,0.0,30,0.0,30,0.0,30,,,0.0,30,9.0,17,10.0,25,15.0,29,0.0,30,0.0,30,0.0,30,0.0,30,0.0,30,32.0,74,0.0,30
"Lincoln County, Missouri",506.0,45,,,97.0,61,0.0,28,54.0,62,15.0,19,0.0,28,0.0,28,0.0,28,0.0,28,,,0.0,28,30.0,54,284.0,92,0.0,28,0.0,28,0.0,28,0.0,28,0.0,28,5.0,10,14.0,15,0.0,28
"Lincoln County, Montana",166.0,15,,,70.0,47,0.0,20,26.0,22,0.0,20,0.0,20,0.0,20,0.0,20,0.0,20,,,0.0,20,0.0,20,54.0,47,0.0,20,0.0,20,0.0,20,0.0,20,0.0,20,0.0,20,0.0,20,0.0,20
"Lincoln County, Nebraska",439.0,72,,,11.0,23,0.0,22,116.0,80,52.0,31,0.0,22,0.0,22,0.0,22,0.0,22,,,0.0,22,0.0,22,138.0,84,0.0,22,0.0,22,0.0,22,0.0,22,0.0,22,27.0,39,54.0,70,0.0,22
"Lincoln County, Nevada",2.0,4,,,0.0,14,0.0,14,0.0,14,1.0,3,0.0,14,0.0,14,0.0,14,0.0,14,,,0.0,14,0.0,14,1.0,3,0.0,14,0.0,14,0.0,14,0.0,14,0.0,14,0.0,14,0.0,14,0.0,14
"Lincoln County, New Mexico",172.0,21,,,12.0,21,0.0,25,30.0,34,26.0,32,0.0,25,0.0,25,11.0,19,0.0,25,,,0.0,25,0.0,25,12.0,21,0.0,25,0.0,25,0.0,25,0.0,25,0.0,25,33.0,44,0.0,25,0.0,25
"Lincoln County, North Carolina",1187.0,180,,,174.0,169,117.0,124,91.0,89,83.0,63,0.0,32,0.0,32,0.0,32,0.0,32,,,18.0,28,0.0,32,311.0,128,53.0,89,42.0,58,0.0,32,0.0,32,0.0,32,0.0,32,217.0,129,0.0,32
"Lincoln County, Oklahoma",332.0,38,,,17.0,11,0.0,22,45.0,43,5.0,8,0.0,22,0.0,22,0.0,22,0.0,22,,,0.0,22,70.0,70,61.0,41,28.0,21,8.0,13,0.0,22,0.0,22,0.0,22,8.0,13,16.0,15,0.0,22
"Lincoln County, Oregon",1246.0,103,,,273.0,73,0.0,31,190.0,119,243.0,111,0.0,31,0.0,31,0.0,31,0.0,31,,,0.0,31,0.0,31,275.0,163,0.0,31,0.0,31,0.0,31,0.0,31,0.0,31,163.0,172,42.0,32,0.0,31
"Lincoln County, South Dakota",1489.0,98,,,88.0,63,0.0,24,261.0,188,124.0,133,0.0,24,0.0,24,0.0,24,0.0,24,,,0.0,24,0.0,24,134.0,104,0.0,24,0.0,24,6.0,11,0.0,24,0.0,24,0.0,24,126.0,141,0.0,24
"Lincoln County, Tennessee",316.0,35,,,10.0,14,0.0,29,5.0,7,0.0,29,0.0,29,0.0,29,0.0,29,0.0,29,,,0.0,29,27.0,34,121.0,72,0.0,29,4.0,8,0.0,29,0.0,29,0.0,29,0.0,29,80.0,78,0.0,29
"Lincoln County, Washington",143.0,3,,,40.0,26,0.0,21,21.0,20,0.0,21,2.0,4,1.0,3,0.0,21,0.0,21,,,0.0,21,0.0,21,64.0,28,0.0,21,0.0,21,0.0,21,0.0,21,0.0,21,0.0,21,8.0,13,0.0,21
"Lincoln County, West Virginia",46.0,72,,,0.0,24,0.0,24,0.0,24,0.0,24,0.0,24,0.0,24,0.0,24,0.0,24,,,0.0,24,0.0,24,46.0,72,0.0,24,0.0,24,0.0,24,0.0,24,0.0,24,0.0,24,0.0,24,0.0,24
"Lincoln County, Wisconsin",284.0,37,,,51.0,49,13.0,17,67.0,45,6.0,10,0.0,18,0.0,18,0.0,18,0.0,18,,,0.0,18,0.0,18,86.0,40,0.0,18,2.0,4,0.0,18,0.0,18,0.0,18,4.0,6,14.0,23,0.0,18
"Lincoln County, Wyoming",191.0,25,,,40.0,31,0.0,24,32.0,28,44.0,46,0.0,24,0.0,24,0.0,24,0.0,24,,,0.0,24,0.0,24,66.0,51,0.0,24,0.0,24,0.0,24,0.0,24,0.0,24,0.0,24,0.0,24,0.0,24
"Lincoln Parish, Louisiana",958.0,238,,,78.0,75,0.0,30,72.0,63,231.0,284,0.0,30,0.0,30,13.0,24,0.0,30,,,0.0,30,0.0,30,115.0,104,15.0,26,0.0,30,8.0,17,0.0,30,0.0,30,0.0,30,151.0,152,0.0,30
"Linn County, Iowa",7508.0,286,,,649.0,201,29.0,26,238.0,144,595.0,258,0.0,24,0.0,24,0.0,24,0.0,24,,,364.0,254,31.0,32,765.0,285,164.0,176,354.0,202,0.0,24,0.0,24,0.0,24,187.0,136,496.0,245,0.0,24
"Linn County, Kansas",45.0,28,,,5.0,8,0.0,16,0.0,16,0.0,16,0.0,16,0.0,16,0.0,16,0.0,16,,,0.0,16,0.0,16,20.0,16,0.0,16,0.0,16,0.0,16,0.0,16,0.0,16,1.0,16,7.0,10,0.0,16
"Linn County, Missouri",74.0,62,,,0.0,19,0.0,19,7.0,11,0.0,19,0.0,19,0.0,19,0.0,19,0.0,19,,,0.0,19,0.0,19,23.0,50,22.0,28,3.0,4,0.0,19,0.0,19,0.0,19,0.0,19,19.0,23,0.0,19
"Linn County, Oregon",3244.0,231,,,694.0,191,125.0,122,557.0,258,349.0,142,0.0,31,6.0,10,0.0,31,0.0,31,,,0.0,31,7.0,14,955.0,311,17.0,26,89.0,97,0.0,31,0.0,31,0.0,31,19.0,22,99.0,77,0.0,31
"Lipscomb County, Texas",23.0,29,,,0.0,15,0.0,15,0.0,15,4.0,5,0.0,15,0.0,15,0.0,15,0.0,15,,,0.0,15,0.0,15,19.0,28,0.0,15,0.0,15,0.0,15,0.0,15,0.0,15,0.0,15,0.0,15,0.0,15
"Little River County, Arkansas",47.0,35,,,0.0,20,0.0,20,17.0,25,0.0,20,0.0,20,0.0,20,0.0,20,0.0,20,,,0.0,20,0.0,20,19.0,21,0.0,20,0.0,20,0.0,20,0.0,20,0.0,20,0.0,20,8.0,12,0.0,20
"Live Oak County, Texas",479.0,167,,,9.0,19,0.0,23,378.0,170,0.0,23,0.0,23,0.0,23,0.0,23,0.0,23,,,0.0,23,0.0,23,73.0,86,0.0,23,0.0,23,0.0,23,0.0,23,0.0,23,0.0,23,0.0,23,0.0,23
"Livingston County, Illinois",406.0,83,,,18.0,26,0.0,26,15.0,21,38.0,50,0.0,26,0.0,26,0.0,26,0.0,26,,,0.0,26,0.0,26,237.0,100,0.0,26,0.0,26,0.0,26,0.0,26,0.0,26,0.0,26,33.0,40,0.0,26
"Livingston County, Kentucky",15.0,22,,,2.0,3,0.0,18,0.0,18,6.0,14,0.0,18,0.0,18,0.0,18,0.0,18,,,0.0,18,0.0,18,0.0,18,0.0,18,0.0,18,0.0,18,0.0,18,0.0,18,0.0,18,0.0,18,0.0,18
"Livingston County, Michigan",3128.0,153,,,614.0,196,87.0,95,287.0,177,394.0,131,0.0,26,0.0,26,5.0,9,0.0,26,,,0.0,26,20.0,29,434.0,164,0.0,26,0.0,26,0.0,26,9.0,14,0.0,26,164.0,100,286.0,153,0.0,26
"Livingston County, Missouri",176.0,37,,,4.0,5,0.0,19,16.0,27,51.0,42,0.0,19,0.0,19,0.0,19,0.0,19,,,0.0,19,0.0,19,26.0,29,0.0,19,0.0,19,0.0,19,0.0,19,0.0,19,0.0,19,15.0,23,0.0,19
"Livingston County, New York",1209.0,88,,,157.0,105,0.0,31,105.0,80,206.0,121,0.0,31,0.0,31,24.0,42,0.0,31,,,0.0,31,0.0,31,231.0,131,12.0,17,36.0,51,19.0,30,0.0,31,0.0,31,0.0,31,0.0,31,0.0,31
"Livingston Parish, Louisiana",1721.0,217,,,548.0,256,0.0,33,200.0,207,269.0,172,0.0,33,0.0,33,0.0,33,0.0,33,,,0.0,33,0.0,33,249.0,194,13.0,26,0.0,33,0.0,33,0.0,33,0.0,33,0.0,33,307.0,259,0.0,33
"Llano County, Texas",242.0,69,,,0.0,28,0.0,28,67.0,69,3.0,4,6.0,14,0.0,28,0.0,28,0.0,28,,,0.0,28,0.0,28,19.0,24,0.0,28,0.0,28,0.0,28,0.0,28,0.0,28,0.0,28,111.0,67,0.0,28
"Logan County, Arkansas",500.0,19,,,68.0,65,133.0,94,0.0,24,40.0,51,0.0,24,0.0,24,0.0,24,0.0,24,,,8.0,15,0.0,24,147.0,65,0.0,24,102.0,78,0.0,24,0.0,24,0.0,24,0.0,24,0.0,24,0.0,24
"Logan County, Colorado",266.0,32,,,56.0,64,0.0,25,58.0,72,73.0,41,0.0,25,0.0,25,0.0,25,0.0,25,,,0.0,25,17.0,26,26.0,40,0.0,25,0.0,25,0.0,25,0.0,25,0.0,25,0.0,25,18.0,23,0.0,25
"Logan County, Illinois",308.0,34,,,51.0,44,0.0,23,0.0,23,49.0,53,0.0,23,0.0,23,25.0,31,0.0,23,,,1.0,3,0.0,23,138.0,72,21.0,42,0.0,23,0.0,23,0.0,23,0.0,23,0.0,23,0.0,23,0.0,23
"Logan County, Kansas",18.0,16,,,0.0,11,0.0,11,2.0,4,0.0,11,0.0,11,0.0,11,0.0,11,0.0,11,,,0.0,11,0.0,11,8.0,11,0.0,11,0.0,11,0.0,11,0.0,11,0.0,11,0.0,11,0.0,11,0.0,11
"Logan County, Kentucky",151.0,23,,,25.0,36,0.0,24,15.0,26,0.0,24,0.0,24,0.0,24,0.0,24,0.0,24,,,0.0,24,0.0,24,43.0,44,0.0,24,47.0,61,0.0,24,0.0,24,0.0,24,0.0,24,0.0,24,0.0,24
"Logan County, Nebraska",0.0,10,,,0.0,10,0.0,10,0.0,10,0.0,10,0.0,10,0.0,10,0.0,10,0.0,10,,,0.0,10,0.0,10,0.0,10,0.0,10,0.0,10,0.0,10,0.0,10,0.0,10,0.0,10,0.0,10,0.0,10
"Logan County, North Dakota",4.0,5,,,0.0,10,0.0,10,0.0,10,4.0,5,0.0,10,0.0,10,0.0,10,0.0,10,,,0.0,10,0.0,10,0.0,10,0.0,10,0.0,10,0.0,10,0.0,10,0.0,10,0.0,10,0.0,10,0.0,10
"Logan County, Ohio",618.0,103,,,127.0,108,0.0,27,21.0,22,103.0,94,0.0,27,0.0,27,0.0,27,0.0,27,,,0.0,27,0.0,27,258.0,108,0.0,27,5.0,11,0.0,27,0.0,27,0.0,27,0.0,27,5.0,13,0.0,27
"Logan County, Oklahoma",565.0,89,,,117.0,92,14.0,27,85.0,62,81.0,78,0.0,24,0.0,24,0.0,24,0.0,24,,,26.0,42,0.0,24,125.0,96,5.0,8,0.0,24,0.0,24,0.0,24,0.0,24,0.0,24,35.0,35,0.0,24
"Logan County, West Virginia",121.0,99,,,0.0,27,0.0,27,97.0,94,0.0,27,0.0,27,0.0,27,0.0,27,0.0,27,,,0.0,27,0.0,27,0.0,27,0.0,27,0.0,27,0.0,27,0.0,27,0.0,27,7.0,12,3.0,7,0.0,27
"Long County, Georgia",244.0,263,,,0.0,23,0.0,23,44.0,82,176.0,207,0.0,23,0.0,23,0.0,23,0.0,23,,,0.0,23,0.0,23,0.0,23,0.0,23,0.0,23,0.0,23,0.0,23,0.0,23,0.0,23,12.0,25,0.0,23
"Lonoke County, Arkansas",1220.0,82,,,80.0,86,0.0,30,126.0,88,98.0,79,0.0,30,0.0,30,10.0,16,0.0,30,,,0.0,30,0.0,30,469.0,173,0.0,30,95.0,92,0.0,30,0.0,30,0.0,30,0.0,30,130.0,138,0.0,30
"Lorain County, Ohio",6309.0,299,,,1134.0,435,0.0,30,453.0,245,601.0,300,0.0,30,0.0,30,62.0,68,0.0,30,,,0.0,30,78.0,154,952.0,308,22.0,34,125.0,140,0.0,30,0.0,30,0.0,30,208.0,128,282.0,165,0.0,30
"Los Alamos County, New Mexico",1676.0,290,,,609.0,196,0.0,21,242.0,150,280.0,172,0.0,21,0.0,21,153.0,128,0.0,21,,,0.0,21,0.0,21,114.0,89,22.0,33,0.0,21,0.0,21,0.0,21,0.0,21,5.0,9,18.0,31,0.0,21
"Los Angeles County, California",1772595.0,5474,,,519936.0,7139,1339.0,499,145836.0,4574,224630.0,5214,3847.0,1161,720.0,243,43648.0,2784,78.0,80,,,9040.0,1333,40264.0,3025,416221.0,6867,15107.0,1346,5078.0,1209,1725.0,339,327.0,293,698.0,226,29074.0,1927,130974.0,5236,305.0,162
"Loudon County, Tennessee",655.0,68,,,48.0,55,0.0,32,56.0,57,39.0,54,0.0,32,0.0,32,130.0,157,0.0,32,,,0.0,32,0.0,32,301.0,213,0.0,32,0.0,32,0.0,32,0.0,32,0.0,32,0.0,32,53.0,66,0.0,32
"Loudoun County, Virginia",105196.0,913,,,8623.0,1195,0.0,31,2381.0,484,7796.0,1079,298.0,152,71.0,107,634.0,259,0.0,31,,,243.0,149,913.0,330,6503.0,895,448.0,251,854.0,365,220.0,144,0.0,31,0.0,31,1155.0,416,7735.0,1080,0.0,31
"Louisa County, Iowa",216.0,103,,,0.0,16,0.0,16,0.0,16,0.0,16,0.0,16,0.0,16,0.0,16,0.0,16,,,198.0,99,0.0,16,9.0,13,0.0,16,0.0,16,0.0,16,0.0,16,0.0,16,0.0,16,2.0,4,0.0,16
"Louisa County, Virginia",420.0,28,,,95.0,95,0.0,28,69.0,69,72.0,77,0.0,28,0.0,28,60.0,63,0.0,28,,,0.0,28,0.0,28,74.0,63,0.0,28,0.0,28,0.0,28,0.0,28,0.0,28,0.0,28,20.0,24,0.0,28
"Loup County, Nebraska",0.0,10,,,0.0,10,0.0,10,0.0,10,0.0,10,0.0,10,0.0,10,0.0,10,0.0,10,,,0.0,10,0.0,10,0.0,10,0.0,10,0.0,10,0.0,10,0.0,10,0.0,10,0.0,10,0.0,10,0.0,10
"Love County, Oklahoma",126.0,29,,,3.0,5,0.0,16,14.0,20,6.0,12,0.0,16,0.0,16,0.0,16,0.0,16,,,0.0,16,0.0,16,44.0,34,0.0,16,0.0,16,0.0,16,0.0,16,0.0,16,14.0,18,15.0,11,0.0,16
"Loving County, Texas",5.0,7,,,5.0,7,0.0,15,0.0,15,0.0,15,0.0,15,0.0,15,0.0,15,0.0,15,,,0.0,15,0.0,15,0.0,15,0.0,15,0.0,15,0.0,15,0.0,15,0.0,15,0.0,15,0.0,15,0.0,15
"Lower Connecticut River Valley Planning Region, Connecticut",7379.0,169,,,2130.0,431,8.0,16,361.0,211,354.0,216,23.0,35,0.0,32,93.0,78,13.0,24,,,0.0,32,430.0,337,716.0,291,7.0,12,44.0,39,8.0,15,0.0,32,11.0,16,73.0,99,489.0,323,0.0,32
"Lowndes County, Alabama",16.0,29,,,0.0,21,0.0,21,0.0,21,0.0,21,0.0,21,0.0,21,0.0,21,0.0,21,,,0.0,21,0.0,21,16.0,29,0.0,21,0.0,21,0.0,21,0.0,21,0.0,21,0.0,21,0.0,21,0.0,21
"Lowndes County, Georgia",3722.0,321,,,458.0,308,0.0,34,103.0,83,556.0,207,0.0,34,0.0,34,18.0,30,0.0,34,,,0.0,34,0.0,34,1183.0,464,6.0,12,95.0,97,0.0,34,0.0,34,0.0,34,298.0,218,216.0,191,0.0,34
"Lowndes County, Mississippi",775.0,84,,,79.0,69,0.0,33,87.0,62,28.0,31,1.0,2,0.0,33,20.0,36,0.0,33,,,0.0,33,0.0,33,211.0,107,0.0,33,0.0,33,0.0,33,0.0,33,0.0,33,0.0,33,51.0,58,0.0,33
"Loíza Municipio, Puerto Rico",72.0,73,,,0.0,28,0.0,28,19.0,32,0.0,28,0.0,28,0.0,28,0.0,28,0.0,28,,,0.0,28,0.0,28,0.0,28,0.0,28,0.0,28,0.0,28,0.0,28,0.0,28,0.0,28,0.0,28,0.0,28
"Lubbock County, Texas",9831.0,519,,,2131.0,583,0.0,35,225.0,110,784.0,262,19.0,22,0.0,35,96.0,75,0.0,35,,,67.0,70,239.0,336,2486.0,703,123.0,116,9.0,15,25.0,38,0.0,35,0.0,35,224.0,142,657.0,220,0.0,35
"Lucas County, Iowa",87.0,26,,,0.0,15,0.0,15,0.0,15,0.0,15,0.0,15,0.0,15,0.0,15,0.0,15,,,0.0,15,0.0,15,69.0,35,0.0,15,0.0,15,0.0,15,0.0,15,0.0,15,0.0,15,0.0,15,0.0,15
"Lucas County, Ohio",10507.0,451,,,2300.0,448,31.0,47,469.0,173,828.0,244,0.0,30,0.0,30,186.0,156,13.0,19,,,0.0,30,33.0,51,1788.0,412,58.0,91,188.0,156,20.0,28,0.0,30,0.0,30,267.0,129,510.0,261,86.0,128
"Luce County, Michigan",56.0,17,,,0.0,15,0.0,15,5.0,8,0.0,15,0.0,15,0.0,15,0.0,15,0.0,15,,,0.0,15,0.0,15,8.0,13,0.0,15,0.0,15,0.0,15,0.0,15,0.0,15,0.0,15,0.0,15,0.0,15
"Lumpkin County, Georgia",416.0,30,,,115.0,92,13.0,29,220.0,110,34.0,55,0.0,30,0.0,30,0.0,30,0.0,30,,,0.0,30,0.0,30,14.0,13,0.0,30,0.0,30,0.0,30,0.0,30,0.0,30,3.0,6,11.0,21,0.0,30
"Luna County, New Mexico",234.0,169,,,0.0,25,0.0,25,1.0,3,17.0,34,0.0,25,0.0,25,0.0,25,0.0,25,,,0.0,25,0.0,25,209.0,181,0.0,25,0.0,25,0.0,25,0.0,25,0.0,25,0.0,25,0.0,25,0.0,25
"Lunenburg County, Virginia",22.0,22,,,0.0,21,0.0,21,0.0,21,10.0,18,0.0,21,0.0,21,0.0,21,0.0,21,,,0.0,21,0.0,21,0.0,21,0.0,21,0.0,21,0.0,21,0.0,21,0.0,21,0.0,21,0.0,21,0.0,21
"Luquillo Municipio, Puerto Rico",48.0,78,,,0.0,24,0.0,24,0.0,24,0.0,24,0.0,24,0.0,24,0.0,24,0.0,24,,,0.0,24,0.0,24,0.0,24,0.0,24,0.0,24,0.0,24,0.0,24,0.0,24,0.0,24,0.0,24,0.0,24
"Luzerne County, Pennsylvania",5654.0,377,,,940.0,433,326.0,274,168.0,105,806.0,341,0.0,27,0.0,27,13.0,23,0.0,27,,,3.0,6,22.0,30,828.0,318,36.0,57,0.0,27,10.0,14,0.0,27,0.0,27,3.0,4,254.0,135,0.0,27
"Lycoming County, Pennsylvania",1460.0,141,,,512.0,166,0.0,27,75.0,60,150.0,65,0.0,27,22.0,40,6.0,8,0.0,27,,,31.0,57,0.0,27,302.0,159,3.0,4,0.0,27,0.0,27,0.0,27,0.0,27,15.0,18,161.0,70,0.0,27
"Lyman County, South Dakota",24.0,24,,,12.0,12,0.0,10,5.0,7,0.0,10,0.0,10,0.0,10,0.0,10,0.0,10,,,0.0,10,0.0,10,7.0,11,0.0,10,0.0,10,0.0,10,0.0,10,0.0,10,0.0,10,0.0,10,0.0,10
"Lynchburg city, Virginia",2836.0,170,,,475.0,220,0.0,31,286.0,200,538.0,203,0.0,31,0.0,31,29.0,36,0.0,31,,,1.0,3,10.0,17,382.0,145,0.0,31,0.0,31,0.0,31,0.0,31,0.0,31,207.0,171,293.0,329,0.0,31
"Lynn County, Texas",75.0,39,,,21.0,25,0.0,21,0.0,21,22.0,27,0.0,21,0.0,21,0.0,21,0.0,21,,,0.0,21,3.0,4,29.0,29,0.0,21,0.0,21,0.0,21,0.0,21,0.0,21,0.0,21,0.0,21,0.0,21
"Lyon County, Iowa",82.0,6,,,45.0,30,0.0,16,0.0,16,29.0,31,0.0,16,0.0,16,0.0,16,0.0,16,,,0.0,16,0.0,16,0.0,16,0.0,16,5.0,9,0.0,16,0.0,16,0.0,16,0.0,16,3.0,6,0.0,16
"Lyon County, Kansas",1014.0,101,,,71.0,63,0.0,24,125.0,111,15.0,25,0.0,24,0.0,24,66.0,89,0.0,24,,,0.0,24,0.0,24,226.0,124,0.0,24,39.0,53,0.0,24,0.0,24,0.0,24,30.0,46,295.0,176,0.0,24
"Lyon County, Kentucky",101.0,99,,,0.0,18,0.0,18,47.0,69,0.0,18,0.0,18,0.0,18,0.0,18,0.0,18,,,0.0,18,0.0,18,37.0,54,0.0,18,0.0,18,0.0,18,0.0,18,0.0,18,0.0,18,7.0,15,0.0,18
"Lyon County, Minnesota",1448.0,57,,,26.0,26,459.0,201,9.0,18,55.0,65,0.0,17,0.0,17,13.0,13,0.0,17,,,254.0,149,8.0,12,30.0,28,0.0,17,4.0,8,0.0,17,0.0,17,0.0,17,348.0,275,27.0,35,0.0,17
"Lyon County, Nevada",1903.0,144,,,273.0,154,0.0,33,253.0,137,249.0,105,30.0,41,0.0,33,0.0,33,0.0,33,,,0.0,33,0.0,33,941.0,192,7.0,11,0.0,33,0.0,33,65.0,95,0.0,33,2.0,7,15.0,18,0.0,33
"Mackinac County, Michigan",292.0,190,,,32.0,38,0.0,17,32.0,38,12.0,20,0.0,17,0.0,17,0.0,17,0.0,17,,,0.0,17,32.0,38,51.0,47,0.0,17,0.0,17,0.0,17,0.0,17,0.0,17,0.0,17,67.0,57,0.0,17
"Macomb County, Michigan",50486.0,642,,,4414.0,823,4941.0,1098,1420.0,395,2295.0,470,0.0,26,0.0,26,397.0,240,0.0,26,,,46.0,117,281.0,249,7389.0,1057,43.0,45,442.0,394,18.0,20,0.0,26,0.0,26,655.0,320,2765.0,543,0.0,26
"Macon County, Alabama",70.0,48,,,0.0,21,0.0,21,3.0,9,2.0,4,0.0,21,0.0,21,0.0,21,0.0,21,,,0.0,21,0.0,21,0.0,21,0.0,21,0.0,21,0.0,21,0.0,21,0.0,21,12.0,20,11.0,26,0.0,21
"Macon County, Georgia",188.0,23,,,7.0,15,0.0,23,0.0,23,0.0,23,0.0,23,0.0,23,0.0,23,0.0,23,,,0.0,23,0.0,23,105.0,103,0.0,23,0.0,23,0.0,23,0.0,23,0.0,23,0.0,23,0.0,23,0.0,23
"Macon County, Illinois",1899.0,134,,,263.0,121,0.0,29,122.0,106,150.0,111,0.0,29,0.0,29,0.0,29,0.0,29,,,0.0,29,0.0,29,380.0,183,12.0,20,0.0,29,0.0,29,0.0,29,0.0,29,59.0,68,175.0,146,0.0,29
"Macon County, Missouri",211.0,44,,,102.0,68,0.0,19,0.0,19,29.0,28,0.0,19,0.0,19,0.0,19,0.0,19,,,0.0,19,0.0,19,31.0,34,0.0,19,0.0,19,0.0,19,0.0,19,0.0,19,0.0,19,0.0,19,0.0,19
"Macon County, North Carolina",527.0,135,,,104.0,114,0.0,29,101.0,78,0.0,29,0.0,29,0.0,29,0.0,29,0.0,29,,,0.0,29,0.0,29,97.0,111,0.0,29,0.0,29,0.0,29,0.0,29,0.0,29,0.0,29,141.0,150,0.0,29
"Macon County, Tennessee",120.0,92,,,0.0,25,0.0,25,24.0,45,0.0,25,0.0,25,0.0,25,0.0,25,0.0,25,,,0.0,25,0.0,25,53.0,67,0.0,25,0.0,25,0.0,25,0.0,25,0.0,25,0.0,25,0.0,25,0.0,25
"Macoupin County, Illinois",302.0,12,,,54.0,61,0.0,26,38.0,51,145.0,107,0.0,26,0.0,26,0.0,26,0.0,26,,,0.0,26,0.0,26,61.0,69,0.0,26,0.0,26,0.0,26,0.0,26,0.0,26,0.0,26,3.0,5,0.0,26
"Madera County, California",5651.0,508,,,1046.0,494,152.0,131,487.0,230,59.0,58,0.0,32,17.0,30,0.0,32,0.0,32,,,29.0,45,31.0,47,1256.0,453,5.0,8,112.0,95,0.0,32,148.0,225,0.0,32,16.0,22,515.0,320,0.0,32
"Madison County, Alabama",14929.0,440,,,2864.0,622,54.0,89,1264.0,393,2423.0,579,62.0,83,0.0,31,200.0,136,0.0,31,,,0.0,31,72.0,59,1937.0,361,266.0,197,279.0,169,0.0,31,0.0,31,0.0,31,557.0,231,1403.0,444,0.0,31
"Madison County, Arkansas",143.0,117,,,11.0,20,0.0,20,14.0,17,27.0,41,0.0,20,0.0,20,0.0,20,0.0,20,,,0.0,20,0.0,20,32.0,40,0.0,20,2.0,4,0.0,20,0.0,20,0.0,20,0.0,20,39.0,63,0.0,20
"Madison County, Florida",30.0,31,,,1.0,2,0.0,23,0.0,23,21.0,30,0.0,23,0.0,23,0.0,23,0.0,23,,,0.0,23,0.0,23,0.0,23,0.0,23,0.0,23,0.0,23,0.0,23,0.0,23,0.0,23,2.0,5,0.0,23
"Madison County, Georgia",747.0,20,,,32.0,40,0.0,30,48.0,68,0.0,30,0.0,30,0.0,30,0.0,30,0.0,30,,,473.0,181,0.0,30,87.0,119,3.0,6,0.0,30,0.0,30,0.0,30,0.0,30,0.0,30,97.0,124,0.0,30
"Madison County, Idaho",1309.0,162,,,423.0,218,133.0,73,86.0,63,204.0,130,0.0,29,0.0,29,117.0,128,0.0,29,,,0.0,29,0.0,29,236.0,148,26.0,37,0.0,29,0.0,29,0.0,29,0.0,29,23.0,39,15.0,30,0.0,29
"Madison County, Illinois",4526.0,315,,,938.0,383,0.0,29,412.0,182,606.0,265,0.0,29,12.0,22,0.0,29,0.0,29,,,25.0,38,0.0,29,981.0,317,14.0,22,82.0,116,0.0,29,0.0,29,0.0,29,32.0,47,620.0,382,0.0,29
"Madison County, Indiana",1279.0,88,,,156.0,80,0.0,30,28.0,25,235.0,158,0.0,30,0.0,30,13.0,22,0.0,30,,,17.0,24,0.0,30,299.0,108,0.0,30,11.0,20,0.0,30,0.0,30,0.0,30,29.0,32,100.0,103,0.0,30
"Madison County, Iowa",217.0,110,,,0.0,16,0.0,16,0.0,16,36.0,41,0.0,16,0.0,16,0.0,16,0.0,16,,,0.0,16,0.0,16,69.0,74,0.0,16,53.0,53,0.0,16,0.0,16,0.0,16,0.0,16,24.0,34,0.0,16
"Madison County, Kentucky",1580.0,104,,,190.0,111,0.0,30,56.0,48,100.0,76,0.0,30,0.0,30,2.0,5,0.0,30,,,0.0,30,80.0,67,247.0,136,0.0,30,11.0,15,0.0,30,0.0,30,0.0,30,171.0,168,196.0,165,0.0,30
"Madison County, Mississippi",3374.0,16,,,1185.0,373,0.0,33,188.0,146,103.0,93,0.0,33,0.0,33,0.0,33,0.0,33,,,0.0,33,0.0,33,206.0,147,0.0,33,30.0,46,0.0,33,0.0,33,0.0,33,32.0,39,296.0,192,0.0,33
"Madison County, Missouri",150.0,39,,,8.0,14,1.0,3,10.0,18,16.0,26,0.0,19,0.0,19,0.0,19,0.0,19,,,0.0,19,0.0,19,53.0,44,0.0,19,31.0,39,0.0,19,0.0,19,0.0,19,0.0,19,31.0,39,0.0,19
"Madison County, Montana",93.0,70,,,7.0,10,0.0,15,62.0,65,0.0,15,0.0,15,0.0,15,0.0,15,0.0,15,,,0.0,15,0.0,15,5.0,5,19.0,22,0.0,15,0.0,15,0.0,15,0.0,15,0.0,15,0.0,15,0.0,15
"Madison County, Nebraska",791.0,39,,,75.0,89,0.0,22,39.0,44,263.0,123,0.0,22,0.0,22,0.0,22,0.0,22,,,174.0,119,0.0,22,158.0,96,0.0,22,0.0,22,0.0,22,0.0,22,0.0,22,0.0,22,39.0,57,0.0,22
"Madison County, New York",1138.0,53,,,306.0,97,0.0,31,167.0,89,78.0,37,0.0,31,0.0,31,60.0,69,0.0,31,,,0.0,31,1.0,2,59.0,44,9.0,18,72.0,25,0.0,31,0.0,31,0.0,31,37.0,34,1.0,2,0.0,31
"Madison County, North Carolina",163.0,12,,,19.0,25,0.0,25,42.0,30,3.0,6,0.0,25,0.0,25,0.0,25,0.0,25,,,1.0,3,0.0,25,42.0,33,0.0,25,6.0,8,0.0,25,0.0,25,0.0,25,8.0,14,20.0,21,0.0,25
"Madison County, Ohio",854.0,139,,,31.0,48,0.0,27,166.0,190,260.0,239,0.0,27,0.0,27,0.0,27,0.0,27,,,0.0,27,24.0,40,0.0,27,0.0,27,0.0,27,0.0,27,0.0,27,0.0,27,12.0,22,0.0,27,0.0,27
"Madison County, Tennessee",1558.0,88,,,325.0,188,0.0,32,119.0,105,179.0,148,0.0,32,0.0,32,16.0,28,0.0,32,,,0.0,32,0.0,32,242.0,136,6.0,14,0.0,32,0.0,32,0.0,32,0.0,32,42.0,51,136.0,96,0.0,32
"Madison County, Texas",171.0,17,,,0.0,23,0.0,23,56.0,81,12.0,24,0.0,23,0.0,23,0.0,23,0.0,23,,,0.0,23,0.0,23,59.0,72,0.0,23,10.0,18,0.0,23,0.0,23,0.0,23,0.0,23,23.0,43,0.0,23
"Madison County, Virginia",99.0,75,,,0.0,21,0.0,21,0.0,21,0.0,21,0.0,21,0.0,21,0.0,21,0.0,21,,,0.0,21,0.0,21,46.0,59,0.0,21,0.0,21,0.0,21,0.0,21,0.0,21,0.0,21,0.0,21,0.0,21
"Madison Parish, Louisiana",0.0,20,,,0.0,20,0.0,20,0.0,20,0.0,20,0.0,20,0.0,20,0.0,20,0.0,20,,,0.0,20,0.0,20,0.0,20,0.0,20,0.0,20,0.0,20,0.0,20,0.0,20,0.0,20,0.0,20,0.0,20
"Magoffin County, Kentucky",13.0,21,,,13.0,21,0.0,20,0.0,20,0.0,20,0.0,20,0.0,20,0.0,20,0.0,20,,,0.0,20,0.0,20,0.0,20,0.0,20,0.0,20,0.0,20,0.0,20,0.0,20,0.0,20,0.0,20,0.0,20
"Mahaska County, Iowa",524.0,59,,,16.0,20,0.0,19,185.0,104,84.0,75,0.0,19,0.0,19,0.0,19,0.0,19,,,0.0,19,9.0,18,124.0,77,7.0,12,68.0,71,0.0,19,0.0,19,0.0,19,28.0,37,0.0,19,0.0,19
"Mahnomen County, Minnesota",57.0,10,,,2.0,3,7.0,7,14.0,9,5.0,5,0.0,13,0.0,13,0.0,13,0.0,13,,,0.0,13,1.0,3,2.0,2,0.0,13,17.0,11,0.0,13,0.0,13,0.0,13,0.0,13,9.0,8,0.0,13
"Mahoning County, Ohio",3421.0,376,,,397.0,181,0.0,30,264.0,162,189.0,135,25.0,35,0.0,30,0.0,30,0.0,30,,,0.0,30,0.0,30,488.0,218,0.0,30,32.0,38,8.0,13,0.0,30,16.0,25,102.0,98,119.0,97,0.0,30
"Major County, Oklahoma",89.0,9,,,3.0,5,0.0,15,26.0,23,6.0,9,0.0,15,0.0,15,0.0,15,0.0,15,,,0.0,15,0.0,15,48.0,26,0.0,15,0.0,15,0.0,15,0.0,15,0.0,15,0.0,15,6.0,13,0.0,15
"Malheur County, Oregon",797.0,112,,,74.0,68,0.0,28,432.0,104,74.0,76,0.0,28,0.0,28,18.0,27,0.0,28,,,0.0,28,23.0,27,84.0,70,0.0,28,0.0,28,0.0,28,0.0,28,0.0,28,16.0,23,1.0,5,0.0,28
"Manassas Park city, Virginia",1985.0,82,,,49.0,54,11.0,22,25.0,43,167.0,133,0.0,21,0.0,21,0.0,21,0.0,21,,,0.0,21,0.0,21,283.0,234,22.0,57,0.0,21,0.0,21,0.0,21,0.0,21,0.0,21,493.0,268,0.0,21
"Manassas city, Virginia",3083.0,263,,,179.0,133,0.0,28,478.0,357,266.0,199,0.0,28,0.0,28,20.0,26,0.0,28,,,7.0,13,36.0,55,607.0,266,0.0,28,19.0,32,0.0,28,0.0,28,0.0,28,0.0,28,625.0,414,0.0,28
"Manatee County, Florida",12236.0,342,,,2264.0,514,62.0,94,491.0,179,969.0,360,6.0,16,7.0,11,78.0,98,0.0,35,,,6.0,15,278.0,190,2095.0,573,0.0,35,153.0,148,13.0,21,0.0,35,65.0,85,224.0,126,2819.0,726,0.0,35
"Manatí Municipio, Puerto Rico",282.0,372,,,243.0,369,0.0,32,0.0,32,15.0,22,0.0,32,0.0,32,0.0,32,0.0,32,,,0.0,32,0.0,32,0.0,32,0.0,32,0.0,32,0.0,32,0.0,32,0.0,32,0.0,32,0.0,32,0.0,32
"Manistee County, Michigan",249.0,72,,,6.0,11,0.0,20,27.0,22,20.0,19,0.0,20,0.0,20,0.0,20,0.0,20,,,0.0,20,0.0,20,84.0,50,0.0,20,0.0,20,10.0,14,0.0,20,0.0,20,0.0,20,54.0,47,0.0,20
"Manitowoc County, Wisconsin",2673.0,147,,,449.0,200,1299.0,306,136.0,116,76.0,47,27.0,34,0.0,23,4.0,6,0.0,23,,,0.0,23,0.0,23,224.0,84,0.0,23,135.0,152,0.0,23,0.0,23,0.0,23,41.0,59,13.0,12,0.0,23
"Marathon County, Wisconsin",9832.0,264,,,354.0,170,6214.0,569,200.0,146,91.0,63,2.0,3,0.0,23,14.0,22,0.0,23,,,0.0,23,132.0,118,1098.0,235,0.0,23,205.0,157,3.0,6,0.0,23,0.0,23,96.0,92,307.0,187,0.0,23
"Marengo County, Alabama",77.0,21,,,0.0,21,0.0,21,13.0,22,0.0,21,0.0,21,0.0,21,0.0,21,0.0,21,,,0.0,21,0.0,21,5.0,11,0.0,21,0.0,21,0.0,21,0.0,21,0.0,21,0.0,21,0.0,21,0.0,21
"Maricao Municipio, Puerto Rico",15.0,23,,,0.0,21,0.0,21,15.0,23,0.0,21,0.0,21,0.0,21,0.0,21,0.0,21,,,0.0,21,0.0,21,0.0,21,0.0,21,0.0,21,0.0,21,0.0,21,0.0,21,0.0,21,0.0,21,0.0,21
"Maricopa County, Arizona",285094.0,3148,,,47589.0,2845,315.0,204,20821.0,2054,20250.0,1676,282.0,245,202.0,164,3227.0,1120,20.0,27,,,3530.0,1013,4167.0,886,59448.0,3346,2401.0,520,2507.0,653,339.0,146,0.0,33,136.0,105,5790.0,1203,30869.0,2475,45.0,70
"Maries County, Missouri",42.0,43,,,0.0,17,0.0,17,8.0,15,27.0,39,0.0,17,0.0,17,0.0,17,0.0,17,,,0.0,17,0.0,17,0.0,17,0.0,17,0.0,17,0.0,17,0.0,17,0.0,17,0.0,17,0.0,17,0.0,17
"Marin County, California",24856.0,649,,,7211.0,847,19.0,20,3355.0,591,1968.0,423,25.0,49,43.0,67,251.0,148,0.0,32,,,51.0,71,363.0,197,4639.0,657,161.0,108,34.0,39,27.0,42,0.0,32,11.0,18,518.0,247,1882.0,529,0.0,32
"Marinette County, Wisconsin",339.0,10,,,30.0,23,11.0,14,131.0,55,23.0,18,0.0,21,0.0,21,0.0,21,0.0,21,,,0.0,21,0.0,21,86.0,56,0.0,21,0.0,21,0.0,21,0.0,21,0.0,21,9.0,11,12.0,14,0.0,21
"Marion County, Alabama",125.0,25,,,0.0,25,0.0,25,0.0,25,61.0,51,0.0,25,0.0,25,0.0,25,0.0,25,,,0.0,25,0.0,25,53.0,50,0.0,25,0.0,25,0.0,25,0.0,25,0.0,25,0.0,25,0.0,25,0.0,25
"Marion County, Arkansas",153.0,18,,,4.0,9,0.0,20,10.0,16,0.0,20,58.0,58,0.0,20,0.0,20,0.0,20,,,0.0,20,0.0,20,9.0,16,0.0,20,0.0,20,0.0,20,0.0,20,0.0,20,9.0,15,0.0,20,0.0,20
"Marion County, Florida",9522.0,566,,,1655.0,640,0.0,35,995.0,364,753.0,322,0.0,35,0.0,35,196.0,238,0.0,35,,,0.0,35,116.0,138,1149.0,321,85.0,86,12.0,56,45.0,85,0.0,35,0.0,35,638.0,389,874.0,355,0.0,35
"Marion County, Georgia",66.0,106,,,0.0,20,0.0,20,0.0,20,0.0,20,0.0,20,0.0,20,0.0,20,0.0,20,,,0.0,20,0.0,20,60.0,104,0.0,20,0.0,20,0.0,20,0.0,20,0.0,20,0.0,20,0.0,20,0.0,20
"Marion County, Illinois",341.0,27,,,64.0,39,0.0,26,34.0,30,81.0,36,0.0,26,0.0,26,0.0,26,0.0,26,,,0.0,26,0.0,26,49.0,41,5.0,7,0.0,26,0.0,26,0.0,26,0.0,26,9.0,11,29.0,27,0.0,26
"Marion County, Indiana",49525.0,1647,,,5091.0,1095,203.0,188,1479.0,377,2205.0,484,0.0,30,18.0,27,95.0,66,0.0,30,,,16584.0,1568,489.0,294,5325.0,943,85.0,58,545.0,424,129.0,136,0.0,30,0.0,30,613.0,349,1499.0,409,0.0,30
"Marion County, Iowa",581.0,27,,,28.0,24,0.0,22,77.0,68,99.0,82,0.0,22,0.0,22,0.0,22,0.0,22,,,45.0,64,8.0,15,63.0,50,0.0,22,67.0,63,0.0,22,0.0,22,0.0,22,0.0,22,9.0,15,0.0,22
"Marion County, Kansas",187.0,65,,,16.0,18,0.0,18,28.0,19,15.0,16,0.0,18,0.0,18,12.0,15,0.0,18,,,2.0,4,0.0,18,52.0,52,0.0,18,0.0,18,0.0,18,0.0,18,0.0,18,0.0,18,38.0,36,0.0,18
"Marion County, Kentucky",152.0,111,,,77.0,76,0.0,20,27.0,42,0.0,20,0.0,20,0.0,20,0.0,20,0.0,20,,,0.0,20,0.0,20,48.0,60,0.0,20,0.0,20,0.0,20,0.0,20,0.0,20,0.0,20,0.0,20,0.0,20
"Marion County, Mississippi",36.0,49,,,5.0,13,0.0,26,0.0,26,25.0,46,0.0,26,0.0,26,0.0,26,0.0,26,,,0.0,26,0.0,26,6.0,13,0.0,26,0.0,26,0.0,26,0.0,26,0.0,26,0.0,26,0.0,26,0.0,26
"Marion County, Missouri",124.0,81,,,30.0,43,0.0,22,0.0,22,12.0,20,0.0,22,0.0,22,0.0,22,0.0,22,,,0.0,22,0.0,22,6.0,12,27.0,40,0.0,22,0.0,22,0.0,22,0.0,22,0.0,22,2.0,3,0.0,22
"Marion County, Ohio",589.0,89,,,91.0,83,0.0,30,44.0,41,70.0,69,9.0,17,0.0,30,0.0,30,0.0,30,,,0.0,30,0.0,30,65.0,68,9.0,12,0.0,30,0.0,30,0.0,30,0.0,30,52.0,66,22.0,28,0.0,30
"Marion County, Oregon",13712.0,577,,,2466.0,583,110.0,106,1603.0,403,1587.0,444,0.0,31,64.0,60,14.0,15,0.0,31,,,144.0,175,211.0,145,3453.0,587,158.0,135,113.0,107,0.0,31,55.0,65,0.0,31,341.0,124,1361.0,399,0.0,31
"Marion County, South Carolina",75.0,94,,,16.0,22,0.0,26,0.0,26,0.0,26,0.0,26,0.0,26,0.0,26,0.0,26,,,0.0,26,0.0,26,2.0,3,0.0,26,0.0,26,0.0,26,0.0,26,0.0,26,0.0,26,42.0,71,0.0,26
"Marion County, Tennessee",106.0,74,,,0.0,25,0.0,25,11.0,17,25.0,28,0.0,25,0.0,25,0.0,25,0.0,25,,,0.0,25,0.0,25,34.0,42,3.0,9,0.0,25,4.0,7,0.0,25,0.0,25,0.0,25,0.0,25,0.0,25
"Marion County, Texas",87.0,80,,,0.0,21,0.0,21,11.0,23,0.0,21,0.0,21,0.0,21,0.0,21,0.0,21,,,0.0,21,0.0,21,65.0,74,0.0,21,0.0,21,0.0,21,0.0,21,0.0,21,0.0,21,0.0,21,0.0,21
"Marion County, West Virginia",489.0,9,,,148.0,109,0.0,30,185.0,134,7.0,13,0.0,30,0.0,30,0.0,30,0.0,30,,,0.0,30,0.0,30,83.0,74,0.0,30,15.0,35,7.0,13,0.0,30,0.0,30,1.0,3,0.0,30,0.0,30
"Mariposa County, California",452.0,80,,,163.0,81,7.0,17,53.0,52,17.0,39,0.0,21,0.0,21,0.0,21,0.0,21,,,0.0,21,0.0,21,138.0,106,0.0,21,0.0,21,0.0,21,0.0,21,0.0,21,28.0,61,30.0,36,0.0,21
"Marlboro County, South Carolina",203.0,122,,,4.0,6,0.0,26,84.0,90,54.0,75,0.0,26,0.0,26,0.0,26,0.0,26,,,0.0,26,0.0,26,34.0,36,13.0,16,0.0,26,0.0,26,0.0,26,0.0,26,0.0,26,4.0,7,0.0,26
"Marquette County, Michigan",948.0,110,,,173.0,97,0.0,26,78.0,53,180.0,96,21.0,27,0.0,26,8.0,15,0.0,26,,,0.0,26,0.0,26,266.0,127,41.0,61,0.0,26,0.0,26,0.0,26,0.0,26,29.0,32,56.0,40,0.0,26
"Marquette County, Wisconsin",157.0,5,,,0.0,16,0.0,16,9.0,10,34.0,22,0.0,16,0.0,16,0.0,16,0.0,16,,,0.0,16,0.0,16,63.0,26,0.0,16,0.0,16,0.0,16,0.0,16,0.0,16,0.0,16,0.0,16,0.0,16
"Marshall County, Alabama",963.0,146,,,232.0,95,0.0,31,38.0,26,104.0,55,0.0,31,1.0,2,0.0,31,0.0,31,,,9.0,11,0.0,31,157.0,57,0.0,31,0.0,31,0.0,31,0.0,31,0.0,31,8.0,9,139.0,74,0.0,31
"Marshall County, Illinois",41.0,25,,,9.0,12,0.0,19,10.0,13,0.0,19,0.0,19,0.0,19,0.0,19,0.0,19,,,0.0,19,0.0,19,6.0,12,0.0,19,0.0,19,0.0,19,0.0,19,0.0,19,0.0,19,0.0,19,0.0,19
"Marshall County, Indiana",376.0,40,,,188.0,106,0.0,27,46.0,46,25.0,31,0.0,27,0.0,27,0.0,27,0.0,27,,,16.0,24,0.0,27,46.0,48,0.0,27,0.0,27,0.0,27,0.0,27,0.0,27,0.0,27,25.0,33,0.0,27
"Marshall County, Iowa",1986.0,180,,,239.0,181,0.0,22,27.0,47,31.0,36,0.0,22,0.0,22,4.0,6,0.0,22,,,1299.0,310,0.0,22,80.0,66,0.0,22,5.0,9,0.0,22,0.0,22,0.0,22,0.0,22,219.0,260,0.0,22
"Marshall County, Kansas",67.0,7,,,0.0,18,0.0,18,39.0,23,2.0,4,0.0,18,0.0,18,0.0,18,0.0,18,,,0.0,18,0.0,18,17.0,22,0.0,18,0.0,18,0.0,18,0.0,18,0.0,18,0.0,18,9.0,11,0.0,18
"Marshall County, Kentucky",218.0,42,,,18.0,29,0.0,27,25.0,41,33.0,61,0.0,27,0.0,27,0.0,27,0.0,27,,,0.0,27,0.0,27,141.0,73,0.0,27,0.0,27,0.0,27,0.0,27,0.0,27,0.0,27,0.0,27,0.0,27
"Marshall County, Minnesota",43.0,3,,,1.0,2,0.0,13,4.0,19,7.0,10,0.0,13,0.0,13,0.0,13,0.0,13,,,0.0,13,0.0,13,27.0,17,1.0,3,0.0,13,0.0,13,0.0,13,0.0,13,0.0,13,0.0,13,0.0,13
"Marshall County, Mississippi",79.0,87,,,0.0,30,0.0,30,0.0,30,0.0,30,0.0,30,0.0,30,0.0,30,0.0,30,,,0.0,30,0.0,30,0.0,30,0.0,30,0.0,30,10.0,20,0.0,30,0.0,30,0.0,30,0.0,30,0.0,30
"Marshall County, Oklahoma",83.0,52,,,23.0,28,0.0,16,0.0,16,0.0,16,0.0,16,0.0,16,0.0,16,0.0,16,,,0.0,16,23.0,33,20.0,26,0.0,16,0.0,16,0.0,16,0.0,16,0.0,16,0.0,16,10.0,18,0.0,16
"Marshall County, South Dakota",19.0,20,,,11.0,17,0.0,10,0.0,10,8.0,11,0.0,10,0.0,10,0.0,10,0.0,10,,,0.0,10,0.0,10,0.0,10,0.0,10,0.0,10,0.0,10,0.0,10,0.0,10,0.0,10,0.0,10,0.0,10
"Marshall County, Tennessee",300.0,29,,,81.0,77,0.0,29,0.0,29,26.0,38,0.0,29,0.0,29,0.0,29,0.0,29,,,0.0,29,0.0,29,69.0,67,0.0,29,39.0,54,0.0,29,0.0,29,0.0,29,0.0,29,85.0,100,0.0,29
"Marshall County, West Virginia",197.0,4,,,67.0,67,0.0,27,2.0,5,0.0,27,0.0,27,0.0,27,0.0,27,0.0,27,,,0.0,27,0.0,27,11.0,24,0.0,27,0.0,27,0.0,27,0.0,27,0.0,27,3.0,6,0.0,27,0.0,27
"Martin County, Florida",3291.0,165,,,697.0,232,0.0,35,59.0,51,186.0,142,0.0,35,0.0,35,0.0,35,0.0,35,,,16.0,32,27.0,43,947.0,380,0.0,35,0.0,35,0.0,35,0.0,35,0.0,35,284.0,207,316.0,233,0.0,35
"Martin County, Indiana",75.0,18,,,1.0,3,0.0,18,35.0,36,5.0,10,0.0,18,0.0,18,0.0,18,0.0,18,,,0.0,18,0.0,18,34.0,36,0.0,18,0.0,18,0.0,18,0.0,18,0.0,18,0.0,18,0.0,18,0.0,18
"Martin County, Kentucky",8.0,13,,,0.0,20,0.0,20,0.0,20,0.0,20,0.0,20,0.0,20,0.0,20,0.0,20,,,0.0,20,0.0,20,8.0,13,0.0,20,0.0,20,0.0,20,0.0,20,0.0,20,0.0,20,0.0,20,0.0,20
"Martin County, Minnesota",188.0,38,,,51.0,43,0.0,15,6.0,8,28.0,28,0.0,15,0.0,15,10.0,12,0.0,15,,,0.0,15,0.0,15,43.0,43,0.0,15,1.0,2,0.0,15,0.0,15,0.0,15,1.0,2,9.0,10,0.0,15
"Martin County, North Carolina",159.0,25,,,123.0,79,0.0,25,0.0,25,1.0,6,0.0,25,0.0,25,0.0,25,0.0,25,,,0.0,25,0.0,25,35.0,78,0.0,25,0.0,25,0.0,25,0.0,25,0.0,25,0.0,25,0.0,25,0.0,25
"Martin County, Texas",0.0,21,,,0.0,21,0.0,21,0.0,21,0.0,21,0.0,21,0.0,21,0.0,21,0.0,21,,,0.0,21,0.0,21,0.0,21,0.0,21,0.0,21,0.0,21,0.0,21,0.0,21,0.0,21,0.0,21,0.0,21
"Martinsville city, Virginia",191.0,53,,,0.0,21,0.0,21,0.0,21,5.0,12,0.0,21,0.0,21,0.0,21,0.0,21,,,0.0,21,0.0,21,0.0,21,0.0,21,0.0,21,0.0,21,0.0,21,4.0,11,0.0,21,0.0,21,0.0,21
"Mason County, Illinois",44.0,41,,,0.0,19,0.0,19,7.0,11,0.0,19,0.0,19,0.0,19,0.0,19,0.0,19,,,0.0,19,0.0,19,32.0,37,0.0,19,0.0,19,0.0,19,0.0,19,0.0,19,0.0,19,0.0,19,0.0,19
"Mason County, Kentucky",173.0,149,,,11.0,19,0.0,20,104.0,130,58.0,64,0.0,20,0.0,20,0.0,20,0.0,20,,,0.0,20,0.0,20,0.0,20,0.0,20,0.0,20,0.0,20,0.0,20,0.0,20,0.0,20,0.0,20,0.0,20
"Mason County, Michigan",337.0,25,,,9.0,10,0.0,20,16.0,26,44.0,56,0.0,20,0.0,20,0.0,20,0.0,20,,,0.0,20,8.0,26,187.0,71,4.0,6,0.0,20,0.0,20,0.0,20,0.0,20,11.0,16,3.0,7,0.0,20
"Mason County, Texas",29.0,20,,,0.0,15,0.0,15,0.0,15,0.0,15,0.0,15,0.0,15,0.0,15,0.0,15,,,0.0,15,0.0,15,4.0,7,0.0,15,0.0,15,0.0,15,0.0,15,0.0,15,0.0,15,0.0,15,0.0,15
"Mason County, Washington",1797.0,105,,,155.0,91,0.0,31,339.0,136,285.0,165,19.0,18,0.0,31,0.0,31,0.0,31,,,0.0,31,6.0,11,585.0,199,0.0,31,0.0,31,3.0,5,0.0,31,0.0,31,8.0,15,199.0,134,0.0,31
"Mason County, West Virginia",128.0,10,,,15.0,24,0.0,24,0.0,24,29.0,25,0.0,24,0.0,24,0.0,24,0.0,24,,,0.0,24,0.0,24,35.0,30,0.0,24,0.0,24,0.0,24,0.0,24,0.0,24,0.0,24,19.0,25,0.0,24
"Massac County, Illinois",63.0,65,,,4.0,18,0.0,19,7.0,12,35.0,56,0.0,19,3.0,6,0.0,19,0.0,19,,,0.0,19,12.0,18,2.0,3,0.0,19,0.0,19,0.0,19,0.0,19,0.0,19,0.0,19,0.0,19,0.0,19
"Matagorda County, Texas",717.0,81,,,0.0,31,0.0,31,0.0,31,30.0,54,0.0,31,0.0,31,0.0,31,0.0,31,,,0.0,31,0.0,31,121.0,116,0.0,31,0.0,31,0.0,31,0.0,31,0.0,31,0.0,31,176.0,177,0.0,31
"Matanuska-Susitna Borough, Alaska",4428.0,356,,,784.0,243,521.0,239,517.0,194,380.0,126,0.0,24,0.0,24,0.0,24,0.0,24,,,0.0,24,110.0,117,1684.0,338,46.0,65,3.0,5,16.0,25,0.0,24,0.0,24,103.0,93,158.0,104,0.0,24
"Mathews County, Virginia",13.0,20,,,0.0,19,0.0,19,0.0,19,0.0,19,0.0,19,0.0,19,0.0,19,0.0,19,,,0.0,19,0.0,19,0.0,19,0.0,19,0.0,19,0.0,19,0.0,19,0.0,19,0.0,19,0.0,19,0.0,19
"Maui County, Hawaii",97370.0,2404,,,17863.0,1668,12.0,19,24360.0,1880,2893.0,701,13.0,19,672.0,296,65.0,97,0.0,28,,,51.0,64,44.0,51,48189.0,1768,138.0,109,84.0,93,25.0,31,0.0,28,7.0,11,542.0,222,1252.0,465,0.0,28
"Maunabo Municipio, Puerto Rico",7.0,10,,,0.0,24,0.0,24,0.0,24,0.0,24,0.0,24,0.0,24,0.0,24,0.0,24,,,0.0,24,0.0,24,0.0,24,0.0,24,0.0,24,0.0,24,0.0,24,0.0,24,0.0,24,0.0,24,0.0,24
"Maury County, Tennessee",2287.0,1072,,,403.0,290,0.0,32,106.0,83,254.0,227,0.0,32,0.0,32,11.0,27,0.0,32,,,0.0,32,0.0,32,623.0,349,0.0,32,0.0,32,0.0,32,0.0,32,0.0,32,0.0,32,330.0,255,0.0,32
"Maverick County, Texas",376.0,143,,,80.0,145,0.0,35,0.0,35,101.0,112,0.0,35,0.0,35,0.0,35,0.0,35,,,0.0,35,0.0,35,51.0,80,0.0,35,0.0,35,0.0,35,0.0,35,0.0,35,0.0,35,0.0,35,0.0,35
"Mayagüez Municipio, Puerto Rico",180.0,145,,,10.0,16,0.0,35,0.0,35,21.0,31,0.0,35,0.0,35,0.0,35,0.0,35,,,0.0,35,0.0,35,0.0,35,0.0,35,0.0,35,0.0,35,0.0,35,0.0,35,0.0,35,0.0,35,0.0,35
"Mayes County, Oklahoma",396.0,58,,,28.0,24,97.0,47,48.0,45,8.0,15,0.0,22,0.0,22,0.0,22,0.0,22,,,0.0,22,0.0,22,83.0,48,4.0,7,13.0,14,0.0,22,0.0,22,0.0,22,6.0,12,66.0,54,0.0,22
"McClain County, Oklahoma",423.0,31,,,97.0,69,0.0,22,21.0,28,56.0,77,0.0,22,0.0,22,0.0,22,0.0,22,,,0.0,22,0.0,22,83.0,57,0.0,22,0.0,22,0.0,22,0.0,22,0.0,22,0.0,22,50.0,51,0.0,22
"McCone County, Montana",48.0,41,,,0.0,11,0.0,11,0.0,11,41.0,41,0.0,11,0.0,11,0.0,11,0.0,11,,,0.0,11,0.0,11,7.0,9,0.0,11,0.0,11,0.0,11,0.0,11,0.0,11,0.0,11,0.0,11,0.0,11
"McCook County, South Dakota",20.0,18,,,14.0,18,0.0,15,0.0,15,3.0,6,0.0,15,0.0,15,0.0,15,0.0,15,,,0.0,15,0.0,15,0.0,15,0.0,15,0.0,15,0.0,15,0.0,15,0.0,15,0.0,15,0.0,15,0.0,15
"McCormick County, South Carolina",18.0,24,,,0.0,20,0.0,20,0.0,20,0.0,20,0.0,20,0.0,20,0.0,20,0.0,20,,,0.0,20,0.0,20,16.0,24,0.0,20,0.0,20,0.0,20,0.0,20,0.0,20,0.0,20,0.0,20,0.0,20
"McCracken County, Kentucky",1147.0,416,,,190.0,127,0.0,30,283.0,208,62.0,103,0.0,30,89.0,106,8.0,13,0.0,30,,,0.0,30,0.0,30,249.0,166,0.0,30,0.0,30,0.0,30,0.0,30,0.0,30,0.0,30,135.0,152,0.0,30
"McCreary County, Kentucky",25.0,27,,,0.0,20,0.0,20,0.0,20,0.0,20,0.0,20,0.0,20,0.0,20,0.0,20,,,0.0,20,0.0,20,25.0,27,0.0,20,0.0,20,0.0,20,0.0,20,0.0,20,0.0,20,0.0,20,0.0,20
"McCulloch County, Texas",35.0,46,,,13.0,26,0.0,21,0.0,21,0.0,21,0.0,21,0.0,21,0.0,21,0.0,21,,,0.0,21,0.0,21,0.0,21,0.0,21,0.0,21,0.0,21,0.0,21,0.0,21,0.0,21,0.0,21,0.0,21
"McCurtain County, Oklahoma",437.0,48,,,7.0,14,0.0,22,23.0,29,0.0,22,0.0,22,0.0,22,0.0,22,0.0,22,,,0.0,22,40.0,52,102.0,72,0.0,22,126.0,122,0.0,22,0.0,22,0.0,22,0.0,22,96.0,66,0.0,22
"McDonald County, Missouri",614.0,109,,,1.0,2,107.0,97,21.0,39,77.0,67,0.0,22,0.0,22,0.0,22,0.0,22,,,193.0,136,0.0,22,0.0,22,13.0,16,0.0,22,0.0,22,0.0,22,0.0,22,56.0,73,69.0,62,0.0,22
"McDonough County, Illinois",784.0,30,,,114.0,131,0.0,23,119.0,100,85.0,71,0.0,23,0.0,23,0.0,23,0.0,23,,,0.0,23,0.0,23,206.0,118,9.0,22,0.0,23,9.0,16,0.0,23,0.0,23,0.0,23,0.0,23,0.0,23
"McDowell County, North Carolina",659.0,149,,,123.0,117,121.0,160,24.0,31,24.0,31,0.0,29,0.0,29,0.0,29,0.0,29,,,0.0,29,0.0,29,192.0,138,0.0,29,0.0,29,0.0,29,0.0,29,0.0,29,0.0,29,145.0,116,0.0,29
"McDowell County, West Virginia",39.0,38,,,0.0,20,0.0,20,0.0,20,0.0,20,0.0,20,0.0,20,0.0,20,0.0,20,,,0.0,20,0.0,20,9.0,14,0.0,20,0.0,20,0.0,20,0.0,20,0.0,20,0.0,20,0.0,20,0.0,20
"McDuffie County, Georgia",182.0,34,,,0.0,27,0.0,27,10.0,22,19.0,34,0.0,27,0.0,27,0.0,27,0.0,27,,,0.0,27,0.0,27,0.0,27,27.0,43,75.0,58,0.0,27,0.0,27,0.0,27,0.0,27,0.0,27,0.0,27
"McHenry County, Illinois",13006.0,390,,,1038.0,319,0.0,29,752.0,318,1692.0,472,62.0,59,0.0,29,49.0,51,0.0,29,,,143.0,133,157.0,144,4481.0,732,43.0,41,43.0,63,0.0,29,0.0,29,0.0,29,245.0,218,485.0,312,13.0,27
"McHenry County, North Dakota",37.0,22,,,0.0,15,0.0,15,0.0,15,36.0,22,0.0,15,0.0,15,0.0,15,0.0,15,,,0.0,15,0.0,15,1.0,3,0.0,15,0.0,15,0.0,15,0.0,15,0.0,15,0.0,15,0.0,15,0.0,15
"McIntosh County, Georgia",48.0,41,,,6.0,10,0.0,23,0.0,23,0.0,23,0.0,23,0.0,23,0.0,23,0.0,23,,,0.0,23,6.0,10,24.0,34,0.0,23,0.0,23,0.0,23,0.0,23,0.0,23,0.0,23,12.0,19,0.0,23
"McIntosh County, North Dakota",45.0,15,,,3.0,5,0.0,10,17.0,17,0.0,10,0.0,10,0.0,10,0.0,10,0.0,10,,,0.0,10,0.0,10,7.0,12,0.0,10,0.0,10,0.0,10,0.0,10,0.0,10,18.0,21,0.0,10,0.0,10
"McIntosh County, Oklahoma",172.0,16,,,21.0,45,5.0,11,0.0,16,22.0,42,0.0,16,0.0,16,0.0,16,0.0,16,,,0.0,16,0.0,16,3.0,7,0.0,16,0.0,16,0.0,16,0.0,16,0.0,16,0.0,16,0.0,16,0.0,16
"McKean County, Pennsylvania",407.0,51,,,118.0,68,0.0,24,71.0,59,30.0,33,0.0,24,0.0,24,0.0,24,0.0,24,,,0.0,24,0.0,24,64.0,47,0.0,24,0.0,24,0.0,24,0.0,24,0.0,24,56.0,48,23.0,25,0.0,24
"McKenzie County, North Dakota",207.0,63,,,14.0,21,0.0,16,6.0,8,0.0,16,0.0,16,0.0,16,0.0,16,0.0,16,,,0.0,16,0.0,16,151.0,36,0.0,16,0.0,16,0.0,16,0.0,16,0.0,16,0.0,16,0.0,16,0.0,16
"McKinley County, New Mexico",1066.0,97,,,0.0,31,0.0,31,61.0,63,62.0,91,0.0,31,0.0,31,0.0,31,0.0,31,,,0.0,31,0.0,31,522.0,215,0.0,31,0.0,31,0.0,31,0.0,31,0.0,31,0.0,31,20.0,38,0.0,31
"McLean County, Illinois",10231.0,378,,,1472.0,446,0.0,29,230.0,95,814.0,331,0.0,29,0.0,29,47.0,48,0.0,29,,,223.0,333,0.0,29,1146.0,391,6.0,10,40.0,46,0.0,29,0.0,29,0.0,29,34.0,52,542.0,197,0.0,29
"McLean County, Kentucky",93.0,50,,,24.0,32,0.0,18,0.0,18,29.0,31,0.0,18,0.0,18,0.0,18,0.0,18,,,0.0,18,0.0,18,40.0,26,0.0,18,0.0,18,0.0,18,0.0,18,0.0,18,0.0,18,0.0,18,0.0,18
"McLean County, North Dakota",60.0,12,,,5.0,12,0.0,15,8.0,7,16.0,13,0.0,15,0.0,15,0.0,15,0.0,15,,,0.0,15,0.0,15,18.0,14,0.0,15,0.0,15,0.0,15,0.0,15,0.0,15,0.0,15,5.0,12,0.0,15
"McLennan County, Texas",6399.0,241,,,1311.0,358,2.0,4,377.0,185,925.0,334,0.0,35,0.0,35,29.0,32,0.0,35,,,0.0,35,90.0,81,1028.0,356,8.0,19,318.0,301,0.0,35,0.0,35,0.0,35,81.0,70,730.0,358,0.0,35
"McLeod County, Minnesota",390.0,10,,,109.0,42,0.0,20,50.0,57,81.0,78,0.0,20,0.0,20,0.0,20,0.0,20,,,1.0,1,0.0,20,90.0,67,0.0,20,13.0,14,0.0,20,0.0,20,0.0,20,8.0,10,18.0,23,0.0,20
"McMinn County, Tennessee",536.0,59,,,61.0,65,0.0,32,48.0,44,41.0,65,9.0,14,0.0,32,3.0,6,0.0,32,,,0.0,32,0.0,32,111.0,76,0.0,32,41.0,42,0.0,32,0.0,32,0.0,32,20.0,30,0.0,32,0.0,32
"McMullen County, Texas",0.0,15,,,0.0,15,0.0,15,0.0,15,0.0,15,0.0,15,0.0,15,0.0,15,0.0,15,,,0.0,15,0.0,15,0.0,15,0.0,15,0.0,15,0.0,15,0.0,15,0.0,15,0.0,15,0.0,15,0.0,15
"McNairy County, Tennessee",149.0,105,,,60.0,50,0.0,25,9.0,17,63.0,51,0.0,25,0.0,25,0.0,25,0.0,25,,,0.0,25,0.0,25,17.0,20,0.0,25,0.0,25,0.0,25,0.0,25,0.0,25,0.0,25,0.0,25,0.0,25
"McPherson County, Kansas",614.0,201,,,113.0,116,0.0,24,160.0,136,12.0,21,0.0,24,0.0,24,0.0,24,0.0,24,,,0.0,24,0.0,24,230.0,144,11.0,16,9.0,19,0.0,24,0.0,24,0.0,24,22.0,47,30.0,54,0.0,24
"McPherson County, Nebraska",0.0,10,,,0.0,10,0.0,10,0.0,10,0.0,10,0.0,10,0.0,10,0.0,10,0.0,10,,,0.0,10,0.0,10,0.0,10,0.0,10,0.0,10,0.0,10,0.0,10,0.0,10,0.0,10,0.0,10,0.0,10
"McPherson County, South Dakota",8.0,16,,,4.0,8,0.0,10,0.0,10,0.0,10,0.0,10,0.0,10,0.0,10,0.0,10,,,0.0,10,0.0,10,0.0,10,0.0,10,0.0,10,0.0,10,0.0,10,0.0,10,0.0,10,0.0,10,0.0,10
"Meade County, Kansas",0.0,11,,,0.0,11,0.0,11,0.0,11,0.0,11,0.0,11,0.0,11,0.0,11,0.0,11,,,0.0,11,0.0,11,0.0,11,0.0,11,0.0,11,0.0,11,0.0,11,0.0,11,0.0,11,0.0,11,0.0,11
"Meade County, Kentucky",476.0,99,,,34.0,48,0.0,27,44.0,65,160.0,109,0.0,27,0.0,27,0.0,27,0.0,27,,,0.0,27,0.0,27,67.0,53,0.0,27,19.0,29,0.0,27,0.0,27,0.0,27,19.0,26,0.0,27,0.0,27
"Meade County, South Dakota",725.0,133,,,69.0,71,0.0,22,46.0,50,26.0,27,0.0,22,0.0,22,0.0,22,0.0,22,,,0.0,22,0.0,22,542.0,189,0.0,22,0.0,22,0.0,22,0.0,22,0.0,22,9.0,18,30.0,48,0.0,22
"Meagher County, Montana",6.0,13,,,0.0,11,0.0,11,0.0,11,0.0,11,0.0,11,0.0,11,0.0,11,0.0,11,,,0.0,11,0.0,11,6.0,13,0.0,11,0.0,11,0.0,11,0.0,11,0.0,11,0.0,11,0.0,11,0.0,11
"Mecklenburg County, North Carolina",83403.0,932,,,11609.0,1356,1361.0,441,2392.0,546,4550.0,825,130.0,143,0.0,32,571.0,228,0.0,32,,,2348.0,897,2170.0,671,5589.0,829,458.0,280,1361.0,403,93.0,106,0.0,32,0.0,32,587.0,262,12022.0,1351,97.0,124
"Mecklenburg County, Virginia",384.0,28,,,30.0,46,0.0,28,5.0,10,6.0,9,0.0,28,0.0,28,0.0,28,0.0,28,,,0.0,28,0.0,28,108.0,98,0.0,28,0.0,28,0.0,28,0.0,28,0.0,28,3.0,6,110.0,125,0.0,28
"Mecosta County, Michigan",553.0,71,,,136.0,74,0.0,23,34.0,36,63.0,53,0.0,23,1.0,2,0.0,23,0.0,23,,,15.0,19,0.0,23,115.0,82,0.0,23,14.0,29,0.0,23,0.0,23,0.0,23,8.0,12,6.0,13,0.0,23
"Medina County, Ohio",3616.0,255,,,456.0,187,0.0,30,473.0,139,175.0,101,0.0,30,0.0,30,0.0,30,0.0,30,,,13.0,23,9.0,14,1195.0,314,9.0,15,60.0,80,16.0,25,0.0,30,0.0,30,69.0,88,195.0,183,0.0,30
"Medina County, Texas",497.0,315,,,79.0,99,0.0,35,82.0,107,6.0,14,0.0,35,0.0,35,0.0,35,0.0,35,,,5.0,11,0.0,35,106.0,139,0.0,35,0.0,35,0.0,35,0.0,35,0.0,35,0.0,35,24.0,31,0.0,35
"Meeker County, Minnesota",145.0,17,,,9.0,9,0.0,17,0.0,17,22.0,20,0.0,17,0.0,17,0.0,17,0.0,17,,,1.0,3,0.0,17,28.0,27,0.0,17,0.0,17,0.0,17,0.0,17,0.0,17,4.0,7,60.0,40,0.0,17
"Meigs County, Ohio",149.0,125,,,0.0,24,0.0,24,0.0,24,0.0,24,0.0,24,0.0,24,0.0,24,0.0,24,,,0.0,24,0.0,24,148.0,125,0.0,24,0.0,24,0.0,24,0.0,24,0.0,24,0.0,24,0.0,24,0.0,24
"Meigs County, Tennessee",185.0,156,,,0.0,21,0.0,21,0.0,21,0.0,21,0.0,21,0.0,21,0.0,21,0.0,21,,,0.0,21,0.0,21,156.0,160,0.0,21,12.0,25,0.0,21,0.0,21,0.0,21,0.0,21,0.0,21,0.0,21
"Mellette County, South Dakota",11.0,14,,,0.0,10,0.0,10,0.0,10,0.0,10,0.0,10,0.0,10,0.0,10,0.0,10,,,0.0,10,0.0,10,11.0,14,0.0,10,0.0,10,0.0,10,0.0,10,0.0,10,0.0,10,0.0,10,0.0,10
"Menard County, Illinois",168.0,67,,,57.0,62,0.0,19,0.0,19,0.0,19,0.0,19,0.0,19,0.0,19,0.0,19,,,0.0,19,0.0,19,74.0,33,0.0,19,0.0,19,0.0,19,0.0,19,0.0,19,0.0,19,0.0,19,0.0,19
"Menard County, Texas",0.0,15,,,0.0,15,0.0,15,0.0,15,0.0,15,0.0,15,0.0,15,0.0,15,0.0,15,,,0.0,15,0.0,15,0.0,15,0.0,15,0.0,15,0.0,15,0.0,15,0.0,15,0.0,15,0.0,15,0.0,15
"Mendocino County, California",2931.0,143,,,916.0,276,12.0,27,271.0,142,144.0,98,0.0,32,0.0,32,21.0,37,0.0,32,,,9.0,16,12.0,24,695.0,223,54.0,49,37.0,59,0.0,32,0.0,32,0.0,32,150.0,109,339.0,210,0.0,32
"Menifee County, Kentucky",0.0,18,,,0.0,18,0.0,18,0.0,18,0.0,18,0.0,18,0.0,18,0.0,18,0.0,18,,,0.0,18,0.0,18,0.0,18,0.0,18,0.0,18,0.0,18,0.0,18,0.0,18,0.0,18,0.0,18,0.0,18
"Menominee County, Michigan",194.0,32,,,26.0,27,0.0,20,65.0,52,32.0,22,0.0,20,0.0,20,0.0,20,0.0,20,,,0.0,20,0.0,20,31.0,23,0.0,20,4.0,6,0.0,20,0.0,20,0.0,20,0.0,20,11.0,13,0.0,20
"Menominee County, Wisconsin",7.0,9,,,0.0,10,0.0,10,0.0,10,0.0,10,0.0,10,0.0,10,0.0,10,0.0,10,,,0.0,10,0.0,10,7.0,9,0.0,10,0.0,10,0.0,10,0.0,10,0.0,10,0.0,10,0.0,10,0.0,10
"Merced County, California",25518.0,757,,,1313.0,385,6762.0,944,1029.0,370,637.0,362,58.0,51,0.0,32,80.0,62,156.0,244,,,0.0,32,162.0,85,4206.0,812,80.0,91,699.0,267,12.0,20,1123.0,585,0.0,32,1251.0,609,825.0,360,38.0,57
"Mercer County, Illinois",127.0,22,,,3.0,5,0.0,19,6.0,8,26.0,25,0.0,19,0.0,19,0.0,19,0.0,19,,,0.0,19,0.0,19,42.0,30,5.0,9,12.0,17,0.0,19,0.0,19,0.0,19,3.0,6,18.0,13,0.0,19
"Mercer County, Kentucky",82.0,56,,,14.0,25,0.0,24,10.0,17,27.0,32,0.0,24,0.0,24,0.0,24,0.0,24,,,0.0,24,0.0,24,20.0,29,0.0,24,0.0,24,0.0,24,0.0,24,0.0,24,0.0,24,0.0,24,0.0,24
"Mercer County, Missouri",59.0,30,,,0.0,12,0.0,12,0.0,12,24.0,25,0.0,12,0.0,12,0.0,12,0.0,12,,,0.0,12,0.0,12,6.0,8,0.0,12,0.0,12,0.0,12,0.0,12,0.0,12,0.0,12,0.0,12,0.0,12
"Mercer County, New Jersey",52329.0,822,,,10476.0,1130,0.0,32,1832.0,466,3268.0,554,156.0,192,1.0,6,750.0,258,0.0,32,,,409.0,380,65.0,121,3716.0,622,175.0,162,0.0,32,85.0,74,0.0,32,44.0,45,141.0,81,543.0,243,0.0,32
"Mercer County, North Dakota",75.0,64,,,0.0,15,0.0,15,35.0,54,0.0,15,0.0,15,0.0,15,0.0,15,0.0,15,,,0.0,15,0.0,15,40.0,42,0.0,15,0.0,15,0.0,15,0.0,15,0.0,15,0.0,15,0.0,15,0.0,15
"Mercer County, Ohio",339.0,27,,,4.0,9,0.0,27,38.0,44,5.0,10,0.0,27,0.0,27,8.0,16,0.0,27,,,0.0,27,0.0,27,113.0,102,0.0,27,0.0,27,0.0,27,0.0,27,0.0,27,10.0,17,104.0,107,0.0,27
"Mercer County, Pennsylvania",1185.0,64,,,187.0,92,7.0,12,63.0,54,49.0,55,0.0,27,0.0,27,5.0,16,0.0,27,,,0.0,27,0.0,27,298.0,135,116.0,101,0.0,27,0.0,27,0.0,27,0.0,27,33.0,37,87.0,95,0.0,27
"Mercer County, West Virginia",599.0,196,,,31.0,47,0.0,30,46.0,55,30.0,46,0.0,30,0.0,30,0.0,30,0.0,30,,,0.0,30,1.0,5,41.0,40,0.0,30,0.0,30,0.0,30,0.0,30,0.0,30,197.0,142,9.0,20,0.0,30
"Meriwether County, Georgia",99.0,76,,,2.0,3,0.0,27,0.0,27,85.0,71,0.0,27,0.0,27,0.0,27,0.0,27,,,0.0,27,0.0,27,0.0,27,0.0,27,0.0,27,0.0,27,0.0,27,0.0,27,6.0,12,0.0,27,0.0,27
"Merrick County, Nebraska",162.0,16,,,6.0,10,0.0,15,40.0,44,78.0,59,0.0,15,0.0,15,12.0,20,0.0,15,,,0.0,15,0.0,15,0.0,15,0.0,15,0.0,15,0.0,15,0.0,15,0.0,15,0.0,15,0.0,15,0.0,15
"Merrimack County, New Hampshire",4881.0,469,,,677.0,255,0.0,29,396.0,184,589.0,239,0.0,29,0.0,29,13.0,19,5.0,8,,,24.0,39,103.0,118,940.0,293,113.0,82,45.0,58,0.0,29,0.0,29,0.0,29,211.0,217,259.0,71,15.0,24
"Mesa County, Colorado",2891.0,223,,,459.0,239,0.0,31,625.0,272,327.0,170,0.0,31,0.0,31,27.0,43,0.0,31,,,0.0,31,0.0,31,821.0,363,0.0,31,0.0,31,0.0,31,0.0,31,0.0,31,68.0,107,372.0,230,0.0,31
"Metcalfe County, Kentucky",35.0,55,,,0.0,20,0.0,20,0.0,20,0.0,20,0.0,20,0.0,20,0.0,20,0.0,20,,,0.0,20,0.0,20,0.0,20,0.0,20,0.0,20,0.0,20,0.0,20,0.0,20,0.0,20,1.0,8,0.0,20
"Miami County, Indiana",307.0,70,,,148.0,73,0.0,27,33.0,44,3.0,5,0.0,27,1.0,2,0.0,27,0.0,27,,,0.0,27,0.0,27,2.0,6,0.0,27,0.0,27,0.0,27,0.0,27,0.0,27,0.0,27,33.0,44,0.0,27
"Miami County, Kansas",427.0,67,,,40.0,35,0.0,24,40.0,35,0.0,24,0.0,24,0.0,24,24.0,40,0.0,24,,,0.0,24,0.0,24,75.0,85,0.0,24,0.0,24,0.0,24,0.0,24,0.0,24,71.0,66,0.0,24,0.0,24
"Miami County, Ohio",2429.0,99,,,140.0,95,0.0,30,991.0,280,97.0,85,0.0,30,0.0,30,0.0,30,4.0,8,,,0.0,30,4.0,8,515.0,247,0.0,30,27.0,33,0.0,30,0.0,30,0.0,30,80.0,103,135.0,169,0.0,30
"Miami-Dade County, Florida",61554.0,2191,,,18191.0,1886,41.0,65,2537.0,573,2871.0,749,38.0,48,0.0,35,848.0,349,0.0,35,,,192.0,156,154.0,102,8261.0,1107,409.0,248,422.0,327,90.0,76,0.0,35,28.0,27,1647.0,474,3352.0,852,90.0,145
"Middlesex County, Massachusetts",249533.0,1345,,,84772.0,2693,99.0,92,8243.0,916,15556.0,1426,173.0,89,17.0,27,4889.0,763,0.0,32,,,796.0,449,18643.0,1568,7435.0,903,1969.0,762,2038.0,667,623.0,389,0.0,32,256.0,138,1935.0,433,15830.0,2271,11.0,18
"Middlesex County, New Jersey",231246.0,1741,,,27677.0,1734,0.0,32,1514.0,464,7155.0,1102,91.0,69,0.0,32,2088.0,543,0.0,32,,,296.0,220,89.0,84,18134.0,1776,731.0,371,21.0,38,188.0,182,0.0,32,47.0,51,655.0,313,3308.0,875,0.0,32
"Middlesex County, Virginia",223.0,260,,,43.0,50,0.0,21,0.0,21,0.0,21,0.0,21,0.0,21,0.0,21,0.0,21,,,0.0,21,0.0,21,0.0,21,0.0,21,0.0,21,0.0,21,0.0,21,0.0,21,0.0,21,0.0,21,0.0,21
"Midland County, Michigan",2350.0,75,,,318.0,159,0.0,26,223.0,103,295.0,170,0.0,26,0.0,26,56.0,94,0.0,26,,,0.0,26,17.0,26,218.0,137,0.0,26,0.0,26,0.0,26,0.0,26,0.0,26,3.0,6,180.0,152,0.0,26
"Midland County, Texas",5910.0,856,,,1024.0,441,0.0,35,510.0,573,329.0,236,0.0,35,0.0,35,0.0,35,0.0,35,,,387.0,353,499.0,415,677.0,335,101.0,164,53.0,88,0.0,35,0.0,35,0.0,35,0.0,35,718.0,405,0.0,35
"Mifflin County, Pennsylvania",359.0,16,,,96.0,102,0.0,24,10.0,16,76.0,96,0.0,24,0.0,24,0.0,24,0.0,24,,,0.0,24,0.0,24,109.0,127,0.0,24,0.0,24,0.0,24,0.0,24,0.0,24,15.0,20,25.0,31,0.0,24
"Milam County, Texas",132.0,110,,,13.0,21,0.0,28,61.0,94,0.0,28,0.0,28,0.0,28,0.0,28,0.0,28,,,0.0,28,4.0,7,23.0,26,0.0,28,0.0,28,0.0,28,0.0,28,0.0,28,0.0,28,18.0,30,0.0,28
"Millard County, Utah",235.0,66,,,36.0,55,63.0,60,9.0,12,88.0,86,0.0,19,0.0,19,0.0,19,0.0,19,,,0.0,19,3.0,7,7.0,12,0.0,19,24.0,26,0.0,19,0.0,19,0.0,19,0.0,19,0.0,19,0.0,19
"Mille Lacs County, Minnesota",298.0,7,,,30.0,25,95.0,49,23.0,18,15.0,11,0.0,17,0.0,17,0.0,17,0.0,17,,,0.0,17,0.0,17,22.0,17,6.0,7,0.0,17,0.0,17,0.0,17,0.0,17,0.0,17,47.0,46,0.0,17
"Miller County, Arkansas",353.0,36,,,0.0,27,0.0,27,14.0,23,33.0,56,0.0,27,0.0,27,0.0,27,0.0,27,,,0.0,27,35.0,60,0.0,27,0.0,27,0.0,27,0.0,27,0.0,27,0.0,27,0.0,27,69.0,84,0.0,27
"Miller County, Georgia",47.0,36,,,1.0,4,0.0,20,0.0,20,8.0,14,0.0,20,0.0,20,0.0,20,0.0,20,,,8.0,15,8.0,14,11.0,16,0.0,20,0.0,20,0.0,20,0.0,20,0.0,20,0.0,20,8.0,12,0.0,20
"Miller County, Missouri",177.0,25,,,67.0,73,0.0,22,8.0,13,52.0,56,0.0,22,0.0,22,0.0,22,0.0,22,,,0.0,22,0.0,22,26.0,30,0.0,22,0.0,22,0.0,22,0.0,22,0.0,22,6.0,15,0.0,22,0.0,22
"Mills County, Iowa",123.0,33,,,5.0,6,0.0,16,0.0,16,11.0,13,0.0,16,0.0,16,0.0,16,0.0,16,,,0.0,16,0.0,16,96.0,41,0.0,16,0.0,16,0.0,16,0.0,16,0.0,16,0.0,16,11.0,16,0.0,16
"Mills County, Texas",16.0,20,,,0.0,15,0.0,15,0.0,15,0.0,15,0.0,15,0.0,15,0.0,15,0.0,15,,,0.0,15,6.0,10,0.0,15,8.0,17,0.0,15,0.0,15,0.0,15,0.0,15,0.0,15,2.0,5,0.0,15
"Milwaukee County, Wisconsin",54493.0,875,,,5632.0,809,14337.0,1458,2186.0,537,2300.0,374,51.0,68,0.0,23,248.0,121,0.0,23,,,5581.0,1145,143.0,107,4602.0,679,374.0,197,2308.0,709,672.0,466,0.0,23,5.0,8,1052.0,440,2048.0,536,11.0,17
"Miner County, South Dakota",4.0,7,,,0.0,10,0.0,10,0.0,10,4.0,7,0.0,10,0.0,10,0.0,10,0.0,10,,,0.0,10,0.0,10,0.0,10,0.0,10,0.0,10,0.0,10,0.0,10,0.0,10,0.0,10,0.0,10,0.0,10
"Mineral County, Colorado",48.0,48,,,0.0,13,0.0,13,11.0,14,0.0,13,34.0,45,0.0,13,0.0,13,0.0,13,,,0.0,13,0.0,13,0.0,13,0.0,13,0.0,13,0.0,13,0.0,13,0.0,13,0.0,13,0.0,13,0.0,13
"Mineral County, Montana",52.0,11,,,0.0,11,0.0,11,14.0,15,7.0,8,0.0,11,0.0,11,0.0,11,0.0,11,,,0.0,11,0.0,11,2.0,7,0.0,11,0.0,11,0.0,11,0.0,11,0.0,11,2.0,4,17.0,17,0.0,11
"Mineral County, Nevada",4.0,7,,,0.0,14,0.0,14,0.0,14,0.0,14,0.0,14,0.0,14,0.0,14,0.0,14,,,0.0,14,0.0,14,4.0,7,0.0,14,0.0,14,0.0,14,0.0,14,0.0,14,0.0,14,0.0,14,0.0,14
"Mineral County, West Virginia",98.0,100,,,0.0,24,0.0,24,8.0,13,0.0,24,0.0,24,0.0,24,0.0,24,0.0,24,,,0.0,24,0.0,24,0.0,24,0.0,24,0.0,24,0.0,24,0.0,24,0.0,24,0.0,24,49.0,90,0.0,24
"Mingo County, West Virginia",2.0,5,,,2.0,5,0.0,24,0.0,24,0.0,24,0.0,24,0.0,24,0.0,24,0.0,24,,,0.0,24,0.0,24,0.0,24,0.0,24,0.0,24,0.0,24,0.0,24,0.0,24,0.0,24,0.0,24,0.0,24
"Minidoka County, Idaho",282.0,106,,,0.0,23,0.0,23,113.0,108,2.0,4,0.0,23,0.0,23,0.0,23,0.0,23,,,23.0,36,0.0,23,61.0,54,0.0,23,0.0,23,0.0,23,0.0,23,0.0,23,39.0,35,0.0,23,0.0,23
"Minnehaha County, South Dakota",6045.0,343,,,430.0,187,0.0,24,485.0,195,791.0,290,0.0,24,0.0,24,0.0,24,0.0,24,,,207.0,185,272.0,230,789.0,271,75.0,57,342.0,148,0.0,24,0.0,24,0.0,24,106.0,98,519.0,209,0.0,24
"Missaukee County, Michigan",121.0,8,,,19.0,25,0.0,17,65.0,48,6.0,9,0.0,17,0.0,17,0.0,17,0.0,17,,,0.0,17,0.0,17,18.0,20,0.0,17,0.0,17,0.0,17,0.0,17,0.0,17,0.0,17,3.0,4,0.0,17
"Mississippi County, Arkansas",343.0,106,,,33.0,55,0.0,27,9.0,16,0.0,27,0.0,27,0.0,27,0.0,27,0.0,27,,,0.0,27,131.0,93,8.0,11,0.0,27,0.0,27,0.0,27,0.0,27,0.0,27,0.0,27,29.0,40,0.0,27
"Mississippi County, Missouri",44.0,53,,,0.0,19,0.0,19,0.0,19,0.0,19,0.0,19,0.0,19,0.0,19,0.0,19,,,0.0,19,0.0,19,0.0,19,0.0,19,0.0,19,0.0,19,0.0,19,0.0,19,12.0,20,0.0,19,0.0,19
"Missoula County, Montana",3476.0,173,,,501.0,221,410.0,317,548.0,241,318.0,191,0.0,26,21.0,34,74.0,100,0.0,26,,,0.0,26,2.0,5,1062.0,280,63.0,99,42.0,118,34.0,59,0.0,26,0.0,26,190.0,149,108.0,88,0.0,26
"Mitchell County, Georgia",31.0,33,,,0.0,27,0.0,27,12.0,19,1.0,6,0.0,27,0.0,27,0.0,27,0.0,27,,,0.0,27,0.0,27,0.0,27,0.0,27,0.0,27,0.0,27,0.0,27,0.0,27,0.0,27,0.0,27,0.0,27
"Mitchell County, Iowa",71.0,16,,,4.0,6,0.0,16,3.0,6,19.0,19,0.0,16,0.0,16,0.0,16,0.0,16,,,0.0,16,0.0,16,26.0,24,0.0,16,1.0,2,0.0,16,0.0,16,0.0,16,1.0,4,3.0,5,0.0,16
"Mitchell County, Kansas",40.0,41,,,12.0,20,0.0,16,0.0,16,0.0,16,0.0,16,0.0,16,0.0,16,0.0,16,,,0.0,16,0.0,16,0.0,16,0.0,16,0.0,16,0.0,16,0.0,16,0.0,16,0.0,16,12.0,20,0.0,16
"Mitchell County, North Carolina",119.0,15,,,0.0,21,0.0,21,42.0,38,0.0,21,0.0,21,0.0,21,1.0,3,0.0,21,,,0.0,21,0.0,21,49.0,43,0.0,21,0.0,21,0.0,21,0.0,21,0.0,21,0.0,21,4.0,8,0.0,21
"Mitchell County, Texas",317.0,409,,,85.0,119,0.0,21,0.0,21,85.0,119,0.0,21,0.0,21,0.0,21,0.0,21,,,0.0,21,0.0,21,136.0,172,0.0,21,0.0,21,0.0,21,0.0,21,0.0,21,0.0,21,0.0,21,0.0,21
"Mobile County, Alabama",11423.0,463,,,1694.0,445,26.0,42,357.0,212,494.0,231,0.0,31,3.0,4,39.0,57,0.0,31,,,0.0,31,640.0,312,1655.0,455,45.0,75,552.0,261,80.0,85,0.0,31,0.0,31,239.0,215,4210.0,716,0.0,31
"Moca Municipio, Puerto Rico",68.0,89,,,0.0,32,0.0,32,12.0,18,0.0,32,0.0,32,0.0,32,0.0,32,0.0,32,,,0.0,32,0.0,32,0.0,32,0.0,32,0.0,32,0.0,32,0.0,32,0.0,32,0.0,32,0.0,32,0.0,32
"Modoc County, California",138.0,231,,,17.0,23,0.0,19,7.0,15,15.0,21,0.0,19,0.0,19,0.0,19,0.0,19,,,0.0,19,69.0,233,13.0,22,0.0,19,0.0,19,0.0,19,0.0,19,0.0,19,0.0,19,4.0,9,0.0,19
"Moffat County, Colorado",139.0,21,,,0.0,21,0.0,21,35.0,50,24.0,51,0.0,21,0.0,21,0.0,21,0.0,21,,,0.0,21,0.0,21,80.0,82,0.0,21,0.0,21,0.0,21,0.0,21,0.0,21,0.0,21,0.0,21,0.0,21
"Mohave County, Arizona",4364.0,177,,,148.0,78,0.0,33,404.0,171,353.0,193,27.0,40,0.0,33,17.0,21,0.0,33,,,0.0,33,42.0,46,1876.0,283,52.0,56,12.0,45,0.0,33,0.0,33,0.0,33,327.0,209,231.0,125,0.0,33
"Moniteau County, Missouri",116.0,38,,,7.0,12,0.0,19,0.0,19,3.0,9,0.0,19,0.0,19,0.0,19,0.0,19,,,49.0,66,0.0,19,50.0,25,0.0,19,0.0,19,0.0,19,0.0,19,0.0,19,0.0,19,7.0,12,0.0,19
"Monmouth County, New Jersey",42630.0,840,,,11544.0,1029,0.0,32,924.0,262,3254.0,662,145.0,108,0.0,32,656.0,266,39.0,64,,,112.0,87,279.0,225,6374.0,1023,21.0,26,125.0,140,17.0,27,0.0,32,86.0,71,302.0,184,1603.0,471,0.0,32
"Mono County, California",486.0,86,,,2.0,4,0.0,21,114.0,133,27.0,38,0.0,21,0.0,21,0.0,21,0.0,21,,,0.0,21,76.0,81,71.0,110,0.0,21,0.0,21,0.0,21,0.0,21,0.0,21,0.0,21,15.0,16,0.0,21
"Monona County, Iowa",0.0,15,,,0.0,15,0.0,15,0.0,15,0.0,15,0.0,15,0.0,15,0.0,15,0.0,15,,,0.0,15,0.0,15,0.0,15,0.0,15,0.0,15,0.0,15,0.0,15,0.0,15,0.0,15,0.0,15,0.0,15
"Monongalia County, West Virginia",4602.0,159,,,1191.0,364,0.0,30,292.0,186,287.0,230,0.0,30,0.0,30,36.0,53,14.0,23,,,0.0,30,0.0,30,1018.0,320,33.0,52,0.0,30,0.0,30,0.0,30,0.0,30,12.0,18,427.0,237,0.0,30
"Monroe County, Alabama",128.0,21,,,14.0,27,0.0,21,0.0,21,25.0,42,0.0,21,0.0,21,0.0,21,0.0,21,,,0.0,21,0.0,21,89.0,51,0.0,21,0.0,21,0.0,21,0.0,21,0.0,21,0.0,21,0.0,21,0.0,21
"Monroe County, Arkansas",66.0,79,,,46.0,77,0.0,18,0.0,18,0.0,18,0.0,18,0.0,18,0.0,18,0.0,18,,,0.0,18,0.0,18,6.0,12,0.0,18,0.0,18,0.0,18,0.0,18,0.0,18,0.0,18,14.0,22,0.0,18
"Monroe County, Florida",2073.0,243,,,355.0,178,0.0,35,66.0,52,55.0,45,0.0,35,0.0,35,18.0,27,9.0,13,,,0.0,35,0.0,35,582.0,196,0.0,35,0.0,35,0.0,35,0.0,35,0.0,35,9.0,17,121.0,91,0.0,35
"Monroe County, Georgia",385.0,54,,,244.0,172,0.0,27,1.0,3,1.0,3,0.0,27,0.0,27,0.0,27,0.0,27,,,0.0,27,0.0,27,129.0,179,0.0,27,0.0,27,0.0,27,0.0,27,0.0,27,0.0,27,0.0,27,0.0,27
"Monroe County, Illinois",347.0,18,,,93.0,80,0.0,26,34.0,43,135.0,77,0.0,26,0.0,26,0.0,26,0.0,26,,,0.0,26,0.0,26,63.0,60,0.0,26,0.0,26,0.0,26,0.0,26,0.0,26,0.0,26,0.0,26,0.0,26
"Monroe County, Indiana",11376.0,187,,,3513.0,517,11.0,21,550.0,238,1190.0,353,47.0,63,0.0,30,264.0,157,7.0,12,,,91.0,65,0.0,30,1038.0,305,0.0,30,0.0,30,123.0,162,0.0,30,78.0,99,48.0,51,534.0,325,0.0,30
"Monroe County, Iowa",110.0,65,,,0.0,15,0.0,15,0.0,15,0.0,15,0.0,15,0.0,15,0.0,15,0.0,15,,,0.0,15,0.0,15,50.0,61,0.0,15,0.0,15,0.0,15,0.0,15,0.0,15,0.0,15,0.0,15,0.0,15
"Monroe County, Kentucky",21.0,37,,,21.0,37,0.0,20,0.0,20,0.0,20,0.0,20,0.0,20,0.0,20,0.0,20,,,0.0,20,0.0,20,0.0,20,0.0,20,0.0,20,0.0,20,0.0,20,0.0,20,0.0,20,0.0,20,0.0,20
"Monroe County, Michigan",1698.0,106,,,97.0,83,60.0,70,238.0,120,232.0,137,0.0,26,0.0,26,0.0,26,0.0,26,,,0.0,26,21.0,23,287.0,134,4.0,9,4.0,7,19.0,30,0.0,26,0.0,26,67.0,65,65.0,65,0.0,26
"Monroe County, Mississippi",132.0,116,,,0.0,30,0.0,30,0.0,30,0.0,30,0.0,30,0.0,30,0.0,30,0.0,30,,,0.0,30,0.0,30,38.0,48,0.0,30,0.0,30,0.0,30,0.0,30,0.0,30,0.0,30,89.0,100,0.0,30
"Monroe County, Missouri",37.0,32,,,0.0,17,0.0,17,11.0,16,6.0,7,0.0,17,0.0,17,0.0,17,0.0,17,,,0.0,17,0.0,17,0.0,17,4.0,7,0.0,17,0.0,17,0.0,17,0.0,17,0.0,17,0.0,17,0.0,17
"Monroe County, New York",37986.0,913,,,8535.0,1020,0.0,31,1237.0,293,3254.0,570,9.0,19,75.0,97,361.0,133,0.0,31,,,1350.0,692,191.0,87,3017.0,557,46.0,42,972.0,359,36.0,26,0.0,31,0.0,31,1255.0,623,2833.0,576,0.0,31
"Monroe County, Ohio",87.0,79,,,9.0,15,0.0,20,6.0,20,0.0,20,0.0,20,0.0,20,0.0,20,0.0,20,,,0.0,20,0.0,20,0.0,20,0.0,20,0.0,20,0.0,20,0.0,20,0.0,20,0.0,20,0.0,20,0.0,20
"Monroe County, Pennsylvania",5943.0,309,,,842.0,353,0.0,27,142.0,105,663.0,315,41.0,41,0.0,27,0.0,27,0.0,27,,,0.0,27,0.0,27,1033.0,383,1.0,8,34.0,50,4.0,9,0.0,27,0.0,27,30.0,23,630.0,347,0.0,27
"Monroe County, Tennessee",270.0,72,,,66.0,53,0.0,29,28.0,42,0.0,29,0.0,29,0.0,29,0.0,29,0.0,29,,,0.0,29,0.0,29,60.0,63,25.0,39,0.0,29,0.0,29,0.0,29,0.0,29,60.0,78,31.0,51,0.0,29
"Monroe County, West Virginia",75.0,127,,,0.0,20,0.0,20,26.0,52,23.0,51,0.0,20,0.0,20,0.0,20,0.0,20,,,0.0,20,0.0,20,26.0,52,0.0,20,0.0,20,0.0,20,0.0,20,0.0,20,0.0,20,0.0,20,0.0,20
"Monroe County, Wisconsin",623.0,39,,,52.0,36,43.0,43,44.0,32,123.0,61,11.0,19,0.0,21,0.0,21,0.0,21,,,0.0,21,0.0,21,227.0,89,15.0,20,0.0,21,0.0,21,0.0,21,0.0,21,3.0,4,0.0,21,0.0,21
"Montague County, Texas",126.0,15,,,0.0,28,0.0,28,8.0,28,0.0,28,0.0,28,0.0,28,0.0,28,0.0,28,,,0.0,28,0.0,28,0.0,28,16.0,36,26.0,73,0.0,28,0.0,28,0.0,28,0.0,28,0.0,28,0.0,28
"Montcalm County, Michigan",434.0,7,,,27.0,23,0.0,26,41.0,34,14.0,21,0.0,26,0.0,26,0.0,26,0.0,26,,,0.0,26,0.0,26,111.0,77,0.0,26,0.0,26,0.0,26,0.0,26,0.0,26,65.0,84,122.0,80,0.0,26
"Monterey County, California",34894.0,850,,,5366.0,645,229.0,198,3888.0,501,2807.0,503,78.0,101,0.0,32,316.0,237,25.0,28,,,130.0,115,113.0,67,15878.0,1244,87.0,83,84.0,80,20.0,29,0.0,32,0.0,32,323.0,140,1878.0,365,0.0,32
"Montezuma County, Colorado",287.0,3,,,173.0,79,0.0,25,19.0,22,0.0,25,0.0,25,3.0,7,0.0,25,0.0,25,,,0.0,25,16.0,36,42.0,47,8.0,13,0.0,25,0.0,25,0.0,25,0.0,25,21.0,32,0.0,25,0.0,25
"Montgomery County, Alabama",8843.0,198,,,992.0,337,0.0,31,372.0,273,3942.0,581,0.0,31,0.0,31,156.0,108,0.0,31,,,14.0,27,0.0,31,482.0,194,6.0,11,193.0,137,0.0,31,0.0,31,0.0,31,108.0,69,496.0,243,0.0,31
"Montgomery County, Arkansas",130.0,92,,,0.0,18,59.0,75,0.0,18,0.0,18,0.0,18,0.0,18,0.0,18,0.0,18,,,0.0,18,0.0,18,53.0,67,0.0,18,0.0,18,0.0,18,0.0,18,0.0,18,0.0,18,18.0,28,0.0,18
"Montgomery County, Georgia",53.0,53,,,2.0,6,0.0,20,0.0,20,21.0,34,0.0,20,0.0,20,0.0,20,0.0,20,,,0.0,20,0.0,20,0.0,20,0.0,20,0.0,20,0.0,20,0.0,20,0.0,20,0.0,20,7.0,17,0.0,20
"Montgomery County, Illinois",190.0,23,,,12.0,20,0.0,23,0.0,23,4.0,9,0.0,23,0.0,23,4.0,8,0.0,23,,,0.0,23,0.0,23,46.0,62,0.0,23,0.0,23,0.0,23,0.0,23,0.0,23,0.0,23,0.0,23,0.0,23
"Montgomery County, Indiana",295.0,94,,,55.0,63,0.0,27,18.0,20,22.0,35,0.0,27,0.0,27,0.0,27,0.0,27,,,0.0,27,0.0,27,49.0,49,17.0,17,0.0,27,0.0,27,0.0,27,0.0,27,29.0,55,0.0,27,0.0,27
"Montgomery County, Iowa",79.0,64,,,5.0,9,0.0,16,21.0,33,1.0,3,0.0,16,0.0,16,0.0,16,0.0,16,,,0.0,16,0.0,16,52.0,54,0.0,16,0.0,16,0.0,16,0.0,16,0.0,16,0.0,16,0.0,16,0.0,16
"Montgomery County, Kansas",446.0,28,,,17.0,18,0.0,24,179.0,118,15.0,24,0.0,24,0.0,24,0.0,24,0.0,24,,,0.0,24,0.0,24,122.0,129,0.0,24,0.0,24,0.0,24,0.0,24,0.0,24,5.0,11,0.0,24,0.0,24
"Montgomery County, Kentucky",162.0,7,,,0.0,24,0.0,24,0.0,24,10.0,24,0.0,24,0.0,24,2.0,5,0.0,24,,,0.0,24,0.0,24,3.0,8,0.0,24,0.0,24,0.0,24,0.0,24,0.0,24,0.0,24,0.0,24,0.0,24
"Montgomery County, Maryland",189813.0,1297,,,46182.0,2308,104.0,102,7272.0,1026,20516.0,1902,295.0,199,49.0,86,3556.0,698,0.0,32,,,1802.0,604,1673.0,513,18934.0,1627,2169.0,652,315.0,216,237.0,117,57.0,94,30.0,46,2690.0,574,15063.0,1665,46.0,47
"Montgomery County, Mississippi",3.0,5,,,0.0,20,0.0,20,0.0,20,0.0,20,0.0,20,0.0,20,0.0,20,0.0,20,,,0.0,20,0.0,20,0.0,20,0.0,20,0.0,20,0.0,20,0.0,20,0.0,20,0.0,20,3.0,5,0.0,20
"Montgomery County, Missouri",27.0,25,,,6.0,10,0.0,19,0.0,19,0.0,19,0.0,19,0.0,19,0.0,19,0.0,19,,,0.0,19,0.0,19,20.0,23,0.0,19,0.0,19,0.0,19,0.0,19,0.0,19,0.0,19,1.0,2,0.0,19
"Montgomery County, New York",624.0,42,,,100.0,41,0.0,28,42.0,51,70.0,64,0.0,28,0.0,28,0.0,28,0.0,28,,,61.0,90,0.0,28,132.0,48,13.0,16,0.0,28,0.0,28,0.0,28,0.0,28,92.0,70,26.0,33,0.0,28
"Montgomery County, North Carolina",452.0,25,,,106.0,101,180.0,127,0.0,25,20.0,39,0.0,25,0.0,25,0.0,25,0.0,25,,,51.0,84,0.0,25,14.0,19,0.0,25,16.0,24,0.0,25,0.0,25,19.0,29,0.0,25,0.0,25,0.0,25
"Montgomery County, Ohio",17783.0,526,,,2710.0,518,0.0,30,1103.0,304,1507.0,456,10.0,16,0.0,30,104.0,81,0.0,30,,,20.0,32,250.0,155,3760.0,577,334.0,177,27.0,41,34.0,39,0.0,30,82.0,81,469.0,215,1426.0,410,0.0,30
"Montgomery County, Pennsylvania",81332.0,1036,,,17422.0,1402,7.0,10,1634.0,393,13449.0,1358,91.0,84,37.0,57,782.0,250,0.0,27,,,10.0,16,1099.0,355,5562.0,996,303.0,142,390.0,217,133.0,116,0.0,27,48.0,56,626.0,270,6120.0,906,9.0,16
"Montgomery County, Tennessee",9616.0,587,,,998.0,488,262.0,274,485.0,183,2925.0,704,3.0,7,0.0,32,21.0,31,0.0,32,,,42.0,70,135.0,162,2564.0,684,0.0,32,0.0,32,0.0,32,0.0,32,0.0,32,193.0,158,388.0,253,0.0,32
"Montgomery County, Texas",29165.0,871,,,5355.0,1090,15.0,26,1358.0,361,1772.0,674,13.0,24,6.0,9,328.0,209,0.0,35,,,102.0,125,234.0,233,5346.0,990,440.0,222,21.0,34,32.0,42,0.0,35,156.0,105,564.0,254,2513.0,750,0.0,35
"Montgomery County, Virginia",7588.0,224,,,1965.0,392,0.0,31,385.0,199,1097.0,323,10.0,16,0.0,31,51.0,43,0.0,31,,,28.0,38,0.0,31,248.0,136,5.0,8,5.0,13,12.0,21,0.0,31,0.0,31,117.0,99,372.0,174,0.0,31
"Montmorency County, Michigan",59.0,8,,,14.0,21,0.0,15,3.0,7,0.0,15,0.0,15,0.0,15,0.0,15,0.0,15,,,0.0,15,0.0,15,36.0,21,0.0,15,0.0,15,0.0,15,0.0,15,0.0,15,0.0,15,0.0,15,0.0,15
"Montour County, Pennsylvania",715.0,26,,,179.0,108,0.0,18,0.0,18,8.0,10,0.0,18,0.0,18,0.0,18,0.0,18,,,0.0,18,0.0,18,99.0,84,0.0,18,0.0,18,0.0,18,0.0,18,0.0,18,0.0,18,33.0,50,0.0,18
"Montrose County, Colorado",582.0,105,,,65.0,68,0.0,28,155.0,115,67.0,77,0.0,28,0.0,28,0.0,28,0.0,28,,,0.0,28,21.0,35,150.0,92,0.0,28,0.0,28,0.0,28,0.0,28,0.0,28,0.0,28,39.0,60,0.0,28
"Moody County, South Dakota",151.0,8,,,0.0,15,0.0,15,3.0,8,5.0,8,0.0,15,0.0,15,0.0,15,0.0,15,,,0.0,15,0.0,15,135.0,15,0.0,15,0.0,15,0.0,15,0.0,15,0.0,15,0.0,15,8.0,13,0.0,15
"Moore County, North Carolina",2946.0,505,,,822.0,452,43.0,66,441.0,151,275.0,196,0.0,32,10.0,23,13.0,23,0.0,32,,,0.0,32,0.0,32,461.0,230,0.0,32,14.0,24,0.0,32,0.0,32,11.0,19,58.0,50,520.0,344,0.0,32
"Moore County, Tennessee",48.0,45,,,0.0,19,0.0,19,0.0,19,0.0,19,0.0,19,0.0,19,0.0,19,0.0,19,,,0.0,19,0.0,19,42.0,36,0.0,19,0.0,19,0.0,19,0.0,19,0.0,19,0.0,19,6.0,15,0.0,19
"Moore County, Texas",1099.0,8,,,0.0,28,0.0,28,2.0,8,2.0,8,0.0,28,0.0,28,0.0,28,0.0,28,,,472.0,287,0.0,28,16.0,26,0.0,28,478.0,347,0.0,28,0.0,28,0.0,28,0.0,28,0.0,28,0.0,28
"Mora County, New Mexico",0.0,13,,,0.0,13,0.0,13,0.0,13,0.0,13,0.0,13,0.0,13,0.0,13,0.0,13,,,0.0,13,0.0,13,0.0,13,0.0,13,0.0,13,0.0,13,0.0,13,0.0,13,0.0,13,0.0,13,0.0,13
"Morehouse Parish, Louisiana",405.0,391,,,153.0,125,0.0,26,37.0,58,30.0,50,0.0,26,0.0,26,12.0,21,0.0,26,,,0.0,26,0.0,26,22.0,32,0.0,26,0.0,26,0.0,26,0.0,26,0.0,26,28.0,50,27.0,44,0.0,26
"Morgan County, Alabama",1187.0,84,,,55.0,70,0.0,31,16.0,28,212.0,149,0.0,31,0.0,31,0.0,31,0.0,31,,,0.0,31,0.0,31,304.0,161,63.0,120,153.0,204,0.0,31,0.0,31,0.0,31,152.0,185,119.0,128,0.0,31
"Morgan County, Colorado",340.0,118,,,71.0,92,0.0,25,95.0,120,51.0,57,0.0,25,0.0,25,0.0,25,0.0,25,,,0.0,25,0.0,25,63.0,129,0.0,25,0.0,25,0.0,25,0.0,25,0.0,25,0.0,25,2.0,3,0.0,25
"Morgan County, Georgia",197.0,42,,,1.0,3,0.0,27,10.0,14,32.0,57,0.0,27,0.0,27,0.0,27,0.0,27,,,0.0,27,0.0,27,54.0,64,0.0,27,0.0,27,0.0,27,0.0,27,0.0,27,0.0,27,2.0,5,0.0,27
"Morgan County, Illinois",386.0,48,,,57.0,59,0.0,26,0.0,26,62.0,88,0.0,26,0.0,26,19.0,41,0.0,26,,,0.0,26,0.0,26,154.0,119,0.0,26,0.0,26,0.0,26,0.0,26,0.0,26,0.0,26,26.0,37,0.0,26
"Morgan County, Indiana",761.0,82,,,167.0,100,0.0,30,60.0,58,48.0,56,0.0,30,0.0,30,0.0,30,0.0,30,,,44.0,101,0.0,30,244.0,140,0.0,30,19.0,32,27.0,40,0.0,30,0.0,30,62.0,62,5.0,8,0.0,30
"Morgan County, Kentucky",167.0,104,,,25.0,38,0.0,20,11.0,17,11.0,17,0.0,20,0.0,20,0.0,20,0.0,20,,,0.0,20,0.0,20,78.0,104,0.0,20,0.0,20,0.0,20,0.0,20,0.0,20,0.0,20,0.0,20,0.0,20
"Morgan County, Missouri",132.0,71,,,39.0,43,0.0,22,0.0,22,1.0,2,0.0,22,0.0,22,0.0,22,0.0,22,,,0.0,22,0.0,22,17.0,20,0.0,22,45.0,45,0.0,22,0.0,22,0.0,22,0.0,22,13.0,21,0.0,22
"Morgan County, Ohio",36.0,29,,,4.0,8,0.0,20,0.0,20,11.0,17,0.0,20,0.0,20,0.0,20,0.0,20,,,0.0,20,0.0,20,2.0,3,0.0,20,0.0,20,0.0,20,0.0,20,0.0,20,15.0,21,4.0,7,0.0,20
"Morgan County, Tennessee",68.0,56,,,8.0,17,0.0,25,5.0,6,2.0,4,0.0,25,0.0,25,0.0,25,0.0,25,,,0.0,25,0.0,25,18.0,29,0.0,25,20.0,28,0.0,25,0.0,25,0.0,25,0.0,25,0.0,25,0.0,25
"Morgan County, Utah",189.0,86,,,39.0,50,0.0,19,117.0,61,0.0,19,0.0,19,0.0,19,0.0,19,0.0,19,,,0.0,19,0.0,19,8.0,15,0.0,19,0.0,19,0.0,19,0.0,19,0.0,19,25.0,41,0.0,19,0.0,19
"Morgan County, West Virginia",155.0,29,,,3.0,7,0.0,20,22.0,34,32.0,45,0.0,20,0.0,20,0.0,20,0.0,20,,,0.0,20,0.0,20,61.0,58,0.0,20,0.0,20,0.0,20,0.0,20,0.0,20,9.0,20,0.0,20,0.0,20
"Morovis Municipio, Puerto Rico",0.0,28,,,0.0,28,0.0,28,0.0,28,0.0,28,0.0,28,0.0,28,0.0,28,0.0,28,,,0.0,28,0.0,28,0.0,28,0.0,28,0.0,28,0.0,28,0.0,28,0.0,28,0.0,28,0.0,28,0.0,28
"Morrill County, Nebraska",81.0,44,,,0.0,10,0.0,10,0.0,10,0.0,10,0.0,10,0.0,10,14.0,13,0.0,10,,,0.0,10,0.0,10,0.0,10,0.0,10,9.0,14,0.0,10,0.0,10,0.0,10,0.0,10,0.0,10,0.0,10
"Morris County, Kansas",27.0,30,,,0.0,16,0.0,16,3.0,5,0.0,16,0.0,16,0.0,16,0.0,16,0.0,16,,,0.0,16,0.0,16,11.0,16,0.0,16,0.0,16,0.0,16,0.0,16,0.0,16,0.0,16,13.0,23,0.0,16
"Morris County, New Jersey",64146.0,650,,,13923.0,1295,0.0,32,1436.0,420,3745.0,679,117.0,102,0.0,32,1487.0,431,0.0,32,,,38.0,52,17.0,28,5965.0,640,75.0,92,84.0,99,52.0,47,0.0,32,0.0,32,248.0,154,1288.0,403,0.0,32
"Morris County, Texas",121.0,23,,,0.0,23,0.0,23,0.0,23,0.0,23,0.0,23,0.0,23,0.0,23,0.0,23,,,0.0,23,0.0,23,0.0,23,0.0,23,0.0,23,0.0,23,0.0,23,0.0,23,0.0,23,91.0,57,0.0,23
"Morrison County, Minnesota",228.0,10,,,8.0,10,8.0,13,0.0,20,62.0,42,0.0,20,0.0,20,0.0,20,0.0,20,,,0.0,20,31.0,43,60.0,38,0.0,20,10.0,18,0.0,20,0.0,20,0.0,20,0.0,20,44.0,32,0.0,20
"Morrow County, Ohio",220.0,27,,,0.0,27,0.0,27,0.0,27,52.0,68,0.0,27,0.0,27,0.0,27,0.0,27,,,0.0,27,0.0,27,104.0,74,0.0,27,0.0,27,0.0,27,0.0,27,0.0,27,0.0,27,0.0,27,0.0,27
"Morrow County, Oregon",25.0,19,,,0.0,21,0.0,21,5.0,10,2.0,9,0.0,21,0.0,21,0.0,21,0.0,21,,,0.0,21,0.0,21,7.0,11,0.0,21,0.0,21,0.0,21,0.0,21,0.0,21,0.0,21,6.0,11,0.0,21
"Morton County, Kansas",41.0,47,,,0.0,11,0.0,11,0.0,11,5.0,8,0.0,11,0.0,11,0.0,11,0.0,11,,,0.0,11,0.0,11,36.0,48,0.0,11,0.0,11,0.0,11,0.0,11,0.0,11,0.0,11,0.0,11,0.0,11
"Morton County, North Dakota",266.0,5,,,0.0,22,0.0,22,47.0,70,85.0,115,0.0,22,0.0,22,0.0,22,0.0,22,,,0.0,22,0.0,22,117.0,104,0.0,22,0.0,22,0.0,22,0.0,22,0.0,22,0.0,22,0.0,22,0.0,22
"Motley County, Texas",0.0,15,,,0.0,15,0.0,15,0.0,15,0.0,15,0.0,15,0.0,15,0.0,15,0.0,15,,,0.0,15,0.0,15,0.0,15,0.0,15,0.0,15,0.0,15,0.0,15,0.0,15,0.0,15,0.0,15,0.0,15
"Moultrie County, Illinois",28.0,27,,,19.0,20,0.0,19,0.0,19,0.0,19,0.0,19,0.0,19,0.0,19,0.0,19,,,0.0,19,0.0,19,0.0,19,0.0,19,0.0,19,0.0,19,0.0,19,0.0,19,0.0,19,0.0,19,0.0,19
"Mountrail County, North Dakota",94.0,15,,,0.0,15,0.0,15,0.0,15,24.0,27,0.0,15,0.0,15,0.0,15,0.0,15,,,0.0,15,0.0,15,38.0,30,0.0,15,0.0,15,0.0,15,0.0,15,0.0,15,8.0,12,0.0,15,0.0,15
"Mower County, Minnesota",2532.0,61,,,141.0,106,2.0,9,26.0,23,92.0,67,0.0,20,0.0,20,0.0,20,0.0,20,,,1370.0,368,140.0,180,128.0,106,0.0,20,0.0,20,0.0,20,0.0,20,0.0,20,120.0,125,151.0,166,162.0,269
"Muhlenberg County, Kentucky",590.0,177,,,24.0,24,0.0,27,0.0,27,0.0,27,0.0,27,0.0,27,230.0,128,0.0,27,,,0.0,27,0.0,27,71.0,86,0.0,27,0.0,27,0.0,27,0.0,27,0.0,27,0.0,27,11.0,18,0.0,27
"Multnomah County, Oregon",88537.0,1073,,,21151.0,1635,2130.0,568,9227.0,940,4509.0,520,34.0,31,246.0,214,1011.0,256,0.0,31,,,1264.0,599,1249.0,441,12916.0,1355,560.0,192,3007.0,789,127.0,85,1325.0,504,40.0,42,1581.0,482,18067.0,1335,0.0,31
"Murray County, Georgia",181.0,137,,,0.0,30,0.0,30,0.0,30,23.0,35,0.0,30,0.0,30,0.0,30,0.0,30,,,0.0,30,0.0,30,0.0,30,0.0,30,0.0,30,0.0,30,0.0,30,35.0,59,0.0,30,16.0,27,0.0,30
"Murray County, Minnesota",195.0,22,,,8.0,11,0.0,13,19.0,16,2.0,3,0.0,13,0.0,13,0.0,13,0.0,13,,,96.0,47,0.0,13,58.0,48,0.0,13,0.0,13,0.0,13,0.0,13,0.0,13,7.0,10,0.0,13,0.0,13
"Murray County, Oklahoma",12.0,18,,,0.0,16,0.0,16,0.0,16,0.0,16,0.0,16,0.0,16,0.0,16,0.0,16,,,0.0,16,0.0,16,0.0,16,0.0,16,0.0,16,0.0,16,0.0,16,0.0,16,0.0,16,0.0,16,0.0,16
"Muscatine County, Iowa",536.0,18,,,55.0,55,0.0,22,0.0,22,19.0,24,0.0,22,0.0,22,0.0,22,0.0,22,,,38.0,44,15.0,22,122.0,126,0.0,22,22.0,34,0.0,22,0.0,22,0.0,22,11.0,18,96.0,73,0.0,22
"Muscogee County, Georgia",8331.0,394,,,264.0,123,0.0,34,485.0,198,1989.0,426,10.0,19,0.0,34,99.0,102,0.0,34,,,51.0,65,0.0,34,1441.0,396,0.0,34,37.0,36,14.0,25,0.0,34,0.0,34,366.0,262,570.0,296,0.0,34
"Muskegon County, Michigan",2160.0,386,,,153.0,70,51.0,73,204.0,181,815.0,223,0.0,26,0.0,26,0.0,26,0.0,26,,,0.0,26,8.0,12,388.0,160,9.0,12,17.0,21,0.0,26,0.0,26,0.0,26,31.0,43,80.0,65,0.0,26
"Muskingum County, Ohio",788.0,84,,,217.0,128,0.0,30,47.0,54,19.0,26,0.0,30,0.0,30,0.0,30,0.0,30,,,0.0,30,0.0,30,207.0,135,14.0,22,126.0,152,0.0,30,0.0,30,0.0,30,0.0,30,1.0,2,0.0,30
"Muskogee County, Oklahoma",964.0,173,,,28.0,22,47.0,37,173.0,84,59.0,77,0.0,24,0.0,24,32.0,40,0.0,24,,,14.0,16,0.0,24,175.0,93,0.0,24,14.0,20,0.0,24,0.0,24,0.0,24,85.0,87,158.0,57,0.0,24
"Musselshell County, Montana",48.0,39,,,29.0,32,0.0,15,11.0,16,0.0,15,0.0,15,0.0,15,0.0,15,0.0,15,,,0.0,15,0.0,15,0.0,15,0.0,15,0.0,15,0.0,15,0.0,15,0.0,15,8.0,13,0.0,15,0.0,15
"Nacogdoches County, Texas",1391.0,175,,,214.0,145,0.0,35,183.0,166,270.0,203,0.0,35,0.0,35,7.0,16,7.0,17,,,22.0,41,0.0,35,107.0,76,16.0,37,31.0,52,0.0,35,0.0,35,0.0,35,52.0,59,185.0,111,0.0,35
"Naguabo Municipio, Puerto Rico",124.0,187,,,0.0,28,0.0,28,0.0,28,0.0,28,0.0,28,0.0,28,0.0,28,0.0,28,,,0.0,28,0.0,28,0.0,28,0.0,28,0.0,28,0.0,28,0.0,28,0.0,28,0.0,28,0.0,28,0.0,28
"Nance County, Nebraska",4.0,6,,,0.0,10,0.0,10,0.0,10,0.0,10,0.0,10,0.0,10,0.0,10,0.0,10,,,0.0,10,0.0,10,0.0,10,0.0,10,0.0,10,0.0,10,0.0,10,0.0,10,0.0,10,0.0,10,0.0,10
"Nantucket County, Massachusetts",332.0,107,,,13.0,18,0.0,21,29.0,41,169.0,91,0.0,21,0.0,21,0.0,21,0.0,21,,,0.0,21,0.0,21,13.0,26,0.0,21,0.0,21,0.0,21,0.0,21,0.0,21,0.0,21,0.0,21,0.0,21
"Napa County, California",15319.0,560,,,1826.0,411,14.0,22,1167.0,351,563.0,201,0.0,32,0.0,32,122.0,88,0.0,32,,,0.0,32,15.0,36,8609.0,769,111.0,115,6.0,8,8.0,12,0.0,32,4.0,8,63.0,37,618.0,259,0.0,32
"Naranjito Municipio, Puerto Rico",34.0,62,,,1.0,25,0.0,28,0.0,28,0.0,28,0.0,28,0.0,28,0.0,28,0.0,28,,,0.0,28,0.0,28,0.0,28,0.0,28,0.0,28,0.0,28,0.0,28,0.0,28,0.0,28,0.0,28,0.0,28
"Nash County, North Carolina",1228.0,94,,,152.0,105,0.0,32,65.0,97,60.0,65,0.0,32,0.0,32,0.0,32,0.0,32,,,0.0,32,0.0,32,70.0,78,0.0,32,0.0,32,0.0,32,0.0,32,0.0,32,78.0,69,97.0,100,0.0,32
"Nassau County, Florida",1761.0,183,,,582.0,406,0.0,35,43.0,59,62.0,61,0.0,35,0.0,35,0.0,35,0.0,35,,,0.0,35,0.0,35,609.0,248,15.0,26,0.0,35,9.0,15,0.0,35,0.0,35,0.0,35,213.0,262,0.0,35
"Nassau County, New York",182865.0,1676,,,52082.0,2507,0.0,31,3322.0,726,16561.0,1430,15.0,22,0.0,31,2002.0,518,227.0,144,,,427.0,217,88.0,120,15811.0,1617,461.0,311,178.0,219,325.0,229,0.0,31,92.0,86,939.0,330,1628.0,656,0.0,31
"Natchitoches Parish, Louisiana",346.0,58,,,76.0,49,0.0,30,24.0,26,30.0,35,0.0,30,0.0,30,0.0,30,0.0,30,,,0.0,30,0.0,30,110.0,67,0.0,30,0.0,30,0.0,30,0.0,30,0.0,30,0.0,30,17.0,18,0.0,30
"Natrona County, Wyoming",1298.0,210,,,153.0,135,0.0,30,481.0,175,73.0,72,0.0,30,43.0,69,0.0,30,0.0,30,,,0.0,30,0.0,30,370.0,230,0.0,30,0.0,30,0.0,30,0.0,30,0.0,30,9.0,14,6.0,11,0.0,30
"Naugatuck Valley Planning Region, Connecticut",23734.0,678,,,5537.0,862,0.0,32,499.0,270,1972.0,716,0.0,32,0.0,32,124.0,111,0.0,32,,,19.0,31,1739.0,871,2115.0,541,248.0,319,255.0,241,114.0,131,0.0,32,18.0,28,102.0,97,1686.0,574,0.0,32
"Navajo County, Arizona",1173.0,103,,,287.0,160,0.0,33,125.0,87,18.0,50,0.0,33,0.0,33,0.0,33,0.0,33,,,0.0,33,5.0,11,387.0,181,145.0,97,0.0,33,0.0,33,0.0,33,0.0,33,0.0,33,85.0,91,0.0,33
"Navarro County, Texas",898.0,514,,,111.0,141,0.0,35,20.0,32,12.0,14,0.0,35,0.0,35,0.0,35,0.0,35,,,0.0,35,242.0,166,131.0,143,0.0,35,0.0,35,0.0,35,0.0,35,0.0,35,36.0,37,131.0,115,0.0,35
"Nelson County, Kentucky",380.0,20,,,32.0,52,0.0,27,181.0,136,48.0,51,0.0,27,0.0,27,0.0,27,0.0,27,,,0.0,27,0.0,27,8.0,13,0.0,27,0.0,27,0.0,27,0.0,27,0.0,27,0.0,27,88.0,97,0.0,27
"Nelson County, North Dakota",42.0,25,,,0.0,10,0.0,10,0.0,10,0.0,10,0.0,10,0.0,10,0.0,10,0.0,10,,,0.0,10,0.0,10,42.0,25,0.0,10,0.0,10,0.0,10,0.0,10,0.0,10,0.0,10,0.0,10,0.0,10
"Nelson County, Virginia",423.0,267,,,231.0,259,0.0,21,0.0,21,111.0,133,0.0,21,0.0,21,0.0,21,0.0,21,,,0.0,21,0.0,21,77.0,98,4.0,1,0.0,21,0.0,21,0.0,21,0.0,21,0.0,21,0.0,21,0.0,21
"Nemaha County, Kansas",60.0,10,,,0.0,18,0.0,18,5.0,8,2.0,5,0.0,18,0.0,18,0.0,18,0.0,18,,,0.0,18,0.0,18,27.0,25,0.0,18,0.0,18,0.0,18,0.0,18,0.0,18,0.0,18,0.0,18,0.0,18
"Nemaha County, Nebraska",27.0,21,,,0.0,15,0.0,15,0.0,15,0.0,15,0.0,15,0.0,15,0.0,15,0.0,15,,,0.0,15,0.0,15,20.0,21,0.0,15,0.0,15,0.0,15,0.0,15,0.0,15,5.0,9,0.0,15,0.0,15
"Neosho County, Kansas",149.0,18,,,34.0,46,0.0,18,7.0,12,22.0,30,0.0,18,0.0,18,0.0,18,0.0,18,,,0.0,18,0.0,18,79.0,50,0.0,18,0.0,18,0.0,18,0.0,18,0.0,18,0.0,18,0.0,18,0.0,18
"Neshoba County, Mississippi",253.0,76,,,14.0,39,0.0,26,0.0,26,0.0,26,0.0,26,0.0,26,0.0,26,0.0,26,,,0.0,26,0.0,26,98.0,115,0.0,26,0.0,26,0.0,26,0.0,26,0.0,26,19.0,22,86.0,65,0.0,26
"Ness County, Kansas",13.0,17,,,0.0,11,0.0,11,2.0,4,8.0,15,0.0,11,0.0,11,0.0,11,0.0,11,,,0.0,11,0.0,11,3.0,5,0.0,11,0.0,11,0.0,11,0.0,11,0.0,11,0.0,11,0.0,11,0.0,11
"Nevada County, Arkansas",23.0,36,,,0.0,18,0.0,18,0.0,18,0.0,18,0.0,18,0.0,18,0.0,18,0.0,18,,,0.0,18,0.0,18,0.0,18,0.0,18,0.0,18,0.0,18,0.0,18,0.0,18,23.0,36,0.0,18,0.0,18
"Nevada County, California",3840.0,424,,,872.0,326,0.0,32,662.0,284,117.0,102,0.0,32,0.0,32,67.0,98,0.0,32,,,0.0,32,140.0,112,1007.0,409,138.0,172,50.0,61,0.0,32,0.0,32,0.0,32,134.0,100,189.0,137,4.0,5
"New Castle County, Delaware",40075.0,722,,,7868.0,900,0.0,30,1150.0,416,2031.0,402,14.0,46,0.0,30,531.0,250,0.0,30,,,33.0,45,45.0,41,4547.0,1022,271.0,305,82.0,60,60.0,55,0.0,30,0.0,30,179.0,120,1824.0,496,0.0,30
"New Hanover County, North Carolina",5114.0,235,,,1248.0,384,49.0,76,318.0,145,1410.0,438,19.0,27,0.0,32,59.0,64,0.0,32,,,96.0,152,47.0,70,879.0,263,51.0,89,0.0,32,0.0,32,0.0,32,0.0,32,159.0,111,320.0,156,0.0,32
"New Kent County, Virginia",602.0,127,,,137.0,105,0.0,25,151.0,98,41.0,49,0.0,25,0.0,25,0.0,25,0.0,25,,,0.0,25,0.0,25,112.0,75,0.0,25,0.0,25,0.0,25,0.0,25,0.0,25,0.0,25,40.0,48,0.0,25
"New Madrid County, Missouri",74.0,46,,,8.0,14,0.0,19,13.0,16,13.0,19,0.0,19,0.0,19,0.0,19,0.0,19,,,0.0,19,0.0,19,24.0,18,0.0,19,0.0,19,0.0,19,0.0,19,0.0,19,0.0,19,0.0,19,0.0,19
"New York County, New York",235641.0,1960,,,109373.0,3048,53.0,62,16240.0,1678,20882.0,1872,295.0,327,0.0,31,5728.0,1349,65.0,73,,,324.0,213,263.0,205,14896.0,1555,674.0,279,164.0,174,1115.0,651,0.0,31,505.0,271,1899.0,287,4716.0,870,49.0,66
"Newaygo County, Michigan",351.0,9,,,11.0,12,34.0,49,21.0,14,75.0,49,0.0,26,0.0,26,0.0,26,0.0,26,,,0.0,26,1.0,3,146.0,66,0.0,26,0.0,26,0.0,26,0.0,26,0.0,26,24.0,27,9.0,13,0.0,26
"Newberry County, South Carolina",278.0,30,,,52.0,79,19.0,25,88.0,91,0.0,30,0.0,30,0.0,30,0.0,30,0.0,30,,,0.0,30,0.0,30,94.0,109,0.0,30,23.0,38,0.0,30,0.0,30,0.0,30,0.0,30,2.0,6,0.0,30
"Newport County, Rhode Island",2469.0,167,,,393.0,159,0.0,34,361.0,146,191.0,147,18.0,32,0.0,34,26.0,37,0.0,34,,,0.0,34,0.0,34,667.0,217,32.0,36,0.0,34,10.0,14,0.0,34,0.0,34,18.0,28,246.0,178,0.0,34
"Newport News city, Virginia",10856.0,1768,,,1377.0,564,0.0,31,508.0,227,1361.0,327,0.0,31,15.0,26,63.0,55,0.0,31,,,18.0,48,148.0,135,3301.0,737,32.0,52,185.0,194,0.0,31,0.0,31,0.0,31,527.0,423,1147.0,485,0.0,31
"Newton County, Arkansas",6.0,10,,,0.0,18,0.0,18,0.0,18,0.0,18,0.0,18,0.0,18,0.0,18,0.0,18,,,0.0,18,0.0,18,0.0,18,0.0,18,0.0,18,0.0,18,0.0,18,0.0,18,0.0,18,0.0,18,0.0,18
"Newton County, Georgia",2327.0,298,,,317.0,126,0.0,34,168.0,161,333.0,238,0.0,34,0.0,34,0.0,34,0.0,34,,,0.0,34,239.0,217,369.0,250,0.0,34,0.0,34,140.0,205,0.0,34,0.0,34,20.0,46,173.0,210,0.0,34
"Newton County, Indiana",68.0,68,,,8.0,16,0.0,20,5.0,7,48.0,67,7.0,10,0.0,20,0.0,20,0.0,20,,,0.0,20,0.0,20,0.0,20,0.0,20,0.0,20,0.0,20,0.0,20,0.0,20,0.0,20,0.0,20,0.0,20
"Newton County, Mississippi",324.0,233,,,8.0,15,0.0,26,49.0,56,0.0,26,0.0,26,0.0,26,0.0,26,0.0,26,,,0.0,26,0.0,26,37.0,38,0.0,26,0.0,26,0.0,26,0.0,26,0.0,26,0.0,26,23.0,32,0.0,26
"Newton County, Missouri",1197.0,41,,,162.0,123,448.0,155,12.0,14,1.0,3,0.0,28,0.0,28,11.0,19,0.0,28,,,0.0,28,0.0,28,248.0,110,0.0,28,159.0,118,0.0,28,0.0,28,0.0,28,0.0,28,24.0,35,0.0,28
"Newton County, Texas",172.0,107,,,68.0,69,0.0,23,0.0,23,19.0,23,0.0,23,0.0,23,0.0,23,0.0,23,,,0.0,23,0.0,23,83.0,89,0.0,23,0.0,23,0.0,23,0.0,23,0.0,23,0.0,23,2.0,4,0.0,23
"Nez Perce County, Idaho",714.0,67,,,45.0,40,0.0,26,171.0,163,9.0,15,0.0,26,0.0,26,0.0,26,0.0,26,,,0.0,26,0.0,26,56.0,39,46.0,87,0.0,26,0.0,26,0.0,26,0.0,26,0.0,26,102.0,111,0.0,26
"Niagara County, New York",4020.0,319,,,758.0,228,0.0,31,99.0,59,525.0,213,0.0,31,0.0,31,48.0,54,0.0,31,,,17.0,21,23.0,40,411.0,163,0.0,31,24.0,42,9.0,14,0.0,31,0.0,31,80.0,89,262.0,188,0.0,31
"Nicholas County, Kentucky",0.0,18,,,0.0,18,0.0,18,0.0,18,0.0,18,0.0,18,0.0,18,0.0,18,0.0,18,,,0.0,18,0.0,18,0.0,18,0.0,18,0.0,18,0.0,18,0.0,18,0.0,18,0.0,18,0.0,18,0.0,18
"Nicholas County, West Virginia",327.0,133,,,61.0,87,0.0,24,65.0,90,0.0,24,0.0,24,0.0,24,15.0,28,0.0,24,,,0.0,24,0.0,24,66.0,76,0.0,24,0.0,24,0.0,24,0.0,24,0.0,24,0.0,24,0.0,24,0.0,24
"Nicollet County, Minnesota",833.0,86,,,132.0,69,2.0,5,98.0,86,203.0,85,0.0,20,0.0,20,15.0,28,0.0,20,,,0.0,20,19.0,18,63.0,47,0.0,20,15.0,24,10.0,16,0.0,20,0.0,20,0.0,20,73.0,57,0.0,20
"Niobrara County, Wyoming",22.0,35,,,22.0,35,0.0,13,0.0,13,0.0,13,0.0,13,0.0,13,0.0,13,0.0,13,,,0.0,13,0.0,13,0.0,13,0.0,13,0.0,13,0.0,13,0.0,13,0.0,13,0.0,13,0.0,13,0.0,13
"Noble County, Indiana",493.0,138,,,55.0,68,0.0,27,21.0,29,47.0,56,0.0,27,0.0,27,2.0,4,0.0,27,,,0.0,27,0.0,27,72.0,68,0.0,27,12.0,21,0.0,27,0.0,27,0.0,27,0.0,27,134.0,146,0.0,27
"Noble County, Ohio",4.0,8,,,4.0,8,0.0,20,0.0,20,0.0,20,0.0,20,0.0,20,0.0,20,0.0,20,,,0.0,20,0.0,20,0.0,20,0.0,20,0.0,20,0.0,20,0.0,20,0.0,20,0.0,20,0.0,20,0.0,20
"Noble County, Oklahoma",16.0,15,,,1.0,2,0.0,16,0.0,16,12.0,14,0.0,16,0.0,16,0.0,16,0.0,16,,,0.0,16,0.0,16,3.0,5,0.0,16,0.0,16,0.0,16,0.0,16,0.0,16,0.0,16,0.0,16,0.0,16
"Nobles County, Minnesota",1958.0,174,,,1.0,3,0.0,17,0.0,17,4.0,6,0.0,17,0.0,17,0.0,17,0.0,17,,,439.0,222,0.0,17,20.0,20,0.0,17,1181.0,278,0.0,17,0.0,17,0.0,17,192.0,152,57.0,62,0.0,17
"Nodaway County, Missouri",375.0,63,,,46.0,57,0.0,22,11.0,17,5.0,7,0.0,22,0.0,22,0.0,22,0.0,22,,,0.0,22,24.0,30,49.0,32,0.0,22,0.0,22,0.0,22,0.0,22,0.0,22,0.0,22,11.0,16,0.0,22
"Nolan County, Texas",52.0,38,,,0.0,23,0.0,23,11.0,22,7.0,18,0.0,23,0.0,23,0.0,23,0.0,23,,,0.0,23,0.0,23,27.0,20,0.0,23,0.0,23,0.0,23,0.0,23,0.0,23,0.0,23,0.0,23,0.0,23
"Nome Census Area, Alaska",258.0,42,,,14.0,20,0.0,15,0.0,15,50.0,34,0.0,15,0.0,15,0.0,15,0.0,15,,,0.0,15,26.0,26,91.0,46,0.0,15,0.0,15,0.0,15,0.0,15,0.0,15,6.0,9,45.0,46,0.0,15
"Norfolk County, Massachusetts",102567.0,915,,,48015.0,2062,0.0,32,3143.0,547,5614.0,1000,104.0,125,0.0,32,1389.0,468,0.0,32,,,392.0,369,818.0,446,5280.0,985,382.0,224,61.0,55,192.0,198,0.0,32,40.0,56,780.0,214,12656.0,1563,0.0,32
"Norfolk city, Virginia",12625.0,359,,,1427.0,334,0.0,31,567.0,188,723.0,265,8.0,13,0.0,31,81.0,59,0.0,31,,,21.0,26,90.0,78,6550.0,441,114.0,139,31.0,48,54.0,67,0.0,31,0.0,31,147.0,88,496.0,183,0.0,31
"Norman County, Minnesota",93.0,27,,,33.0,30,0.0,13,7.0,7,1.0,3,0.0,13,0.0,13,0.0,13,0.0,13,,,0.0,13,0.0,13,21.0,21,0.0,13,0.0,13,0.0,13,0.0,13,0.0,13,3.0,5,2.0,3,0.0,13
"North Slope Borough, Alaska",830.0,114,,,8.0,16,0.0,16,5.0,10,24.0,36,0.0,16,0.0,16,0.0,16,0.0,16,,,0.0,16,0.0,16,697.0,173,0.0,16,0.0,16,78.0,108,0.0,16,0.0,16,0.0,16,0.0,16,0.0,16
"Northampton County, North Carolina",75.0,81,,,0.0,21,0.0,21,0.0,21,29.0,40,25.0,38,0.0,21,0.0,21,0.0,21,,,0.0,21,0.0,21,0.0,21,0.0,21,0.0,21,0.0,21,0.0,21,0.0,21,0.0,21,13.0,24,0.0,21
"Northampton County, Pennsylvania",12098.0,366,,,3123.0,669,0.0,27,360.0,201,481.0,220,0.0,27,8.0,13,190.0,178,0.0,27,,,0.0,27,36.0,32,1572.0,438,11.0,19,3.0,6,4.0,10,0.0,27,12.0,20,53.0,47,903.0,382,0.0,27
"Northampton County, Virginia",157.0,3,,,0.0,21,0.0,21,0.0,21,50.0,63,0.0,21,0.0,21,0.0,21,0.0,21,,,0.0,21,33.0,51,72.0,68,1.0,3,0.0,21,0.0,21,0.0,21,0.0,21,0.0,21,0.0,21,0.0,21
"Northeastern Connecticut Planning Region, Connecticut",2367.0,242,,,398.0,177,21.0,30,163.0,110,293.0,130,0.0,32,0.0,32,0.0,32,0.0,32,,,0.0,32,0.0,32,778.0,238,57.0,91,89.0,76,0.0,32,0.0,32,0.0,32,40.0,65,65.0,55,0.0,32
"Northumberland County, Pennsylvania",834.0,189,,,235.0,140,0.0,27,91.0,48,37.0,40,0.0,27,0.0,27,0.0,27,0.0,27,,,0.0,27,0.0,27,73.0,52,0.0,27,0.0,27,0.0,27,0.0,27,0.0,27,2.0,4,63.0,73,0.0,27
"Northumberland County, Virginia",521.0,383,,,57.0,69,0.0,21,18.0,29,0.0,21,0.0,21,0.0,21,0.0,21,0.0,21,,,0.0,21,0.0,21,247.0,297,0.0,21,0.0,21,0.0,21,0.0,21,0.0,21,0.0,21,133.0,197,0.0,21
"Northwest Arctic Borough, Alaska",271.0,211,,,1.0,2,0.0,15,57.0,32,10.0,9,0.0,15,0.0,15,0.0,15,0.0,15,,,0.0,15,0.0,15,181.0,204,0.0,15,0.0,15,0.0,15,0.0,15,0.0,15,10.0,15,10.0,14,0.0,15
"Northwest Hills Planning Region, Connecticut",3677.0,296,,,638.0,245,0.0,32,270.0,159,578.0,319,0.0,32,0.0,32,5.0,12,0.0,32,,,29.0,47,215.0,143,471.0,157,165.0,122,201.0,159,0.0,32,0.0,32,2.0,4,25.0,25,277.0,134,0.0,32
"Norton County, Kansas",9.0,17,,,3.0,8,0.0,16,0.0,16,0.0,16,0.0,16,0.0,16,0.0,16,0.0,16,,,0.0,16,0.0,16,6.0,14,0.0,16,0.0,16,0.0,16,0.0,16,0.0,16,0.0,16,0.0,16,0.0,16
"Norton city, Virginia",18.0,24,,,2.0,7,0.0,13,0.0,13,8.0,12,0.0,13,0.0,13,0.0,13,0.0,13,,,0.0,13,0.0,13,8.0,12,0.0,13,0.0,13,0.0,13,0.0,13,0.0,13,0.0,13,0.0,13,0.0,13
"Nottoway County, Virginia",140.0,3,,,16.0,30,0.0,21,0.0,21,5.0,10,0.0,21,0.0,21,0.0,21,0.0,21,,,0.0,21,0.0,21,5.0,12,0.0,21,0.0,21,0.0,21,0.0,21,0.0,21,0.0,21,0.0,21,0.0,21
"Nowata County, Oklahoma",115.0,46,,,0.0,15,2.0,4,40.0,47,5.0,7,0.0,15,0.0,15,0.0,15,0.0,15,,,0.0,15,0.0,15,11.0,13,0.0,15,2.0,5,0.0,15,0.0,15,0.0,15,13.0,16,36.0,19,0.0,15
"Noxubee County, Mississippi",3.0,5,,,0.0,22,0.0,22,0.0,22,3.0,5,0.0,22,0.0,22,0.0,22,0.0,22,,,0.0,22,0.0,22,0.0,22,0.0,22,0.0,22,0.0,22,0.0,22,0.0,22,0.0,22,0.0,22,0.0,22
"Nuckolls County, Nebraska",0.0,10,,,0.0,10,0.0,10,0.0,10,0.0,10,0.0,10,0.0,10,0.0,10,0.0,10,,,0.0,10,0.0,10,0.0,10,0.0,10,0.0,10,0.0,10,0.0,10,0.0,10,0.0,10,0.0,10,0.0,10
"Nueces County, Texas",10570.0,476,,,1179.0,387,0.0,35,515.0,270,737.0,188,42.0,46,0.0,35,169.0,144,17.0,30,,,51.0,98,54.0,58,3629.0,599,0.0,35,25.0,34,0.0,35,0.0,35,0.0,35,250.0,185,1431.0,482,0.0,35
"Nye County, Nevada",1757.0,156,,,381.0,175,0.0,33,213.0,118,198.0,142,0.0,33,3.0,4,36.0,45,0.0,33,,,0.0,33,0.0,33,672.0,266,0.0,33,0.0,33,0.0,33,0.0,33,0.0,33,0.0,33,56.0,60,0.0,33
"O'Brien County, Iowa",139.0,16,,,9.0,13,0.0,16,15.0,26,5.0,10,0.0,16,0.0,16,0.0,16,0.0,16,,,0.0,16,0.0,16,0.0,16,0.0,16,85.0,62,0.0,16,0.0,16,0.0,16,10.0,21,0.0,16,0.0,16
"Oakland County, Michigan",121010.0,1024,,,19722.0,1382,2005.0,843,8921.0,1037,11026.0,922,60.0,50,75.0,76,1055.0,313,2.0,5,,,0.0,26,274.0,204,9393.0,1091,302.0,174,775.0,358,188.0,119,0.0,26,57.0,45,965.0,313,4005.0,858,14.0,20
"Obion County, Tennessee",171.0,19,,,19.0,34,0.0,29,12.0,27,9.0,17,0.0,29,0.0,29,0.0,29,0.0,29,,,0.0,29,0.0,29,111.0,48,0.0,29,5.0,15,0.0,29,0.0,29,0.0,29,5.0,9,0.0,29,0.0,29
"Ocean County, New Jersey",17064.0,426,,,2759.0,582,0.0,32,1054.0,301,1222.0,376,29.0,32,0.0,32,9.0,18,0.0,32,,,0.0,32,31.0,35,7136.0,1023,54.0,96,36.0,57,36.0,43,0.0,32,0.0,32,55.0,42,696.0,272,0.0,32
"Oceana County, Michigan",122.0,19,,,3.0,4,0.0,20,5.0,5,23.0,16,0.0,20,0.0,20,2.0,4,0.0,20,,,0.0,20,3.0,7,33.0,16,0.0,20,0.0,20,0.0,20,0.0,20,0.0,20,1.0,2,7.0,11,0.0,20
"Ochiltree County, Texas",27.0,44,,,0.0,21,0.0,21,0.0,21,0.0,21,0.0,21,0.0,21,0.0,21,0.0,21,,,0.0,21,0.0,21,0.0,21,0.0,21,0.0,21,0.0,21,0.0,21,0.0,21,0.0,21,0.0,21,0.0,21
"Oconee County, Georgia",2160.0,28,,,760.0,289,7.0,11,201.0,120,367.0,178,0.0,30,0.0,30,66.0,107,0.0,30,,,0.0,30,16.0,26,137.0,108,0.0,30,13.0,26,0.0,30,0.0,30,0.0,30,10.0,17,85.0,65,0.0,30
"Oconee County, South Carolina",871.0,40,,,124.0,47,0.0,33,83.0,62,31.0,34,0.0,33,0.0,33,0.0,33,0.0,33,,,105.0,131,0.0,33,87.0,69,28.0,33,0.0,33,0.0,33,0.0,33,0.0,33,0.0,33,52.0,65,0.0,33
"Oconto County, Wisconsin",390.0,84,,,120.0,61,3.0,4,77.0,62,11.0,15,0.0,21,0.0,21,0.0,21,0.0,21,,,0.0,21,0.0,21,114.0,55,6.0,9,0.0,21,0.0,21,0.0,21,0.0,21,0.0,21,3.0,4,0.0,21
"Ogemaw County, Michigan",190.0,8,,,2.0,4,0.0,20,0.0,20,23.0,15,0.0,20,0.0,20,0.0,20,0.0,20,,,0.0,20,0.0,20,54.0,41,0.0,20,0.0,20,0.0,20,0.0,20,0.0,20,0.0,20,9.0,16,0.0,20
"Oglala Lakota County, South Dakota",26.0,77,,,0.0,16,0.0,16,13.0,38,13.0,38,0.0,16,0.0,16,0.0,16,0.0,16,,,0.0,16,0.0,16,0.0,16,0.0,16,0.0,16,0.0,16,0.0,16,0.0,16,0.0,16,0.0,16,0.0,16
"Ogle County, Illinois",438.0,17,,,162.0,111,0.0,29,44.0,33,64.0,44,0.0,29,0.0,29,5.0,8,0.0,29,,,0.0,29,0.0,29,90.0,68,0.0,29,12.0,20,0.0,29,0.0,29,0.0,29,0.0,29,0.0,29,0.0,29
"Oglethorpe County, Georgia",219.0,27,,,0.0,23,0.0,23,0.0,23,0.0,23,0.0,23,0.0,23,0.0,23,0.0,23,,,0.0,23,0.0,23,0.0,23,0.0,23,0.0,23,0.0,23,0.0,23,0.0,23,0.0,23,134.0,88,0.0,23
"Ohio County, Indiana",87.0,51,,,0.0,18,0.0,18,55.0,50,0.0,18,0.0,18,0.0,18,0.0,18,0.0,18,,,0.0,18,0.0,18,0.0,18,0.0,18,0.0,18,0.0,18,0.0,18,0.0,18,0.0,18,32.0,47,0.0,18
"Ohio County, Kentucky",108.0,24,,,10.0,21,0.0,24,41.0,38,13.0,19,0.0,24,0.0,24,0.0,24,0.0,24,,,0.0,24,0.0,24,12.0,15,0.0,24,0.0,24,0.0,24,0.0,24,0.0,24,0.0,24,0.0,24,0.0,24
"Ohio County, West Virginia",442.0,42,,,41.0,44,0.0,27,68.0,69,40.0,43,0.0,27,0.0,27,9.0,19,0.0,27,,,0.0,27,0.0,27,203.0,81,1.0,2,0.0,27,0.0,27,0.0,27,0.0,27,30.0,32,5.0,8,0.0,27
"Okaloosa County, Florida",12106.0,534,,,677.0,249,82.0,104,875.0,265,1046.0,296,0.0,35,19.0,32,59.0,58,0.0,35,,,0.0,35,0.0,35,4656.0,633,90.0,78,0.0,35,0.0,35,0.0,35,0.0,35,1525.0,415,1055.0,361,0.0,35
"Okanogan County, Washington",595.0,35,,,5.0,7,0.0,28,121.0,50,86.0,62,0.0,28,0.0,28,0.0,28,0.0,28,,,0.0,28,0.0,28,342.0,79,0.0,28,13.0,14,0.0,28,0.0,28,0.0,28,0.0,28,13.0,23,0.0,28
"Okeechobee County, Florida",633.0,150,,,76.0,73,0.0,31,41.0,46,5.0,11,0.0,31,0.0,31,0.0,31,0.0,31,,,0.0,31,0.0,31,256.0,89,0.0,31,5.0,11,0.0,31,0.0,31,0.0,31,7.0,12,79.0,80,0.0,31
"Okfuskee County, Oklahoma",132.0,16,,,24.0,18,16.0,21,19.0,17,0.0,16,6.0,7,0.0,16,0.0,16,0.0,16,,,33.0,33,0.0,16,1.0,2,0.0,16,20.0,21,0.0,16,0.0,16,0.0,16,0.0,16,13.0,16,0.0,16
"Oklahoma County, Oklahoma",38585.0,1079,,,4673.0,769,405.0,316,2648.0,510,2494.0,456,82.0,109,5.0,10,529.0,227,0.0,24,,,877.0,442,585.0,366,3698.0,769,250.0,176,563.0,302,67.0,63,0.0,24,17.0,19,933.0,398,8697.0,1134,0.0,24
"Okmulgee County, Oklahoma",446.0,78,,,139.0,81,0.0,22,77.0,54,35.0,41,0.0,22,0.0,22,0.0,22,0.0,22,,,13.0,21,0.0,22,88.0,70,0.0,22,18.0,22,0.0,22,0.0,22,0.0,22,0.0,22,15.0,44,0.0,22
"Oktibbeha County, Mississippi",1848.0,72,,,367.0,171,0.0,33,17.0,25,98.0,71,0.0,33,0.0,33,199.0,99,0.0,33,,,0.0,33,0.0,33,184.0,133,36.0,57,0.0,33,0.0,33,0.0,33,0.0,33,14.0,38,190.0,108,0.0,33
"Oldham County, Kentucky",1661.0,101,,,381.0,151,0.0,30,139.0,90,218.0,127,0.0,30,0.0,30,89.0,85,0.0,30,,,0.0,30,27.0,22,227.0,130,0.0,30,0.0,30,0.0,30,0.0,30,0.0,30,0.0,30,78.0,63,0.0,30
"Oldham County, Texas",3.0,10,,,3.0,10,0.0,15,0.0,15,0.0,15,0.0,15,0.0,15,0.0,15,0.0,15,,,0.0,15,0.0,15,0.0,15,0.0,15,0.0,15,0.0,15,0.0,15,0.0,15,0.0,15,0.0,15,0.0,15
"Oliver County, North Dakota",86.0,64,,,0.0,10,0.0,10,0.0,10,7.0,11,0.0,10,0.0,10,0.0,10,0.0,10,,,0.0,10,0.0,10,11.0,13,0.0,10,68.0,71,0.0,10,0.0,10,0.0,10,0.0,10,0.0,10,0.0,10
"Olmsted County, Minnesota",12859.0,277,,,2189.0,483,196.0,201,331.0,154,613.0,251,0.0,22,0.0,22,133.0,72,0.0,22,,,245.0,193,1862.0,435,897.0,240,0.0,22,547.0,292,8.0,12,0.0,22,0.0,22,176.0,111,1910.0,603,0.0,22
"Oneida County, Idaho",0.0,12,,,0.0,12,0.0,12,0.0,12,0.0,12,0.0,12,0.0,12,0.0,12,0.0,12,,,0.0,12,0.0,12,0.0,12,0.0,12,0.0,12,0.0,12,0.0,12,0.0,12,0.0,12,0.0,12,0.0,12
"Oneida County, New York",11842.0,413,,,1293.0,376,0.0,31,210.0,108,478.0,175,0.0,31,0.0,31,120.0,76,0.0,31,,,4004.0,766,1075.0,485,560.0,267,49.0,52,34.0,44,40.0,38,0.0,31,25.0,37,697.0,471,818.0,302,0.0,31
"Oneida County, Wisconsin",294.0,10,,,59.0,43,15.0,17,14.0,21,2.0,3,0.0,21,0.0,21,0.0,21,0.0,21,,,0.0,21,0.0,21,29.0,33,0.0,21,0.0,21,0.0,21,0.0,21,0.0,21,22.0,31,16.0,18,0.0,21
"Onondaga County, New York",23429.0,585,,,6028.0,596,312.0,270,665.0,189,1337.0,256,1.0,3,34.0,50,123.0,96,0.0,31,,,1981.0,579,401.0,247,1778.0,478,66.0,60,236.0,161,0.0,31,0.0,31,88.0,127,429.0,207,2152.0,512,0.0,31
"Onslow County, North Carolina",8641.0,734,,,1358.0,596,108.0,113,1344.0,358,1097.0,463,0.0,32,230.0,155,27.0,37,0.0,32,,,59.0,84,62.0,56,2758.0,610,0.0,32,4.0,8,6.0,13,0.0,32,0.0,32,199.0,129,478.0,270,0.0,32
"Ontario County, New York",2237.0,110,,,376.0,165,0.0,31,257.0,126,449.0,171,0.0,31,0.0,31,12.0,20,0.0,31,,,9.0,23,120.0,141,181.0,95,16.0,17,15.0,21,3.0,5,0.0,31,0.0,31,67.0,82,50.0,46,0.0,31
"Ontonagon County, Michigan",57.0,7,,,12.0,11,0.0,15,16.0,12,7.0,9,0.0,15,0.0,15,0.0,15,0.0,15,,,0.0,15,0.0,15,16.0,12,0.0,15,0.0,15,0.0,15,0.0,15,0.0,15,0.0,15,0.0,15,0.0,15
"Orange County, California",828521.0,3689,,,147312.0,5008,2125.0,784,57152.0,2522,116566.0,4644,293.0,208,210.0,109,18394.0,2015,14.0,21,,,824.0,335,11792.0,1482,113094.0,3780,6621.0,1453,4109.0,1128,854.0,304,36.0,33,213.0,124,7532.0,1201,240511.0,5268,61.0,66
"Orange County, Florida",98361.0,1601,,,17997.0,1927,64.0,89,3930.0,935,3751.0,727,18.0,23,37.0,41,713.0,364,0.0,35,,,339.0,252,1136.0,780,14591.0,1664,291.0,138,656.0,360,95.0,92,0.0,35,77.0,68,1765.0,641,16083.0,1813,0.0,35
"Orange County, Indiana",128.0,9,,,12.0,15,0.0,20,34.0,33,15.0,26,0.0,20,0.0,20,18.0,23,0.0,20,,,0.0,20,0.0,20,21.0,24,0.0,20,0.0,20,0.0,20,0.0,20,0.0,20,0.0,20,0.0,20,0.0,20
"Orange County, New York",15619.0,597,,,4370.0,645,0.0,31,1133.0,447,764.0,266,8.0,17,0.0,31,53.0,54,0.0,31,,,26.0,24,188.0,205,2323.0,528,54.0,41,33.0,54,39.0,47,0.0,31,0.0,31,179.0,132,805.0,384,0.0,31
"Orange County, North Carolina",13532.0,254,,,4322.0,554,115.0,136,722.0,282,1484.0,421,0.0,32,0.0,32,501.0,241,0.0,32,,,823.0,373,196.0,214,698.0,301,0.0,32,9.0,17,26.0,39,0.0,32,0.0,32,42.0,40,543.0,257,0.0,32
"Orange County, Texas",1240.0,102,,,49.0,67,0.0,35,31.0,54,128.0,114,0.0,35,0.0,35,26.0,44,0.0,35,,,0.0,35,121.0,155,167.0,116,0.0,35,40.0,58,0.0,35,0.0,35,0.0,35,0.0,35,151.0,158,0.0,35
"Orange County, Vermont",259.0,30,,,74.0,41,0.0,19,20.0,16,16.0,15,0.0,19,0.0,19,2.0,3,0.0,19,,,0.0,19,0.0,19,43.0,28,0.0,19,0.0,19,0.0,19,0.0,19,0.0,19,0.0,19,65.0,48,0.0,19
"Orange County, Virginia",1094.0,436,,,238.0,228,0.0,28,192.0,228,259.0,239,0.0,28,0.0,28,0.0,28,0.0,28,,,46.0,76,0.0,28,118.0,174,0.0,28,0.0,28,0.0,28,0.0,28,0.0,28,0.0,28,16.0,35,0.0,28
"Orangeburg County, South Carolina",914.0,33,,,0.0,33,0.0,33,16.0,39,95.0,94,0.0,33,0.0,33,0.0,33,0.0,33,,,0.0,33,8.0,14,339.0,166,21.0,45,0.0,33,0.0,33,0.0,33,0.0,33,0.0,33,131.0,140,0.0,33
"Oregon County, Missouri",58.0,4,,,1.0,2,0.0,17,4.0,11,0.0,17,0.0,17,0.0,17,0.0,17,0.0,17,,,0.0,17,0.0,17,35.0,22,0.0,17,0.0,17,0.0,17,0.0,17,0.0,17,0.0,17,18.0,24,0.0,17
"Orleans County, New York",393.0,60,,,178.0,81,0.0,28,7.0,17,27.0,33,0.0,28,0.0,28,14.0,18,0.0,28,,,1.0,3,11.0,24,108.0,70,0.0,28,0.0,28,0.0,28,0.0,28,0.0,28,0.0,28,15.0,31,0.0,28
"Orleans County, Vermont",261.0,36,,,78.0,56,0.0,19,8.0,11,53.0,42,0.0,19,0.0,19,0.0,19,0.0,19,,,0.0,19,0.0,19,47.0,36,0.0,19,0.0,19,0.0,19,0.0,19,0.0,19,8.0,13,0.0,19,0.0,19
"Orleans Parish, Louisiana",13801.0,390,,,2179.0,378,0.0,33,698.0,231,637.0,238,7.0,12,0.0,33,98.0,65,0.0,33,,,67.0,93,2.0,4,1577.0,393,38.0,41,97.0,132,28.0,39,0.0,33,0.0,33,351.0,140,5823.0,571,0.0,33
"Orocovis Municipio, Puerto Rico",0.0,28,,,0.0,28,0.0,28,0.0,28,0.0,28,0.0,28,0.0,28,0.0,28,0.0,28,,,0.0,28,0.0,28,0.0,28,0.0,28,0.0,28,0.0,28,0.0,28,0.0,28,0.0,28,0.0,28,0.0,28
"Osage County, Kansas",95.0,3,,,40.0,30,0.0,18,12.0,18,3.0,5,0.0,18,0.0,18,0.0,18,0.0,18,,,0.0,18,12.0,20,14.0,18,0.0,18,5.0,10,0.0,18,0.0,18,0.0,18,0.0,18,0.0,18,0.0,18
"Osage County, Missouri",5.0,6,,,0.0,19,0.0,19,0.0,19,3.0,6,0.0,19,0.0,19,0.0,19,0.0,19,,,0.0,19,0.0,19,1.0,3,0.0,19,0.0,19,0.0,19,0.0,19,0.0,19,0.0,19,0.0,19,0.0,19
"Osage County, Oklahoma",384.0,48,,,45.0,51,0.0,22,21.0,29,39.0,44,0.0,22,0.0,22,0.0,22,0.0,22,,,0.0,22,0.0,22,64.0,55,0.0,22,48.0,59,0.0,22,0.0,22,0.0,22,4.0,5,36.0,36,0.0,22
"Osborne County, Kansas",25.0,17,,,9.0,12,0.0,11,5.0,9,7.0,9,0.0,11,0.0,11,0.0,11,0.0,11,,,0.0,11,0.0,11,4.0,7,0.0,11,0.0,11,0.0,11,0.0,11,0.0,11,0.0,11,0.0,11,0.0,11
"Osceola County, Florida",17896.0,1704,,,2517.0,976,0.0,35,252.0,170,365.0,203,0.0,35,0.0,35,47.0,136,0.0,35,,,29.0,49,161.0,157,4709.0,941,0.0,35,785.0,384,0.0,35,0.0,35,0.0,35,130.0,129,1039.0,426,0.0,35
"Osceola County, Iowa",64.0,15,,,0.0,15,0.0,15,3.0,5,5.0,9,0.0,15,0.0,15,0.0,15,0.0,15,,,0.0,15,0.0,15,7.0,16,0.0,15,41.0,24,0.0,15,0.0,15,0.0,15,0.0,15,2.0,4,0.0,15
"Osceola County, Michigan",125.0,3,,,15.0,13,23.0,22,15.0,16,12.0,9,0.0,20,0.0,20,0.0,20,0.0,20,,,0.0,20,2.0,4,35.0,28,0.0,20,7.0,8,0.0,20,0.0,20,5.0,7,0.0,20,0.0,20,0.0,20
"Oscoda County, Michigan",42.0,29,,,28.0,25,0.0,15,0.0,15,0.0,15,0.0,15,0.0,15,0.0,15,0.0,15,,,0.0,15,0.0,15,9.0,11,0.0,15,0.0,15,0.0,15,0.0,15,0.0,15,0.0,15,3.0,6,0.0,15
"Oswego County, New York",1504.0,64,,,292.0,108,0.0,31,87.0,62,150.0,102,0.0,31,0.0,31,0.0,31,0.0,31,,,134.0,117,0.0,31,204.0,90,0.0,31,0.0,31,1.0,3,0.0,31,0.0,31,25.0,46,138.0,92,0.0,31
"Otero County, Colorado",184.0,21,,,5.0,11,0.0,21,24.0,35,41.0,52,34.0,43,0.0,21,0.0,21,0.0,21,,,0.0,21,0.0,21,24.0,32,0.0,21,0.0,21,0.0,21,0.0,21,0.0,21,0.0,21,32.0,39,0.0,21
"Otero County, New Mexico",1888.0,270,,,180.0,100,52.0,85,103.0,76,249.0,84,0.0,31,0.0,31,61.0,82,0.0,31,,,0.0,31,8.0,15,838.0,292,9.0,16,0.0,31,0.0,31,0.0,31,0.0,31,101.0,91,90.0,78,0.0,31
"Otoe County, Nebraska",172.0,20,,,27.0,36,0.0,16,31.0,33,30.0,38,0.0,16,0.0,16,0.0,16,0.0,16,,,0.0,16,3.0,3,38.0,39,0.0,16,0.0,16,0.0,16,0.0,16,0.0,16,0.0,16,43.0,44,0.0,16
"Otsego County, Michigan",238.0,20,,,0.0,20,18.0,31,23.0,33,35.0,28,0.0,20,0.0,20,0.0,20,0.0,20,,,0.0,20,0.0,20,103.0,76,0.0,20,0.0,20,35.0,47,0.0,20,0.0,20,17.0,35,0.0,20,0.0,20
"Otsego County, New York",1213.0,29,,,429.0,137,0.0,31,111.0,70,52.0,36,7.0,12,0.0,31,10.0,19,0.0,31,,,0.0,31,2.0,3,220.0,90,0.0,31,0.0,31,0.0,31,0.0,31,0.0,31,5.0,10,3.0,6,0.0,31
"Ottawa County, Kansas",12.0,14,,,0.0,16,0.0,16,4.0,8,5.0,10,0.0,16,0.0,16,0.0,16,0.0,16,,,0.0,16,0.0,16,0.0,16,0.0,16,0.0,16,0.0,16,0.0,16,0.0,16,3.0,4,0.0,16,0.0,16
"Ottawa County, Michigan",11569.0,608,,,1632.0,435,0.0,26,297.0,153,1404.0,271,10.0,17,0.0,26,60.0,94,0.0,26,,,29.0,37,1657.0,545,928.0,293,118.0,101,2187.0,480,4.0,8,36.0,58,0.0,26,345.0,205,1153.0,415,0.0,26
"Ottawa County, Ohio",218.0,18,,,65.0,35,0.0,27,26.0,30,14.0,16,0.0,27,0.0,27,0.0,27,0.0,27,,,0.0,27,0.0,27,53.0,41,0.0,27,10.0,15,0.0,27,0.0,27,0.0,27,13.0,20,3.0,7,0.0,27
"Ottawa County, Oklahoma",437.0,58,,,77.0,33,15.0,14,59.0,26,51.0,26,0.0,22,0.0,22,12.0,15,0.0,22,,,0.0,22,5.0,7,84.0,32,0.0,22,4.0,7,0.0,22,0.0,22,0.0,22,7.0,10,42.0,29,0.0,22
"Otter Tail County, Minnesota",734.0,134,,,233.0,124,0.0,22,133.0,103,55.0,47,0.0,22,0.0,22,8.0,13,0.0,22,,,0.0,22,6.0,19,89.0,71,0.0,22,0.0,22,0.0,22,0.0,22,0.0,22,5.0,5,32.0,36,0.0,22
"Ouachita County, Arkansas",111.0,108,,,0.0,24,0.0,24,58.0,84,10.0,17,0.0,24,0.0,24,0.0,24,0.0,24,,,0.0,24,0.0,24,40.0,51,0.0,24,0.0,24,0.0,24,0.0,24,0.0,24,0.0,24,3.0,5,0.0,24
"Ouachita Parish, Louisiana",2268.0,185,,,278.0,193,0.0,33,73.0,73,132.0,109,0.0,33,0.0,33,3.0,4,0.0,33,,,0.0,33,14.0,25,221.0,118,0.0,33,103.0,146,0.0,33,86.0,58,0.0,33,84.0,87,439.0,216,0.0,33
"Ouray County, Colorado",104.0,61,,,16.0,16,0.0,19,0.0,19,4.0,6,0.0,19,0.0,19,0.0,19,0.0,19,,,0.0,19,0.0,19,0.0,19,11.0,17,0.0,19,0.0,19,0.0,19,0.0,19,0.0,19,73.0,62,0.0,19
"Outagamie County, Wisconsin",8448.0,117,,,681.0,253,4496.0,506,499.0,305,457.0,255,12.0,17,0.0,23,8.0,12,0.0,23,,,40.0,63,14.0,27,749.0,295,8.0,15,112.0,173,0.0,23,0.0,23,0.0,23,63.0,47,233.0,170,0.0,23
"Overton County, Tennessee",95.0,70,,,50.0,44,0.0,25,0.0,25,7.0,13,0.0,25,0.0,25,0.0,25,0.0,25,,,0.0,25,0.0,25,6.0,11,0.0,25,0.0,25,0.0,25,0.0,25,0.0,25,0.0,25,0.0,25,0.0,25
"Owen County, Indiana",189.0,21,,,61.0,60,0.0,24,14.0,21,31.0,48,0.0,24,0.0,24,0.0,24,0.0,24,,,0.0,24,0.0,24,39.0,38,0.0,24,0.0,24,0.0,24,0.0,24,0.0,24,11.0,20,33.0,36,0.0,24
"Owen County, Kentucky",23.0,27,,,0.0,20,0.0,20,0.0,20,2.0,4,0.0,20,0.0,20,0.0,20,0.0,20,,,0.0,20,0.0,20,18.0,25,0.0,20,0.0,20,0.0,20,0.0,20,0.0,20,0.0,20,0.0,20,0.0,20
"Owsley County, Kentucky",0.0,13,,,0.0,13,0.0,13,0.0,13,0.0,13,0.0,13,0.0,13,0.0,13,0.0,13,,,0.0,13,0.0,13,0.0,13,0.0,13,0.0,13,0.0,13,0.0,13,0.0,13,0.0,13,0.0,13,0.0,13
"Owyhee County, Idaho",20.0,21,,,6.0,11,0.0,19,7.0,10,4.0,7,0.0,19,0.0,19,0.0,19,0.0,19,,,0.0,19,0.0,19,3.0,8,0.0,19,0.0,19,0.0,19,0.0,19,0.0,19,0.0,19,0.0,19,0.0,19
"Oxford County, Maine",678.0,59,,,146.0,90,0.0,26,125.0,77,84.0,58,0.0,26,0.0,26,0.0,26,0.0,26,,,0.0,26,8.0,10,94.0,87,0.0,26,9.0,11,0.0,26,0.0,26,0.0,26,79.0,73,85.0,64,0.0,26
"Ozark County, Missouri",0.0,17,,,0.0,17,0.0,17,0.0,17,0.0,17,0.0,17,0.0,17,0.0,17,0.0,17,,,0.0,17,0.0,17,0.0,17,0.0,17,0.0,17,0.0,17,0.0,17,0.0,17,0.0,17,0.0,17,0.0,17
"Ozaukee County, Wisconsin",3082.0,112,,,470.0,179,163.0,139,180.0,98,388.0,211,3.0,5,0.0,23,112.0,110,0.0,23,,,86.0,140,0.0,23,302.0,155,0.0,23,47.0,70,0.0,23,0.0,23,0.0,23,47.0,43,201.0,156,0.0,23
"Pacific County, Washington",625.0,21,,,111.0,68,0.0,25,84.0,56,51.0,49,0.0,25,0.0,25,0.0,25,0.0,25,,,0.0,25,46.0,49,112.0,58,0.0,25,159.0,84,0.0,25,0.0,25,0.0,25,0.0,25,26.0,30,0.0,25
"Page County, Iowa",225.0,23,,,0.0,16,0.0,16,0.0,16,50.0,64,0.0,16,0.0,16,0.0,16,0.0,16,,,0.0,16,0.0,16,90.0,48,0.0,16,10.0,20,0.0,16,0.0,16,0.0,16,11.0,18,54.0,66,0.0,16
"Page County, Virginia",125.0,45,,,4.0,8,0.0,25,2.0,4,11.0,13,0.0,25,0.0,25,0.0,25,0.0,25,,,0.0,25,0.0,25,69.0,47,0.0,25,0.0,25,0.0,25,0.0,25,0.0,25,8.0,14,0.0,25,0.0,25
"Palm Beach County, Florida",58544.0,1143,,,11015.0,1439,0.0,35,2514.0,576,2633.0,760,0.0,35,13.0,18,320.0,197,16.0,29,,,326.0,240,316.0,213,8155.0,1078,301.0,197,100.0,132,25.0,36,0.0,35,0.0,35,1924.0,599,7466.0,1385,33.0,53
"Palo Alto County, Iowa",111.0,15,,,0.0,15,0.0,15,0.0,15,0.0,15,0.0,15,0.0,15,16.0,24,0.0,15,,,0.0,15,0.0,15,78.0,28,0.0,15,0.0,15,0.0,15,0.0,15,0.0,15,0.0,15,14.0,20,0.0,15
"Palo Pinto County, Texas",381.0,65,,,29.0,36,0.0,28,85.0,78,0.0,28,0.0,28,0.0,28,0.0,28,0.0,28,,,0.0,28,0.0,28,14.0,16,0.0,28,0.0,28,0.0,28,0.0,28,0.0,28,0.0,28,0.0,28,0.0,28
"Pamlico County, North Carolina",102.0,10,,,0.0,21,0.0,21,11.0,19,0.0,21,0.0,21,4.0,6,0.0,21,0.0,21,,,0.0,21,0.0,21,47.0,41,31.0,37,0.0,21,0.0,21,0.0,21,0.0,21,0.0,21,2.0,3,0.0,21
"Panola County, Mississippi",117.0,140,,,0.0,30,0.0,30,0.0,30,0.0,30,0.0,30,0.0,30,0.0,30,0.0,30,,,0.0,30,0.0,30,105.0,139,0.0,30,0.0,30,0.0,30,0.0,30,0.0,30,0.0,30,0.0,30,0.0,30
"Panola County, Texas",216.0,68,,,14.0,18,0.0,28,0.0,28,9.0,15,0.0,28,0.0,28,0.0,28,0.0,28,,,0.0,28,16.0,28,52.0,55,0.0,28,0.0,28,0.0,28,0.0,28,0.0,28,0.0,28,110.0,71,0.0,28
"Park County, Colorado",211.0,152,,,25.0,42,0.0,21,17.0,33,85.0,112,0.0,21,0.0,21,0.0,21,0.0,21,,,0.0,21,0.0,21,83.0,112,0.0,21,0.0,21,0.0,21,0.0,21,0.0,21,0.0,21,0.0,21,0.0,21
"Park County, Montana",141.0,17,,,47.0,40,0.0,17,26.0,34,20.0,24,0.0,17,0.0,17,0.0,17,0.0,17,,,0.0,17,0.0,17,15.0,15,0.0,17,0.0,17,0.0,17,0.0,17,0.0,17,0.0,17,0.0,17,0.0,17
"Park County, Wyoming",373.0,45,,,118.0,78,0.0,27,148.0,70,15.0,16,0.0,27,0.0,27,24.0,36,0.0,27,,,0.0,27,0.0,27,43.0,44,0.0,27,0.0,27,0.0,27,0.0,27,0.0,27,0.0,27,0.0,27,0.0,27
"Parke County, Indiana",44.0,58,,,0.0,20,0.0,20,0.0,20,0.0,20,0.0,20,0.0,20,0.0,20,0.0,20,,,0.0,20,0.0,20,4.0,7,0.0,20,0.0,20,0.0,20,0.0,20,0.0,20,0.0,20,0.0,20,0.0,20
"Parker County, Texas",2168.0,206,,,343.0,236,0.0,35,39.0,33,293.0,192,0.0,35,0.0,35,25.0,37,0.0,35,,,0.0,35,104.0,114,652.0,246,35.0,32,12.0,19,11.0,27,0.0,35,0.0,35,106.0,103,444.0,366,0.0,35
"Parmer County, Texas",19.0,27,,,0.0,21,0.0,21,12.0,17,0.0,21,0.0,21,0.0,21,0.0,21,0.0,21,,,0.0,21,0.0,21,7.0,11,0.0,21,0.0,21,0.0,21,0.0,21,0.0,21,0.0,21,0.0,21,0.0,21
"Pasco County, Florida",24440.0,757,,,3122.0,691,159.0,152,1190.0,528,994.0,285,49.0,48,16.0,25,95.0,79,0.0,35,,,51.0,57,106.0,113,5423.0,850,368.0,235,205.0,259,0.0,35,0.0,35,0.0,35,596.0,263,3724.0,711,0.0,35
"Pasquotank County, North Carolina",1064.0,374,,,124.0,115,0.0,29,6.0,13,0.0,29,0.0,29,0.0,29,0.0,29,0.0,29,,,0.0,29,0.0,29,503.0,236,0.0,29,0.0,29,18.0,31,0.0,29,0.0,29,0.0,29,307.0,225,0.0,29
"Passaic County, New Jersey",33631.0,670,,,3257.0,553,20.0,27,680.0,243,2248.0,577,26.0,36,0.0,32,260.0,164,0.0,32,,,46.0,52,9.0,16,6041.0,937,295.0,192,0.0,32,0.0,32,0.0,32,0.0,32,78.0,83,185.0,125,0.0,32
"Patillas Municipio, Puerto Rico",0.0,24,,,0.0,24,0.0,24,0.0,24,0.0,24,0.0,24,0.0,24,0.0,24,0.0,24,,,0.0,24,0.0,24,0.0,24,0.0,24,0.0,24,0.0,24,0.0,24,0.0,24,0.0,24,0.0,24,0.0,24
"Patrick County, Virginia",36.0,44,,,0.0,21,0.0,21,0.0,21,0.0,21,0.0,21,0.0,21,0.0,21,0.0,21,,,0.0,21,0.0,21,0.0,21,0.0,21,0.0,21,0.0,21,0.0,21,0.0,21,0.0,21,0.0,21,0.0,21
"Paulding County, Georgia",3949.0,518,,,616.0,332,0.0,34,292.0,157,204.0,123,0.0,34,22.0,36,14.0,25,0.0,34,,,0.0,34,105.0,117,783.0,314,41.0,64,0.0,34,0.0,34,0.0,34,0.0,34,19.0,32,260.0,220,0.0,34
"Paulding County, Ohio",87.0,20,,,0.0,20,0.0,20,0.0,20,29.0,30,0.0,20,0.0,20,0.0,20,0.0,20,,,0.0,20,0.0,20,58.0,30,0.0,20,0.0,20,0.0,20,0.0,20,0.0,20,0.0,20,0.0,20,0.0,20
"Pawnee County, Kansas",7.0,14,,,0.0,16,0.0,16,0.0,16,0.0,16,0.0,16,0.0,16,0.0,16,0.0,16,,,0.0,16,0.0,16,0.0,16,0.0,16,0.0,16,0.0,16,0.0,16,0.0,16,0.0,16,0.0,16,0.0,16
"Pawnee County, Nebraska",0.0,10,,,0.0,10,0.0,10,0.0,10,0.0,10,0.0,10,0.0,10,0.0,10,0.0,10,,,0.0,10,0.0,10,0.0,10,0.0,10,0.0,10,0.0,10,0.0,10,0.0,10,0.0,10,0.0,10,0.0,10
"Pawnee County, Oklahoma",134.0,21,,,0.0,16,0.0,16,7.0,12,12.0,18,0.0,16,0.0,16,0.0,16,0.0,16,,,0.0,16,0.0,16,19.0,19,13.0,20,14.0,18,0.0,16,0.0,16,0.0,16,31.0,26,0.0,16,0.0,16
"Payette County, Idaho",536.0,130,,,144.0,129,0.0,23,73.0,95,119.0,115,0.0,23,0.0,23,0.0,23,0.0,23,,,0.0,23,0.0,23,167.0,99,7.0,12,0.0,23,0.0,23,0.0,23,0.0,23,0.0,23,0.0,23,0.0,23
"Payne County, Oklahoma",4482.0,138,,,1441.0,341,24.0,36,280.0,136,262.0,116,43.0,64,0.0,24,133.0,84,0.0,24,,,0.0,24,135.0,177,356.0,196,64.0,83,0.0,24,92.0,119,0.0,24,0.0,24,60.0,68,98.0,65,0.0,24
"Peach County, Georgia",407.0,51,,,227.0,174,0.0,27,0.0,27,24.0,41,0.0,27,0.0,27,17.0,31,0.0,27,,,0.0,27,0.0,27,118.0,110,0.0,27,0.0,27,0.0,27,0.0,27,0.0,27,0.0,27,0.0,27,0.0,27
"Pearl River County, Mississippi",367.0,33,,,37.0,57,0.0,33,20.0,31,0.0,33,0.0,33,0.0,33,0.0,33,0.0,33,,,0.0,33,0.0,33,151.0,103,0.0,33,0.0,33,0.0,33,0.0,33,0.0,33,0.0,33,110.0,98,0.0,33
"Pecos County, Texas",414.0,224,,,0.0,23,0.0,23,83.0,96,0.0,23,0.0,23,0.0,23,0.0,23,0.0,23,,,0.0,23,0.0,23,125.0,143,0.0,23,0.0,23,0.0,23,0.0,23,0.0,23,0.0,23,0.0,23,0.0,23
"Pembina County, North Dakota",97.0,91,,,12.0,15,0.0,15,12.0,15,17.0,16,0.0,15,0.0,15,0.0,15,0.0,15,,,0.0,15,0.0,15,14.0,15,0.0,15,0.0,15,0.0,15,0.0,15,0.0,15,1.0,2,12.0,15,0.0,15
"Pemiscot County, Missouri",71.0,94,,,0.0,19,0.0,19,0.0,19,0.0,19,0.0,19,0.0,19,0.0,19,0.0,19,,,0.0,19,0.0,19,6.0,14,0.0,19,0.0,19,0.0,19,0.0,19,0.0,19,0.0,19,0.0,19,0.0,19
"Pend Oreille County, Washington",226.0,12,,,9.0,15,0.0,21,44.0,74,9.0,18,0.0,21,0.0,21,0.0,21,0.0,21,,,0.0,21,0.0,21,118.0,82,21.0,38,0.0,21,0.0,21,0.0,21,0.0,21,9.0,19,16.0,32,0.0,21
"Pender County, North Carolina",732.0,142,,,171.0,100,0.0,32,73.0,76,93.0,80,0.0,32,0.0,32,0.0,32,0.0,32,,,0.0,32,0.0,32,160.0,109,97.0,93,12.0,28,0.0,32,0.0,32,0.0,32,15.0,17,12.0,28,0.0,32
"Pendleton County, Kentucky",68.0,49,,,41.0,46,0.0,20,0.0,20,5.0,10,0.0,20,0.0,20,0.0,20,0.0,20,,,0.0,20,0.0,20,6.0,12,0.0,20,0.0,20,0.0,20,0.0,20,0.0,20,0.0,20,0.0,20,0.0,20
"Pendleton County, West Virginia",17.0,16,,,0.0,18,0.0,18,0.0,18,0.0,18,0.0,18,0.0,18,0.0,18,0.0,18,,,0.0,18,0.0,18,0.0,18,0.0,18,0.0,18,0.0,18,0.0,18,0.0,18,0.0,18,0.0,18,0.0,18
"Pennington County, Minnesota",210.0,15,,,13.0,16,0.0,15,0.0,15,48.0,53,0.0,15,0.0,15,0.0,15,0.0,15,,,23.0,39,0.0,15,70.0,48,0.0,15,0.0,15,0.0,15,0.0,15,0.0,15,0.0,15,49.0,44,0.0,15
"Pennington County, South Dakota",2421.0,211,,,105.0,86,0.0,24,301.0,154,279.0,128,0.0,24,0.0,24,0.0,24,0.0,24,,,95.0,114,0.0,24,1117.0,208,33.0,36,0.0,24,0.0,24,0.0,24,20.0,35,184.0,144,65.0,56,0.0,24
"Penobscot County, Maine",2613.0,116,,,743.0,268,5.0,9,220.0,153,195.0,112,1.0,4,4.0,7,16.0,32,0.0,26,,,18.0,31,28.0,40,661.0,276,6.0,7,0.0,26,63.0,63,0.0,26,0.0,26,19.0,30,241.0,165,0.0,26
"Peoria County, Illinois",9562.0,359,,,2062.0,613,3.0,6,237.0,128,557.0,228,11.0,18,0.0,29,129.0,132,0.0,29,,,0.0,29,0.0,29,1161.0,324,0.0,29,36.0,59,39.0,57,0.0,29,0.0,29,24.0,30,812.0,332,0.0,29
"Pepin County, Wisconsin",55.0,14,,,5.0,5,0.0,14,0.0,14,6.0,9,0.0,14,0.0,14,0.0,14,0.0,14,,,0.0,14,0.0,14,44.0,11,0.0,14,0.0,14,0.0,14,0.0,14,0.0,14,0.0,14,0.0,14,0.0,14
"Perkins County, Nebraska",26.0,20,,,1.0,3,0.0,10,11.0,13,11.0,14,0.0,10,0.0,10,0.0,10,0.0,10,,,0.0,10,0.0,10,1.0,3,0.0,10,0.0,10,0.0,10,0.0,10,0.0,10,0.0,10,1.0,3,0.0,10
"Perkins County, South Dakota",25.0,29,,,0.0,10,0.0,10,0.0,10,0.0,10,0.0,10,0.0,10,0.0,10,0.0,10,,,0.0,10,0.0,10,25.0,29,0.0,10,0.0,10,0.0,10,0.0,10,0.0,10,0.0,10,0.0,10,0.0,10
"Perquimans County, North Carolina",107.0,108,,,0.0,21,0.0,21,0.0,21,36.0,52,0.0,21,0.0,21,44.0,68,0.0,21,,,0.0,21,0.0,21,9.0,16,0.0,21,0.0,21,0.0,21,0.0,21,0.0,21,0.0,21,1.0,3,0.0,21
"Perry County, Alabama",6.0,14,,,0.0,19,0.0,19,6.0,14,0.0,19,0.0,19,0.0,19,0.0,19,0.0,19,,,0.0,19,0.0,19,0.0,19,0.0,19,0.0,19,0.0,19,0.0,19,0.0,19,0.0,19,0.0,19,0.0,19
"Perry County, Arkansas",130.0,94,,,0.0,20,0.0,20,63.0,59,36.0,53,0.0,20,0.0,20,0.0,20,0.0,20,,,0.0,20,0.0,20,10.0,19,0.0,20,0.0,20,0.0,20,0.0,20,0.0,20,0.0,20,21.0,38,0.0,20
"Perry County, Illinois",164.0,23,,,21.0,44,0.0,23,16.0,23,1.0,4,0.0,23,0.0,23,0.0,23,0.0,23,,,0.0,23,0.0,23,17.0,32,0.0,23,0.0,23,0.0,23,0.0,23,0.0,23,0.0,23,8.0,18,0.0,23
"Perry County, Indiana",178.0,11,,,0.0,20,0.0,20,55.0,46,7.0,13,0.0,20,0.0,20,0.0,20,0.0,20,,,0.0,20,0.0,20,10.0,13,18.0,25,0.0,20,0.0,20,0.0,20,0.0,20,0.0,20,7.0,15,0.0,20
"Perry County, Kentucky",290.0,24,,,21.0,40,0.0,24,26.0,48,0.0,24,0.0,24,0.0,24,0.0,24,0.0,24,,,0.0,24,0.0,24,111.0,127,0.0,24,0.0,24,0.0,24,0.0,24,0.0,24,0.0,24,111.0,140,0.0,24
"Perry County, Mississippi",536.0,375,,,265.0,187,0.0,22,0.0,22,0.0,22,0.0,22,0.0,22,0.0,22,0.0,22,,,0.0,22,0.0,22,6.0,13,0.0,22,0.0,22,0.0,22,0.0,22,0.0,22,0.0,22,265.0,187,0.0,22
"Perry County, Missouri",232.0,40,,,13.0,27,0.0,19,153.0,71,19.0,34,0.0,19,0.0,19,0.0,19,0.0,19,,,0.0,19,0.0,19,35.0,41,0.0,19,0.0,19,0.0,19,0.0,19,0.0,19,0.0,19,12.0,19,0.0,19
"Perry County, Ohio",171.0,37,,,0.0,27,0.0,27,50.0,61,0.0,27,0.0,27,0.0,27,0.0,27,0.0,27,,,0.0,27,18.0,18,80.0,61,0.0,27,0.0,27,0.0,27,0.0,27,0.0,27,0.0,27,0.0,27,0.0,27
"Perry County, Pennsylvania",373.0,36,,,36.0,27,2.0,4,77.0,52,56.0,33,0.0,24,0.0,24,0.0,24,0.0,24,,,0.0,24,6.0,9,44.0,28,0.0,24,0.0,24,10.0,15,0.0,24,0.0,24,0.0,24,22.0,17,0.0,24
"Perry County, Tennessee",176.0,132,,,34.0,51,0.0,19,0.0,19,0.0,19,0.0,19,0.0,19,0.0,19,0.0,19,,,0.0,19,0.0,19,51.0,66,0.0,19,0.0,19,0.0,19,0.0,19,0.0,19,0.0,19,0.0,19,0.0,19
"Pershing County, Nevada",91.0,75,,,41.0,66,0.0,20,0.0,20,0.0,20,0.0,20,0.0,20,0.0,20,0.0,20,,,0.0,20,0.0,20,46.0,38,0.0,20,0.0,20,0.0,20,0.0,20,0.0,20,0.0,20,0.0,20,0.0,20
"Person County, North Carolina",232.0,5,,,24.0,43,0.0,29,7.0,14,2.0,5,0.0,29,0.0,29,0.0,29,31.0,49,,,0.0,29,0.0,29,120.0,97,0.0,29,0.0,29,0.0,29,0.0,29,0.0,29,0.0,29,0.0,29,0.0,29
"Petersburg Borough, Alaska",584.0,117,,,45.0,45,0.0,10,153.0,68,27.0,32,0.0,10,0.0,10,0.0,10,0.0,10,,,0.0,10,60.0,58,248.0,98,0.0,10,0.0,10,0.0,10,0.0,10,0.0,10,0.0,10,43.0,40,0.0,10
"Petersburg city, Virginia",613.0,154,,,38.0,43,0.0,28,0.0,28,100.0,105,0.0,28,0.0,28,0.0,28,0.0,28,,,0.0,28,0.0,28,211.0,177,52.0,62,50.0,82,0.0,28,0.0,28,0.0,28,15.0,22,62.0,77,0.0,28
"Petroleum County, Montana",3.0,7,,,0.0,11,0.0,11,3.0,7,0.0,11,0.0,11,0.0,11,0.0,11,0.0,11,,,0.0,11,0.0,11,0.0,11,0.0,11,0.0,11,0.0,11,0.0,11,0.0,11,0.0,11,0.0,11,0.0,11
"Pettis County, Missouri",541.0,68,,,49.0,70,0.0,25,30.0,24,0.0,25,0.0,25,0.0,25,0.0,25,0.0,25,,,0.0,25,5.0,8,237.0,90,7.0,13,0.0,25,0.0,25,0.0,25,0.0,25,67.0,74,84.0,58,0.0,25
"Peñuelas Municipio, Puerto Rico",24.0,37,,,0.0,28,0.0,28,0.0,28,0.0,28,0.0,28,0.0,28,0.0,28,0.0,28,,,0.0,28,0.0,28,0.0,28,0.0,28,0.0,28,0.0,28,0.0,28,0.0,28,0.0,28,0.0,28,0.0,28
"Phelps County, Missouri",1993.0,91,,,984.0,214,0.0,25,30.0,39,179.0,104,0.0,25,0.0,25,46.0,49,0.0,25,,,22.0,35,0.0,25,93.0,65,0.0,25,2.0,4,0.0,25,0.0,25,0.0,25,4.0,6,99.0,75,0.0,25
"Phelps County, Nebraska",37.0,29,,,0.0,15,0.0,15,0.0,15,7.0,12,0.0,15,0.0,15,0.0,15,0.0,15,,,0.0,15,0.0,15,17.0,19,0.0,15,0.0,15,0.0,15,0.0,15,0.0,15,0.0,15,0.0,15,0.0,15
"Philadelphia County, Pennsylvania",145227.0,1838,,,47431.0,2836,313.0,225,2752.0,671,8352.0,978,364.0,237,0.0,27,1188.0,467,7.0,12,,,685.0,411,11213.0,2307,10667.0,1639,2628.0,830,1548.0,679,100.0,80,0.0,27,29.0,38,1030.0,362,17490.0,1850,0.0,27
"Phillips County, Arkansas",156.0,134,,,58.0,82,0.0,20,0.0,20,0.0,20,0.0,20,0.0,20,0.0,20,0.0,20,,,0.0,20,0.0,20,98.0,133,0.0,20,0.0,20,0.0,20,0.0,20,0.0,20,0.0,20,0.0,20,0.0,20
"Phillips County, Colorado",10.0,12,,,0.0,13,0.0,13,0.0,13,4.0,9,0.0,13,0.0,13,0.0,13,0.0,13,,,0.0,13,0.0,13,6.0,7,0.0,13,0.0,13,0.0,13,0.0,13,0.0,13,0.0,13,0.0,13,0.0,13
"Phillips County, Kansas",89.0,36,,,9.0,12,0.0,11,0.0,11,3.0,6,0.0,11,0.0,11,0.0,11,0.0,11,,,0.0,11,0.0,11,24.0,26,0.0,11,0.0,11,0.0,11,0.0,11,0.0,11,0.0,11,53.0,49,0.0,11
"Phillips County, Montana",0.0,11,,,0.0,11,0.0,11,0.0,11,0.0,11,0.0,11,0.0,11,0.0,11,0.0,11,,,0.0,11,0.0,11,0.0,11,0.0,11,0.0,11,0.0,11,0.0,11,0.0,11,0.0,11,0.0,11,0.0,11
"Piatt County, Illinois",56.0,56,,,3.0,8,0.0,19,1.0,3,6.0,8,0.0,19,0.0,19,0.0,19,0.0,19,,,0.0,19,0.0,19,43.0,50,0.0,19,0.0,19,0.0,19,0.0,19,0.0,19,0.0,19,0.0,19,0.0,19
"Pickaway County, Ohio",564.0,49,,,29.0,54,0.0,30,103.0,106,173.0,147,0.0,30,0.0,30,0.0,30,0.0,30,,,0.0,30,0.0,30,105.0,126,0.0,30,27.0,46,0.0,30,0.0,30,0.0,30,13.0,37,0.0,30,0.0,30
"Pickens County, Alabama",32.0,33,,,0.0,21,0.0,21,0.0,21,0.0,21,0.0,21,0.0,21,0.0,21,0.0,21,,,0.0,21,0.0,21,0.0,21,0.0,21,0.0,21,0.0,21,0.0,21,0.0,21,0.0,21,0.0,21,0.0,21
"Pickens County, Georgia",306.0,30,,,58.0,63,0.0,30,113.0,98,15.0,24,0.0,30,0.0,30,0.0,30,0.0,30,,,0.0,30,0.0,30,20.0,29,0.0,30,0.0,30,0.0,30,0.0,30,0.0,30,0.0,30,23.0,40,0.0,30
"Pickens County, South Carolina",3133.0,110,,,803.0,211,0.0,33,250.0,137,308.0,200,0.0,33,0.0,33,50.0,79,0.0,33,,,41.0,89,12.0,21,409.0,164,10.0,15,0.0,33,5.0,8,0.0,33,0.0,33,39.0,42,124.0,87,0.0,33
"Pickett County, Tennessee",3.0,6,,,0.0,19,0.0,19,0.0,19,0.0,19,0.0,19,0.0,19,0.0,19,0.0,19,,,0.0,19,0.0,19,3.0,6,0.0,19,0.0,19,0.0,19,0.0,19,0.0,19,0.0,19,0.0,19,0.0,19
"Pierce County, Georgia",30.0,52,,,0.0,23,0.0,23,0.0,23,0.0,23,0.0,23,0.0,23,0.0,23,0.0,23,,,0.0,23,0.0,23,0.0,23,0.0,23,0.0,23,0.0,23,0.0,23,0.0,23,0.0,23,0.0,23,0.0,23
"Pierce County, Nebraska",22.0,22,,,9.0,11,5.0,10,0.0,15,0.0,15,0.0,15,0.0,15,0.0,15,0.0,15,,,0.0,15,0.0,15,0.0,15,0.0,15,0.0,15,0.0,15,0.0,15,0.0,15,8.0,12,0.0,15,0.0,15
"Pierce County, North Dakota",30.0,29,,,0.0,10,0.0,10,0.0,10,0.0,10,0.0,10,0.0,10,0.0,10,0.0,10,,,0.0,10,0.0,10,0.0,10,0.0,10,0.0,10,0.0,10,0.0,10,0.0,10,0.0,10,20.0,27,0.0,10
"Pierce County, Washington",108973.0,1804,,,10725.0,1044,292.0,270,13184.0,1304,20588.0,1754,13.0,24,117.0,102,320.0,139,6.0,9,,,282.0,208,8043.0,1260,32918.0,1925,337.0,192,1644.0,697,126.0,110,9.0,16,0.0,31,2607.0,809,9466.0,1195,30.0,47
"Pierce County, Wisconsin",772.0,32,,,72.0,46,235.0,124,92.0,64,37.0,29,0.0,21,0.0,21,20.0,35,0.0,21,,,0.0,21,0.0,21,110.0,93,0.0,21,4.0,9,19.0,24,0.0,21,0.0,21,22.0,24,28.0,24,0.0,21
"Pike County, Alabama",791.0,65,,,191.0,138,0.0,28,12.0,20,106.0,106,0.0,28,0.0,28,0.0,28,0.0,28,,,0.0,28,0.0,28,35.0,42,0.0,28,0.0,28,0.0,28,0.0,28,0.0,28,0.0,28,99.0,84,0.0,28
"Pike County, Arkansas",49.0,40,,,0.0,20,0.0,20,0.0,20,5.0,7,0.0,20,0.0,20,0.0,20,0.0,20,,,0.0,20,0.0,20,14.0,19,0.0,20,0.0,20,0.0,20,0.0,20,0.0,20,0.0,20,8.0,15,0.0,20
"Pike County, Georgia",180.0,49,,,22.0,30,0.0,23,0.0,23,15.0,24,0.0,23,12.0,21,0.0,23,0.0,23,,,0.0,23,0.0,23,0.0,23,0.0,23,0.0,23,0.0,23,0.0,23,0.0,23,0.0,23,66.0,61,0.0,23
"Pike County, Illinois",65.0,19,,,8.0,15,0.0,19,0.0,19,14.0,17,0.0,19,0.0,19,0.0,19,0.0,19,,,0.0,19,0.0,19,32.0,24,0.0,19,0.0,19,0.0,19,0.0,19,0.0,19,0.0,19,0.0,19,0.0,19
"Pike County, Indiana",9.0,13,,,0.0,20,0.0,20,3.0,7,0.0,20,0.0,20,0.0,20,0.0,20,0.0,20,,,0.0,20,0.0,20,6.0,11,0.0,20,0.0,20,0.0,20,0.0,20,0.0,20,0.0,20,0.0,20,0.0,20
"Pike County, Kentucky",375.0,44,,,28.0,41,10.0,15,42.0,40,0.0,30,0.0,30,0.0,30,0.0,30,0.0,30,,,0.0,30,0.0,30,113.0,60,0.0,30,0.0,30,0.0,30,0.0,30,0.0,30,0.0,30,0.0,30,0.0,30
"Pike County, Mississippi",313.0,34,,,53.0,58,0.0,30,12.0,21,7.0,11,0.0,30,0.0,30,0.0,30,0.0,30,,,0.0,30,0.0,30,125.0,96,0.0,30,0.0,30,0.0,30,0.0,30,0.0,30,0.0,30,30.0,43,0.0,30
"Pike County, Missouri",108.0,6,,,15.0,20,0.0,19,5.0,10,7.0,8,0.0,19,0.0,19,0.0,19,0.0,19,,,0.0,19,0.0,19,28.0,28,0.0,19,0.0,19,0.0,19,0.0,19,0.0,19,3.0,6,0.0,19,0.0,19
"Pike County, Ohio",124.0,24,,,0.0,24,0.0,24,4.0,7,9.0,17,0.0,24,0.0,24,0.0,24,0.0,24,,,0.0,24,0.0,24,54.0,48,47.0,54,0.0,24,0.0,24,0.0,24,0.0,24,0.0,24,5.0,9,0.0,24
"Pike County, Pennsylvania",1190.0,102,,,214.0,155,0.0,27,93.0,93,121.0,105,0.0,27,0.0,27,0.0,27,0.0,27,,,0.0,27,85.0,121,358.0,182,29.0,46,0.0,27,0.0,27,0.0,27,4.0,7,3.0,5,0.0,27,0.0,27
"Pima County, Arizona",51332.0,1467,,,11319.0,1135,0.0,33,4793.0,700,4816.0,740,31.0,37,30.0,44,528.0,254,91.0,128,,,157.0,114,282.0,252,12168.0,1273,250.0,130,425.0,295,69.0,76,0.0,33,18.0,33,1802.0,431,4753.0,949,0.0,33
"Pinal County, Arizona",13421.0,702,,,1094.0,400,84.0,127,1584.0,534,1282.0,409,23.0,33,4.0,8,44.0,52,0.0,33,,,131.0,160,153.0,125,5168.0,781,368.0,354,208.0,163,0.0,33,0.0,33,0.0,33,240.0,186,1071.0,398,0.0,33
"Pine County, Minnesota",408.0,20,,,33.0,22,194.0,50,2.0,4,44.0,30,0.0,17,0.0,17,0.0,17,0.0,17,,,0.0,17,4.0,5,56.0,21,6.0,6,1.0,2,0.0,17,0.0,17,0.0,17,24.0,17,8.0,7,0.0,17
"Pinellas County, Florida",45085.0,662,,,4427.0,690,197.0,207,1894.0,442,2255.0,540,20.0,23,15.0,16,163.0,89,5.0,15,,,402.0,274,1608.0,526,8007.0,893,141.0,103,2019.0,649,83.0,59,0.0,35,36.0,38,1133.0,345,12447.0,1417,12.0,21
"Pipestone County, Minnesota",121.0,14,,,0.0,13,0.0,13,5.0,8,0.0,13,0.0,13,0.0,13,0.0,13,0.0,13,,,0.0,13,0.0,13,49.0,33,0.0,13,44.0,27,0.0,13,0.0,13,0.0,13,21.0,21,0.0,13,0.0,13
"Piscataquis County, Maine",378.0,237,,,122.0,70,0.0,17,35.0,57,0.0,17,0.0,17,0.0,17,0.0,17,0.0,17,,,0.0,17,0.0,17,118.0,61,0.0,17,0.0,17,0.0,17,0.0,17,0.0,17,3.0,6,54.0,62,0.0,17
"Pitkin County, Colorado",541.0,174,,,110.0,145,0.0,21,2.0,7,3.0,5,0.0,21,0.0,21,0.0,21,0.0,21,,,0.0,21,0.0,21,60.0,85,216.0,202,0.0,21,0.0,21,0.0,21,0.0,21,101.0,128,0.0,21,0.0,21
"Pitt County, North Carolina",4768.0,237,,,764.0,314,63.0,99,721.0,301,559.0,262,0.0,32,67.0,94,20.0,34,0.0,32,,,44.0,67,27.0,49,993.0,358,62.0,103,16.0,27,0.0,32,0.0,32,0.0,32,159.0,133,93.0,79,0.0,32
"Pittsburg County, Oklahoma",425.0,92,,,27.0,26,0.0,22,71.0,61,70.0,55,0.0,22,0.0,22,1.0,4,0.0,22,,,0.0,22,4.0,9,138.0,57,0.0,22,3.0,5,0.0,22,0.0,22,0.0,22,23.0,21,81.0,53,0.0,22
"Pittsylvania County, Virginia",593.0,125,,,0.0,31,0.0,31,0.0,31,65.0,72,0.0,31,0.0,31,0.0,31,0.0,31,,,0.0,31,0.0,31,171.0,145,0.0,31,0.0,31,23.0,37,0.0,31,0.0,31,117.0,124,0.0,31,0.0,31
"Piute County, Utah",0.0,12,,,0.0,12,0.0,12,0.0,12,0.0,12,0.0,12,0.0,12,0.0,12,0.0,12,,,0.0,12,0.0,12,0.0,12,0.0,12,0.0,12,0.0,12,0.0,12,0.0,12,0.0,12,0.0,12,0.0,12
"Placer County, California",53114.0,1036,,,8165.0,1094,222.0,184,4825.0,820,2411.0,564,531.0,489,118.0,136,383.0,183,0.0,32,,,138.0,163,254.0,140,17296.0,1746,371.0,197,207.0,110,79.0,101,377.0,340,77.0,110,495.0,249,2850.0,576,16.0,25
"Plaquemines Parish, Louisiana",1139.0,55,,,58.0,93,0.0,26,10.0,17,51.0,85,0.0,26,0.0,26,107.0,142,0.0,26,,,0.0,26,193.0,137,12.0,20,0.0,26,0.0,26,0.0,26,0.0,26,0.0,26,50.0,75,534.0,184,0.0,26
"Platte County, Missouri",4247.0,199,,,491.0,236,0.0,28,456.0,205,621.0,254,0.0,28,0.0,28,28.0,44,0.0,28,,,0.0,28,19.0,33,995.0,372,59.0,65,123.0,118,72.0,117,0.0,28,0.0,28,30.0,43,370.0,185,0.0,28
"Platte County, Nebraska",373.0,4,,,4.0,7,0.0,22,73.0,52,52.0,74,0.0,22,0.0,22,0.0,22,0.0,22,,,0.0,22,0.0,22,214.0,115,0.0,22,0.0,22,0.0,22,0.0,22,0.0,22,6.0,12,0.0,22,0.0,22
"Platte County, Wyoming",4.0,10,,,0.0,18,0.0,18,0.0,18,0.0,18,0.0,18,0.0,18,0.0,18,0.0,18,,,0.0,18,0.0,18,4.0,10,0.0,18,0.0,18,0.0,18,0.0,18,0.0,18,0.0,18,0.0,18,0.0,18
"Pleasants County, West Virginia",0.0,18,,,0.0,18,0.0,18,0.0,18,0.0,18,0.0,18,0.0,18,0.0,18,0.0,18,,,0.0,18,0.0,18,0.0,18,0.0,18,0.0,18,0.0,18,0.0,18,0.0,18,0.0,18,0.0,18,0.0,18
"Plumas County, California",217.0,145,,,10.0,21,0.0,21,0.0,21,2.0,7,0.0,21,0.0,21,0.0,21,0.0,21,,,0.0,21,0.0,21,185.0,135,0.0,21,0.0,21,0.0,21,0.0,21,0.0,21,0.0,21,0.0,21,0.0,21
"Plymouth County, Iowa",244.0,19,,,0.0,19,0.0,19,6.0,10,8.0,12,0.0,19,0.0,19,0.0,19,0.0,19,,,0.0,19,0.0,19,119.0,68,0.0,19,53.0,59,0.0,19,0.0,19,0.0,19,3.0,5,49.0,52,0.0,19
"Plymouth County, Massachusetts",13603.0,713,,,3519.0,704,496.0,321,607.0,220,1159.0,416,7.0,11,0.0,32,156.0,131,0.0,32,,,23.0,41,481.0,289,1418.0,498,68.0,68,0.0,32,10.0,16,0.0,32,0.0,32,114.0,87,1951.0,481,0.0,32
"Pocahontas County, Iowa",39.0,38,,,0.0,15,0.0,15,17.0,31,0.0,15,0.0,15,0.0,15,0.0,15,0.0,15,,,0.0,15,0.0,15,14.0,17,0.0,15,0.0,15,0.0,15,0.0,15,0.0,15,0.0,15,0.0,15,0.0,15
"Pocahontas County, West Virginia",28.0,36,,,0.0,18,0.0,18,0.0,18,0.0,18,0.0,18,0.0,18,0.0,18,0.0,18,,,0.0,18,0.0,18,18.0,32,0.0,18,0.0,18,0.0,18,0.0,18,0.0,18,0.0,18,0.0,18,0.0,18
"Poinsett County, Arkansas",20.0,17,,,0.0,24,0.0,24,0.0,24,3.0,5,0.0,24,0.0,24,0.0,24,0.0,24,,,0.0,24,0.0,24,9.0,14,0.0,24,0.0,24,0.0,24,0.0,24,0.0,24,0.0,24,1.0,4,0.0,24
"Pointe Coupee Parish, Louisiana",116.0,17,,,53.0,55,0.0,26,0.0,26,1.0,3,0.0,26,0.0,26,0.0,26,0.0,26,,,0.0,26,0.0,26,0.0,26,0.0,26,0.0,26,0.0,26,0.0,26,0.0,26,0.0,26,62.0,51,0.0,26
"Polk County, Arkansas",53.0,48,,,24.0,25,0.0,20,0.0,20,7.0,14,0.0,20,0.0,20,0.0,20,0.0,20,,,0.0,20,0.0,20,8.0,13,0.0,20,0.0,20,0.0,20,0.0,20,0.0,20,13.0,20,0.0,20,0.0,20
"Polk County, Florida",19217.0,904,,,2224.0,531,94.0,94,840.0,280,1107.0,475,0.0,35,0.0,35,102.0,94,0.0,35,,,362.0,305,248.0,179,4557.0,738,136.0,131,787.0,366,47.0,66,0.0,35,0.0,35,427.0,191,1065.0,406,0.0,35
"Polk County, Georgia",459.0,359,,,0.0,30,0.0,30,34.0,64,0.0,30,0.0,30,0.0,30,0.0,30,0.0,30,,,0.0,30,0.0,30,0.0,30,0.0,30,0.0,30,0.0,30,0.0,30,0.0,30,0.0,30,0.0,30,0.0,30
"Polk County, Iowa",31097.0,687,,,3083.0,790,231.0,163,479.0,206,2363.0,668,0.0,24,0.0,24,134.0,128,0.0,24,,,4119.0,913,1002.0,541,1761.0,439,26.0,37,2955.0,758,66.0,62,0.0,24,0.0,24,650.0,348,4625.0,995,0.0,24
"Polk County, Minnesota",400.0,23,,,112.0,54,32.0,31,15.0,21,72.0,50,0.0,20,0.0,20,0.0,20,0.0,20,,,0.0,20,0.0,20,89.0,68,0.0,20,20.0,24,0.0,20,0.0,20,0.0,20,0.0,20,4.0,5,0.0,20
"Polk County, Missouri",431.0,73,,,180.0,85,0.0,25,4.0,6,112.0,107,0.0,25,0.0,25,0.0,25,0.0,25,,,0.0,25,37.0,60,83.0,100,0.0,25,0.0,25,0.0,25,0.0,25,0.0,25,0.0,25,0.0,25,0.0,25
"Polk County, Nebraska",8.0,9,,,4.0,7,0.0,15,4.0,6,0.0,15,0.0,15,0.0,15,0.0,15,0.0,15,,,0.0,15,0.0,15,0.0,15,0.0,15,0.0,15,0.0,15,0.0,15,0.0,15,0.0,15,0.0,15,0.0,15
"Polk County, North Carolina",82.0,66,,,0.0,21,0.0,21,18.0,21,0.0,21,0.0,21,0.0,21,0.0,21,0.0,21,,,0.0,21,0.0,21,6.0,11,0.0,21,0.0,21,5.0,9,0.0,21,0.0,21,14.0,27,15.0,22,0.0,21
"Polk County, Oregon",3267.0,338,,,712.0,267,0.0,31,600.0,287,157.0,118,0.0,31,0.0,31,0.0,31,0.0,31,,,0.0,31,0.0,31,746.0,259,0.0,31,50.0,53,0.0,31,0.0,31,15.0,19,126.0,126,147.0,106,0.0,31
"Polk County, Tennessee",90.0,6,,,50.0,25,0.0,21,21.0,22,13.0,11,0.0,21,0.0,21,0.0,21,0.0,21,,,0.0,21,0.0,21,3.0,5,0.0,21,0.0,21,0.0,21,0.0,21,0.0,21,0.0,21,0.0,21,0.0,21
"Polk County, Texas",628.0,87,,,107.0,82,0.0,35,86.0,85,70.0,68,0.0,35,0.0,35,0.0,35,0.0,35,,,0.0,35,86.0,85,181.0,126,0.0,35,0.0,35,0.0,35,0.0,35,0.0,35,19.0,33,34.0,56,0.0,35
"Polk County, Wisconsin",419.0,21,,,13.0,16,19.0,26,63.0,48,101.0,63,0.0,21,2.0,4,0.0,21,0.0,21,,,0.0,21,7.0,13,130.0,52,7.0,12,0.0,21,0.0,21,0.0,21,1.0,3,7.0,7,12.0,12,0.0,21
"Ponce Municipio, Puerto Rico",223.0,148,,,35.0,47,0.0,35,0.0,35,0.0,35,0.0,35,0.0,35,0.0,35,0.0,35,,,0.0,35,0.0,35,0.0,35,0.0,35,0.0,35,0.0,35,0.0,35,0.0,35,0.0,35,51.0,81,0.0,35
"Pondera County, Montana",16.0,17,,,0.0,15,0.0,15,5.0,6,0.0,15,0.0,15,0.0,15,0.0,15,0.0,15,,,0.0,15,5.0,10,0.0,15,0.0,15,0.0,15,0.0,15,0.0,15,0.0,15,0.0,15,0.0,15,0.0,15
"Pontotoc County, Mississippi",18.0,35,,,0.0,30,0.0,30,15.0,35,3.0,6,0.0,30,0.0,30,0.0,30,0.0,30,,,0.0,30,0.0,30,0.0,30,0.0,30,0.0,30,0.0,30,0.0,30,0.0,30,0.0,30,0.0,30,0.0,30
"Pontotoc County, Oklahoma",547.0,69,,,67.0,40,0.0,22,35.0,42,28.0,27,0.0,22,0.0,22,0.0,22,0.0,22,,,5.0,10,0.0,22,196.0,105,0.0,22,34.0,45,0.0,22,0.0,22,0.0,22,9.0,13,69.0,62,0.0,22
"Pope County, Arkansas",1083.0,89,,,207.0,176,0.0,30,55.0,58,100.0,97,0.0,30,0.0,30,27.0,58,0.0,30,,,0.0,30,0.0,30,91.0,78,34.0,57,37.0,43,0.0,30,0.0,30,0.0,30,25.0,44,390.0,213,0.0,30
"Pope County, Illinois",1.0,2,,,0.0,12,0.0,12,1.0,2,0.0,12,0.0,12,0.0,12,0.0,12,0.0,12,,,0.0,12,0.0,12,0.0,12,0.0,12,0.0,12,0.0,12,0.0,12,0.0,12,0.0,12,0.0,12,0.0,12
"Pope County, Minnesota",121.0,19,,,4.0,6,1.0,2,1.0,2,18.0,14,0.0,15,0.0,15,0.0,15,0.0,15,,,0.0,15,0.0,15,42.0,48,0.0,15,0.0,15,0.0,15,0.0,15,0.0,15,1.0,3,31.0,58,0.0,15
"Poquoson city, Virginia",461.0,51,,,72.0,64,0.0,21,22.0,24,136.0,108,0.0,21,0.0,21,0.0,21,0.0,21,,,0.0,21,24.0,40,92.0,77,0.0,21,0.0,21,0.0,21,0.0,21,0.0,21,0.0,21,53.0,58,0.0,21
"Portage County, Ohio",4472.0,177,,,564.0,255,0.0,30,248.0,158,493.0,261,0.0,30,0.0,30,27.0,39,0.0,30,,,33.0,52,147.0,208,600.0,297,0.0,30,0.0,30,10.0,10,0.0,30,0.0,30,46.0,59,74.0,77,0.0,30
"Portage County, Wisconsin",2682.0,63,,,271.0,155,1272.0,273,135.0,78,120.0,90,0.0,23,0.0,23,20.0,32,0.0,23,,,14.0,17,0.0,23,306.0,200,2.0,3,0.0,23,3.0,5,0.0,23,0.0,23,52.0,36,122.0,146,0.0,23
"Porter County, Indiana",3640.0,230,,,667.0,208,0.0,30,350.0,193,192.0,154,11.0,16,0.0,30,0.0,30,0.0,30,,,2.0,5,92.0,110,996.0,256,9.0,16,0.0,30,0.0,30,0.0,30,0.0,30,160.0,114,255.0,135,0.0,30
"Portsmouth city, Virginia",2968.0,555,,,439.0,236,0.0,31,350.0,261,207.0,105,33.0,50,0.0,31,28.0,50,0.0,31,,,31.0,46,65.0,101,1078.0,275,0.0,31,137.0,190,19.0,30,0.0,31,0.0,31,137.0,190,89.0,60,0.0,31
"Posey County, Indiana",188.0,24,,,16.0,28,0.0,24,112.0,66,7.0,14,0.0,24,0.0,24,0.0,24,0.0,24,,,0.0,24,0.0,24,40.0,40,0.0,24,0.0,24,0.0,24,0.0,24,0.0,24,0.0,24,13.0,26,0.0,24
"Pottawatomie County, Kansas",537.0,209,,,84.0,79,0.0,21,35.0,49,188.0,137,0.0,21,0.0,21,0.0,21,0.0,21,,,0.0,21,0.0,21,156.0,146,40.0,60,0.0,21,0.0,21,0.0,21,0.0,21,0.0,21,5.0,9,0.0,21
"Pottawatomie County, Oklahoma",1052.0,83,,,94.0,70,0.0,24,118.0,83,80.0,96,0.0,24,0.0,24,0.0,24,0.0,24,,,0.0,24,10.0,17,300.0,130,25.0,42,9.0,17,0.0,24,0.0,24,0.0,24,104.0,58,52.0,45,0.0,24
"Pottawattamie County, Iowa",1410.0,117,,,388.0,183,0.0,24,181.0,109,142.0,111,0.0,24,0.0,24,0.0,24,0.0,24,,,0.0,24,0.0,24,297.0,144,0.0,24,35.0,36,0.0,24,0.0,24,0.0,24,154.0,123,114.0,103,0.0,24
"Potter County, Pennsylvania",139.0,41,,,25.0,22,0.0,18,0.0,18,9.0,10,0.0,18,0.0,18,0.0,18,0.0,18,,,0.0,18,0.0,18,28.0,16,0.0,18,0.0,18,0.0,18,0.0,18,0.0,18,0.0,18,14.0,12,0.0,18
"Potter County, South Dakota",22.0,24,,,0.0,10,0.0,10,0.0,10,7.0,10,0.0,10,0.0,10,0.0,10,0.0,10,,,0.0,10,0.0,10,15.0,20,0.0,10,0.0,10,0.0,10,0.0,10,0.0,10,0.0,10,0.0,10,0.0,10
"Potter County, Texas",6643.0,232,,,105.0,86,0.0,35,83.0,106,80.0,87,0.0,35,0.0,35,0.0,35,0.0,35,,,2595.0,1001,23.0,38,115.0,112,0.0,35,1093.0,464,0.0,35,0.0,35,0.0,35,246.0,202,1340.0,631,0.0,35
"Powder River County, Montana",45.0,40,,,0.0,11,0.0,11,37.0,42,0.0,11,0.0,11,0.0,11,0.0,11,0.0,11,,,0.0,11,0.0,11,8.0,8,0.0,11,0.0,11,0.0,11,0.0,11,0.0,11,0.0,11,0.0,11,0.0,11
"Powell County, Kentucky",0.0,20,,,0.0,20,0.0,20,0.0,20,0.0,20,0.0,20,0.0,20,0.0,20,0.0,20,,,0.0,20,0.0,20,0.0,20,0.0,20,0.0,20,0.0,20,0.0,20,0.0,20,0.0,20,0.0,20,0.0,20
"Powell County, Montana",133.0,67,,,54.0,40,0.0,15,3.0,7,0.0,15,0.0,15,0.0,15,0.0,15,0.0,15,,,0.0,15,0.0,15,71.0,55,0.0,15,0.0,15,0.0,15,0.0,15,0.0,15,0.0,15,0.0,15,0.0,15
"Power County, Idaho",3.0,5,,,0.0,17,0.0,17,3.0,5,0.0,17,0.0,17,0.0,17,0.0,17,0.0,17,,,0.0,17,0.0,17,0.0,17,0.0,17,0.0,17,0.0,17,0.0,17,0.0,17,0.0,17,0.0,17,0.0,17
"Poweshiek County, Iowa",462.0,3,,,108.0,36,0.0,16,58.0,41,154.0,64,0.0,16,0.0,16,28.0,48,0.0,16,,,0.0,16,0.0,16,7.0,10,0.0,16,0.0,16,0.0,16,0.0,16,0.0,16,0.0,16,16.0,21,0.0,16
"Powhatan County, Virginia",261.0,208,,,31.0,48,0.0,28,6.0,12,51.0,71,0.0,28,0.0,28,0.0,28,0.0,28,,,0.0,28,0.0,28,163.0,177,0.0,28,0.0,28,2.0,6,0.0,28,0.0,28,0.0,28,0.0,28,0.0,28
"Prairie County, Arkansas",6.0,13,,,0.0,18,0.0,18,0.0,18,0.0,18,0.0,18,0.0,18,0.0,18,0.0,18,,,0.0,18,0.0,18,6.0,13,0.0,18,0.0,18,0.0,18,0.0,18,0.0,18,0.0,18,0.0,18,0.0,18
"Prairie County, Montana",49.0,45,,,0.0,11,0.0,11,11.0,18,38.0,42,0.0,11,0.0,11,0.0,11,0.0,11,,,0.0,11,0.0,11,0.0,11,0.0,11,0.0,11,0.0,11,0.0,11,0.0,11,0.0,11,0.0,11,0.0,11
"Pratt County, Kansas",192.0,119,,,0.0,16,0.0,16,5.0,9,0.0,16,0.0,16,0.0,16,0.0,16,0.0,16,,,0.0,16,0.0,16,153.0,128,0.0,16,0.0,16,0.0,16,0.0,16,0.0,16,0.0,16,34.0,37,0.0,16
"Preble County, Ohio",374.0,35,,,15.0,24,0.0,27,6.0,10,8.0,12,0.0,27,0.0,27,0.0,27,0.0,27,,,0.0,27,0.0,27,215.0,73,0.0,27,19.0,28,0.0,27,0.0,27,0.0,27,0.0,27,6.0,10,0.0,27
"Prentiss County, Mississippi",701.0,406,,,28.0,47,0.0,26,3.0,5,0.0,26,0.0,26,0.0,26,0.0,26,0.0,26,,,0.0,26,0.0,26,213.0,181,0.0,26,0.0,26,0.0,26,0.0,26,0.0,26,0.0,26,378.0,464,0.0,26
"Presidio County, Texas",38.0,52,,,0.0,21,0.0,21,0.0,21,0.0,21,0.0,21,0.0,21,0.0,21,0.0,21,,,0.0,21,0.0,21,0.0,21,0.0,21,0.0,21,0.0,21,0.0,21,0.0,21,0.0,21,1.0,2,0.0,21
"Presque Isle County, Michigan",78.0,15,,,0.0,17,0.0,17,3.0,6,35.0,28,0.0,17,0.0,17,0.0,17,0.0,17,,,0.0,17,0.0,17,11.0,13,0.0,17,0.0,17,0.0,17,0.0,17,0.0,17,29.0,22,0.0,17,0.0,17
"Preston County, West Virginia",120.0,92,,,13.0,16,0.0,27,4.0,8,0.0,27,0.0,27,0.0,27,0.0,27,0.0,27,,,0.0,27,0.0,27,41.0,50,0.0,27,0.0,27,0.0,27,0.0,27,0.0,27,0.0,27,12.0,20,0.0,27
"Price County, Wisconsin",124.0,9,,,11.0,14,17.0,11,17.0,13,14.0,11,14.0,18,0.0,16,0.0,16,0.0,16,,,0.0,16,9.0,12,29.0,17,0.0,16,0.0,16,0.0,16,0.0,16,0.0,16,4.0,4,0.0,16,0.0,16
"Prince Edward County, Virginia",423.0,86,,,62.0,63,0.0,25,32.0,40,32.0,49,0.0,25,0.0,25,0.0,25,0.0,25,,,0.0,25,0.0,25,116.0,73,0.0,25,49.0,79,0.0,25,0.0,25,0.0,25,13.0,22,5.0,15,0.0,25
"Prince George County, Virginia",1661.0,214,,,149.0,76,0.0,28,117.0,96,434.0,231,0.0,28,0.0,28,0.0,28,0.0,28,,,0.0,28,63.0,96,484.0,231,13.0,21,0.0,28,0.0,28,0.0,28,0.0,28,71.0,78,94.0,69,0.0,28
"Prince George's County, Maryland",48151.0,1272,,,7087.0,839,33.0,54,1431.0,414,4024.0,966,0.0,32,0.0,32,346.0,147,0.0,32,,,267.0,123,800.0,401,11668.0,1305,93.0,76,499.0,389,37.0,46,0.0,32,14.0,17,799.0,342,3408.0,706,0.0,32
"Prince William County, Virginia",62401.0,933,,,3648.0,578,9.0,16,1945.0,545,7697.0,891,7.0,12,0.0,31,140.0,97,0.0,31,,,43.0,38,1157.0,404,9634.0,1130,779.0,577,836.0,442,82.0,111,0.0,31,0.0,31,945.0,445,5307.0,931,0.0,31
"Prince of Wales-Hyder Census Area, Alaska",264.0,57,,,0.0,15,0.0,15,20.0,15,6.0,11,0.0,15,0.0,15,6.0,9,0.0,15,,,0.0,15,0.0,15,188.0,59,5.0,8,0.0,15,0.0,15,15.0,22,0.0,15,0.0,15,11.0,17,0.0,15
"Providence County, Rhode Island",34930.0,1210,,,6953.0,851,336.0,258,855.0,235,1587.0,392,4.0,8,0.0,34,411.0,189,0.0,34,,,175.0,230,5900.0,1303,4497.0,934,153.0,110,2800.0,926,100.0,92,0.0,34,50.0,42,228.0,107,975.0,323,44.0,70
"Prowers County, Colorado",112.0,74,,,9.0,16,0.0,21,0.0,21,48.0,53,0.0,21,0.0,21,0.0,21,0.0,21,,,0.0,21,0.0,21,46.0,54,0.0,21,0.0,21,0.0,21,0.0,21,0.0,21,0.0,21,0.0,21,0.0,21
"Pueblo County, Colorado",3156.0,287,,,254.0,121,0.0,31,443.0,175,546.0,167,0.0,31,0.0,31,6.0,17,0.0,31,,,0.0,31,0.0,31,934.0,259,59.0,86,0.0,31,0.0,31,0.0,31,25.0,34,147.0,94,139.0,119,0.0,31
"Pulaski County, Arkansas",11649.0,292,,,1409.0,354,126.0,170,497.0,214,904.0,332,70.0,99,29.0,47,322.0,370,49.0,59,,,0.0,30,102.0,122,2567.0,545,251.0,210,91.0,70,20.0,23,0.0,30,0.0,30,304.0,219,548.0,222,0.0,30
"Pulaski County, Georgia",130.0,115,,,3.0,8,0.0,20,30.0,51,0.0,20,0.0,20,0.0,20,0.0,20,0.0,20,,,0.0,20,0.0,20,23.0,38,0.0,20,0.0,20,0.0,20,0.0,20,0.0,20,0.0,20,0.0,20,0.0,20
"Pulaski County, Illinois",13.0,17,,,0.0,17,0.0,17,0.0,17,0.0,17,0.0,17,0.0,17,0.0,17,0.0,17,,,0.0,17,0.0,17,5.0,6,0.0,17,0.0,17,0.0,17,0.0,17,0.0,17,7.0,15,0.0,17,0.0,17
"Pulaski County, Indiana",138.0,14,,,0.0,20,0.0,20,6.0,9,7.0,11,0.0,20,0.0,20,0.0,20,0.0,20,,,0.0,20,0.0,20,118.0,13,0.0,20,0.0,20,0.0,20,0.0,20,0.0,20,0.0,20,7.0,13,0.0,20
"Pulaski County, Kentucky",664.0,27,,,26.0,33,0.0,30,0.0,30,59.0,70,0.0,30,0.0,30,30.0,43,0.0,30,,,0.0,30,78.0,123,32.0,46,0.0,30,0.0,30,0.0,30,0.0,30,0.0,30,0.0,30,62.0,83,0.0,30
"Pulaski County, Missouri",2659.0,255,,,127.0,95,0.0,28,214.0,180,769.0,242,10.0,19,30.0,48,22.0,44,0.0,28,,,0.0,28,0.0,28,922.0,317,10.0,18,0.0,28,0.0,28,0.0,28,0.0,28,165.0,122,196.0,98,0.0,28
"Pulaski County, Virginia",378.0,89,,,68.0,83,0.0,28,12.0,15,43.0,64,0.0,28,0.0,28,0.0,28,0.0,28,,,28.0,34,0.0,28,94.0,94,7.0,13,0.0,28,0.0,28,0.0,28,0.0,28,19.0,31,38.0,41,0.0,28
"Pushmataha County, Oklahoma",113.0,44,,,6.0,10,2.0,5,5.0,9,0.0,16,0.0,16,0.0,16,0.0,16,0.0,16,,,0.0,16,0.0,16,37.0,29,0.0,16,0.0,16,0.0,16,0.0,16,0.0,16,0.0,16,10.0,12,0.0,16
"Putnam County, Florida",660.0,23,,,40.0,53,0.0,35,32.0,51,32.0,42,0.0,35,0.0,35,0.0,35,0.0,35,,,0.0,35,0.0,35,109.0,85,0.0,35,250.0,112,0.0,35,0.0,35,0.0,35,15.0,28,39.0,58,0.0,35
"Putnam County, Georgia",271.0,96,,,7.0,12,36.0,41,54.0,80,40.0,32,35.0,45,0.0,27,0.0,27,0.0,27,,,0.0,27,0.0,27,36.0,28,0.0,27,0.0,27,0.0,27,0.0,27,0.0,27,35.0,45,0.0,27,0.0,27
"Putnam County, Illinois",51.0,29,,,15.0,18,0.0,17,3.0,5,0.0,17,0.0,17,0.0,17,0.0,17,0.0,17,,,0.0,17,0.0,17,17.0,20,0.0,17,0.0,17,0.0,17,0.0,17,0.0,17,0.0,17,0.0,17,0.0,17
"Putnam County, Indiana",644.0,93,,,243.0,93,0.0,27,68.0,60,51.0,72,0.0,27,0.0,27,0.0,27,0.0,27,,,0.0,27,0.0,27,61.0,88,0.0,27,0.0,27,0.0,27,0.0,27,0.0,27,0.0,27,25.0,34,0.0,27
"Putnam County, Missouri",0.0,12,,,0.0,12,0.0,12,0.0,12,0.0,12,0.0,12,0.0,12,0.0,12,0.0,12,,,0.0,12,0.0,12,0.0,12,0.0,12,0.0,12,0.0,12,0.0,12,0.0,12,0.0,12,0.0,12,0.0,12
"Putnam County, New York",2925.0,175,,,947.0,233,0.0,31,219.0,84,303.0,160,8.0,15,0.0,31,15.0,25,0.0,31,,,0.0,31,0.0,31,434.0,206,0.0,31,0.0,31,7.0,13,0.0,31,0.0,31,47.0,65,82.0,58,0.0,31
"Putnam County, Ohio",148.0,34,,,24.0,32,0.0,27,22.0,31,38.0,44,0.0,27,0.0,27,0.0,27,0.0,27,,,0.0,27,0.0,27,55.0,50,0.0,27,9.0,16,0.0,27,0.0,27,0.0,27,0.0,27,0.0,27,0.0,27
"Putnam County, Tennessee",1587.0,143,,,270.0,168,10.0,18,102.0,88,74.0,74,0.0,32,0.0,32,0.0,32,0.0,32,,,0.0,32,4.0,7,145.0,97,0.0,32,124.0,96,11.0,26,0.0,32,0.0,32,62.0,74,324.0,232,0.0,32
"Putnam County, West Virginia",646.0,30,,,4.0,9,0.0,30,242.0,124,32.0,39,0.0,30,0.0,30,0.0,30,0.0,30,,,0.0,30,9.0,18,140.0,99,21.0,37,0.0,30,0.0,30,0.0,30,0.0,30,0.0,30,65.0,80,0.0,30
"Quay County, New Mexico",193.0,203,,,0.0,19,0.0,19,0.0,19,0.0,19,0.0,19,0.0,19,0.0,19,0.0,19,,,0.0,19,0.0,19,193.0,203,0.0,19,0.0,19,0.0,19,0.0,19,0.0,19,0.0,19,0.0,19,0.0,19
"Quebradillas Municipio, Puerto Rico",0.0,28,,,0.0,28,0.0,28,0.0,28,0.0,28,0.0,28,0.0,28,0.0,28,0.0,28,,,0.0,28,0.0,28,0.0,28,0.0,28,0.0,28,0.0,28,0.0,28,0.0,28,0.0,28,0.0,28,0.0,28
"Queen Anne's County, Maryland",968.0,49,,,321.0,157,0.0,32,135.0,85,136.0,113,4.0,7,40.0,64,0.0,32,0.0,32,,,0.0,32,0.0,32,219.0,135,40.0,62,0.0,32,0.0,32,0.0,32,0.0,32,0.0,32,0.0,32,0.0,32
"Queens County, New York",665612.0,3335,,,257214.0,6208,200.0,180,8851.0,1259,50385.0,2643,145.0,83,5.0,9,7659.0,1104,15.0,25,,,4584.0,1169,903.0,553,48461.0,3327,4907.0,1289,261.0,184,2486.0,626,0.0,31,328.0,155,5226.0,873,7369.0,1395,114.0,73
"Quitman County, Georgia",16.0,26,,,0.0,14,0.0,14,0.0,14,0.0,14,0.0,14,0.0,14,0.0,14,0.0,14,,,0.0,14,0.0,14,0.0,14,0.0,14,0.0,14,0.0,14,0.0,14,0.0,14,0.0,14,0.0,14,0.0,14
"Quitman County, Mississippi",10.0,13,,,0.0,20,0.0,20,0.0,20,0.0,20,0.0,20,0.0,20,0.0,20,0.0,20,,,0.0,20,0.0,20,10.0,13,0.0,20,0.0,20,0.0,20,0.0,20,0.0,20,0.0,20,0.0,20,0.0,20
"Rabun County, Georgia",212.0,113,,,0.0,23,0.0,23,19.0,31,0.0,23,0.0,23,0.0,23,2.0,6,0.0,23,,,0.0,23,0.0,23,3.0,6,0.0,23,0.0,23,0.0,23,0.0,23,0.0,23,0.0,23,57.0,76,0.0,23
"Racine County, Wisconsin",3712.0,369,,,297.0,153,185.0,102,239.0,184,339.0,204,0.0,23,0.0,23,5.0,8,0.0,23,,,1.0,3,19.0,28,804.0,305,169.0,148,190.0,182,0.0,23,0.0,23,17.0,37,63.0,71,113.0,77,0.0,23
"Radford city, Virginia",478.0,34,,,61.0,52,0.0,21,8.0,18,41.0,45,0.0,21,0.0,21,35.0,41,0.0,21,,,0.0,21,16.0,25,128.0,86,0.0,21,0.0,21,0.0,21,0.0,21,0.0,21,0.0,21,100.0,77,0.0,21
"Rains County, Texas",164.0,10,,,52.0,54,0.0,23,3.0,5,44.0,50,0.0,23,0.0,23,0.0,23,0.0,23,,,0.0,23,2.0,4,18.0,17,0.0,23,0.0,23,0.0,23,0.0,23,0.0,23,8.0,13,6.0,9,0.0,23
"Raleigh County, West Virginia",1163.0,231,,,102.0,76,0.0,30,83.0,116,16.0,24,0.0,30,0.0,30,0.0,30,0.0,30,,,0.0,30,0.0,30,570.0,321,0.0,30,0.0,30,0.0,30,0.0,30,0.0,30,50.0,60,85.0,83,0.0,30
"Ralls County, Missouri",41.0,31,,,0.0,19,0.0,19,0.0,19,0.0,19,0.0,19,0.0,19,0.0,19,0.0,19,,,0.0,19,0.0,19,26.0,28,0.0,19,0.0,19,0.0,19,0.0,19,0.0,19,0.0,19,0.0,19,0.0,19
"Ramsey County, Minnesota",92723.0,659,,,6731.0,942,46816.0,2470,2076.0,440,3947.0,632,60.0,79,0.0,22,256.0,106,0.0,22,,,10510.0,1850,1631.0,470,4044.0,941,239.0,127,1050.0,408,86.0,52,0.0,22,0.0,22,555.0,292,4542.0,874,0.0,22
"Ramsey County, North Dakota",145.0,7,,,2.0,4,0.0,16,0.0,16,30.0,37,0.0,16,0.0,16,0.0,16,0.0,16,,,0.0,16,0.0,16,107.0,36,0.0,16,0.0,16,0.0,16,0.0,16,0.0,16,0.0,16,2.0,7,0.0,16
"Randall County, Texas",3788.0,418,,,442.0,315,81.0,117,118.0,163,215.0,149,0.0,35,0.0,35,0.0,35,0.0,35,,,59.0,88,0.0,35,651.0,344,185.0,248,327.0,262,0.0,35,0.0,35,0.0,35,43.0,61,1110.0,395,0.0,35
"Randolph County, Alabama",143.0,4,,,0.0,25,0.0,25,6.0,12,45.0,46,0.0,25,0.0,25,0.0,25,0.0,25,,,45.0,57,0.0,25,8.0,18,0.0,25,0.0,25,0.0,25,0.0,25,0.0,25,0.0,25,0.0,25,0.0,25
"Randolph County, Arkansas",122.0,20,,,0.0,20,0.0,20,0.0,20,7.0,17,0.0,20,0.0,20,5.0,8,0.0,20,,,0.0,20,0.0,20,82.0,41,0.0,20,0.0,20,0.0,20,0.0,20,0.0,20,0.0,20,0.0,20,0.0,20
"Randolph County, Georgia",23.0,32,,,9.0,21,0.0,20,0.0,20,14.0,26,0.0,20,0.0,20,0.0,20,0.0,20,,,0.0,20,0.0,20,0.0,20,0.0,20,0.0,20,0.0,20,0.0,20,0.0,20,0.0,20,0.0,20,0.0,20
"Randolph County, Illinois",238.0,26,,,39.0,89,0.0,26,7.0,27,0.0,26,0.0,26,0.0,26,0.0,26,0.0,26,,,0.0,26,0.0,26,14.0,31,0.0,26,0.0,26,0.0,26,0.0,26,0.0,26,0.0,26,0.0,26,0.0,26
"Randolph County, Indiana",133.0,24,,,2.0,5,0.0,24,9.0,16,25.0,38,0.0,24,0.0,24,0.0,24,0.0,24,,,0.0,24,0.0,24,0.0,24,73.0,61,0.0,24,0.0,24,0.0,24,0.0,24,24.0,46,0.0,24,0.0,24
"Randolph County, Missouri",230.0,9,,,51.0,52,0.0,22,34.0,37,0.0,22,0.0,22,0.0,22,0.0,22,0.0,22,,,0.0,22,0.0,22,45.0,35,0.0,22,0.0,22,0.0,22,0.0,22,0.0,22,0.0,22,0.0,22,0.0,22
"Randolph County, North Carolina",2571.0,66,,,399.0,393,0.0,32,200.0,253,93.0,95,0.0,32,0.0,32,1.0,3,0.0,32,,,55.0,109,0.0,32,721.0,435,0.0,32,126.0,196,0.0,32,0.0,32,0.0,32,26.0,43,540.0,262,0.0,32
"Randolph County, West Virginia",197.0,140,,,0.0,24,0.0,24,21.0,32,29.0,41,0.0,24,0.0,24,0.0,24,0.0,24,,,0.0,24,0.0,24,82.0,97,1.0,3,0.0,24,0.0,24,0.0,24,0.0,24,0.0,24,0.0,24,0.0,24
"Rankin County, Mississippi",2725.0,89,,,286.0,225,0.0,33,66.0,57,171.0,122,0.0,33,0.0,33,21.0,34,0.0,33,,,0.0,33,0.0,33,434.0,214,133.0,126,0.0,33,45.0,64,0.0,33,0.0,33,0.0,33,189.0,149,0.0,33
"Ransom County, North Dakota",75.0,15,,,32.0,32,0.0,15,0.0,15,34.0,29,0.0,15,0.0,15,0.0,15,0.0,15,,,0.0,15,0.0,15,0.0,15,0.0,15,0.0,15,0.0,15,0.0,15,0.0,15,9.0,14,0.0,15,0.0,15
"Rapides Parish, Louisiana",2401.0,228,,,369.0,235,0.0,33,122.0,96,29.0,40,0.0,33,0.0,33,0.0,33,0.0,33,,,0.0,33,34.0,52,624.0,250,0.0,33,207.0,137,0.0,33,0.0,33,0.0,33,146.0,148,196.0,149,0.0,33
"Rappahannock County, Virginia",59.0,61,,,0.0,19,0.0,19,33.0,46,0.0,19,0.0,19,0.0,19,0.0,19,0.0,19,,,0.0,19,0.0,19,0.0,19,23.0,36,0.0,19,0.0,19,0.0,19,0.0,19,0.0,19,0.0,19,0.0,19
"Ravalli County, Montana",594.0,123,,,24.0,34,53.0,53,26.0,26,31.0,40,0.0,23,0.0,23,0.0,23,0.0,23,,,0.0,23,0.0,23,244.0,99,0.0,23,22.0,32,0.0,23,0.0,23,0.0,23,20.0,29,69.0,111,0.0,23
"Rawlins County, Kansas",14.0,12,,,0.0,11,0.0,11,1.0,2,2.0,3,0.0,11,0.0,11,0.0,11,0.0,11,,,4.0,8,0.0,11,7.0,9,0.0,11,0.0,11,0.0,11,0.0,11,0.0,11,0.0,11,0.0,11,0.0,11
"Ray County, Missouri",145.0,24,,,7.0,11,0.0,22,3.0,6,99.0,35,0.0,22,0.0,22,0.0,22,0.0,22,,,0.0,22,0.0,22,2.0,6,0.0,22,0.0,22,0.0,22,0.0,22,0.0,22,1.0,2,6.0,11,0.0,22
"Reagan County, Texas",64.0,42,,,0.0,15,0.0,15,0.0,15,0.0,15,0.0,15,0.0,15,0.0,15,0.0,15,,,0.0,15,20.0,29,32.0,38,0.0,15,0.0,15,0.0,15,0.0,15,0.0,15,0.0,15,12.0,20,0.0,15
"Real County, Texas",0.0,15,,,0.0,15,0.0,15,0.0,15,0.0,15,0.0,15,0.0,15,0.0,15,0.0,15,,,0.0,15,0.0,15,0.0,15,0.0,15,0.0,15,0.0,15,0.0,15,0.0,15,0.0,15,0.0,15,0.0,15
"Red Lake County, Minnesota",29.0,5,,,4.0,4,0.0,9,0.0,9,17.0,7,0.0,9,0.0,9,0.0,9,0.0,9,,,0.0,9,0.0,9,3.0,4,0.0,9,0.0,9,0.0,9,0.0,9,0.0,9,0.0,9,0.0,9,0.0,9
"Red River County, Texas",73.0,12,,,41.0,42,0.0,23,7.0,13,18.0,27,0.0,23,0.0,23,0.0,23,0.0,23,,,0.0,23,0.0,23,0.0,23,0.0,23,0.0,23,0.0,23,0.0,23,0.0,23,0.0,23,0.0,23,0.0,23
"Red River Parish, Louisiana",0.0,20,,,0.0,20,0.0,20,0.0,20,0.0,20,0.0,20,0.0,20,0.0,20,0.0,20,,,0.0,20,0.0,20,0.0,20,0.0,20,0.0,20,0.0,20,0.0,20,0.0,20,0.0,20,0.0,20,0.0,20
"Red Willow County, Nebraska",71.0,38,,,71.0,38,0.0,16,0.0,16,0.0,16,0.0,16,0.0,16,0.0,16,0.0,16,,,0.0,16,0.0,16,0.0,16,0.0,16,0.0,16,0.0,16,0.0,16,0.0,16,0.0,16,0.0,16,0.0,16
"Redwood County, Minnesota",480.0,7,,,15.0,11,393.0,38,10.0,11,41.0,34,0.0,15,0.0,15,0.0,15,0.0,15,,,4.0,4,0.0,15,3.0,3,0.0,15,0.0,15,0.0,15,0.0,15,0.0,15,7.0,7,5.0,5,0.0,15
"Reeves County, Texas",82.0,112,,,0.0,23,0.0,23,0.0,23,0.0,23,0.0,23,0.0,23,0.0,23,0.0,23,,,0.0,23,0.0,23,20.0,37,0.0,23,0.0,23,0.0,23,0.0,23,0.0,23,0.0,23,0.0,23,0.0,23
"Refugio County, Texas",20.0,34,,,0.0,21,0.0,21,0.0,21,0.0,21,0.0,21,0.0,21,0.0,21,0.0,21,,,0.0,21,0.0,21,5.0,12,0.0,21,0.0,21,0.0,21,0.0,21,0.0,21,0.0,21,0.0,21,0.0,21
"Reno County, Kansas",705.0,155,,,256.0,179,0.0,27,51.0,48,74.0,85,0.0,27,0.0,27,0.0,27,0.0,27,,,0.0,27,0.0,27,117.0,99,3.0,7,0.0,27,0.0,27,0.0,27,0.0,27,0.0,27,35.0,33,0.0,27
"Rensselaer County, New York",6171.0,167,,,1538.0,380,0.0,31,203.0,98,488.0,177,10.0,17,0.0,31,21.0,22,0.0,31,,,832.0,271,77.0,74,294.0,173,0.0,31,0.0,31,16.0,20,0.0,31,0.0,31,130.0,112,137.0,74,0.0,31
"Renville County, Minnesota",182.0,23,,,0.0,15,26.0,35,25.0,17,33.0,18,0.0,15,0.0,15,0.0,15,0.0,15,,,9.0,11,0.0,15,48.0,33,0.0,15,8.0,11,0.0,15,0.0,15,0.0,15,23.0,12,0.0,15,0.0,15
"Renville County, North Dakota",13.0,11,,,0.0,10,0.0,10,0.0,10,4.0,7,0.0,10,0.0,10,0.0,10,0.0,10,,,0.0,10,0.0,10,9.0,8,0.0,10,0.0,10,0.0,10,0.0,10,0.0,10,0.0,10,0.0,10,0.0,10
"Republic County, Kansas",25.0,32,,,0.0,11,0.0,11,0.0,11,0.0,11,0.0,11,0.0,11,0.0,11,0.0,11,,,0.0,11,0.0,11,0.0,11,0.0,11,0.0,11,0.0,11,0.0,11,0.0,11,0.0,11,25.0,32,0.0,11
"Reynolds County, Missouri",32.0,3,,,2.0,5,0.0,17,20.0,16,0.0,17,0.0,17,0.0,17,0.0,17,0.0,17,,,0.0,17,1.0,2,1.0,2,0.0,17,0.0,17,0.0,17,0.0,17,0.0,17,0.0,17,7.0,10,0.0,17
"Rhea County, Tennessee",356.0,188,,,10.0,20,0.0,29,12.0,25,15.0,27,0.0,29,0.0,29,0.0,29,0.0,29,,,0.0,29,0.0,29,127.0,185,0.0,29,0.0,29,0.0,29,0.0,29,0.0,29,0.0,29,4.0,11,0.0,29
"Rice County, Kansas",118.0,58,,,0.0,16,0.0,16,42.0,48,0.0,16,0.0,16,0.0,16,0.0,16,0.0,16,,,0.0,16,0.0,16,17.0,18,0.0,16,0.0,16,0.0,16,0.0,16,0.0,16,34.0,29,25.0,27,0.0,16
"Rice County, Minnesota",2040.0,79,,,366.0,131,203.0,156,126.0,59,373.0,137,0.0,22,0.0,22,53.0,53,0.0,22,,,0.0,22,87.0,73,197.0,106,0.0,22,22.0,26,5.0,10,0.0,22,0.0,22,26.0,26,365.0,144,61.0,59
"Rich County, Utah",1.0,2,,,0.0,12,0.0,12,0.0,12,0.0,12,0.0,12,0.0,12,0.0,12,0.0,12,,,0.0,12,0.0,12,0.0,12,0.0,12,0.0,12,0.0,12,0.0,12,0.0,12,0.0,12,0.0,12,0.0,12
"Richardson County, Nebraska",3.0,6,,,0.0,15,0.0,15,0.0,15,0.0,15,0.0,15,0.0,15,0.0,15,0.0,15,,,0.0,15,0.0,15,2.0,6,0.0,15,0.0,15,0.0,15,0.0,15,0.0,15,1.0,2,0.0,15,0.0,15
"Richland County, Illinois",165.0,19,,,32.0,37,0.0,19,0.0,19,41.0,60,0.0,19,0.0,19,0.0,19,0.0,19,,,0.0,19,0.0,19,35.0,52,0.0,19,0.0,19,0.0,19,0.0,19,0.0,19,0.0,19,57.0,72,0.0,19
"Richland County, Montana",109.0,8,,,4.0,6,0.0,17,0.0,17,0.0,17,26.0,26,0.0,17,0.0,17,0.0,17,,,0.0,17,0.0,17,48.0,35,0.0,17,0.0,17,3.0,6,0.0,17,0.0,17,23.0,30,0.0,17,0.0,17
"Richland County, North Dakota",83.0,52,,,18.0,26,0.0,16,36.0,46,19.0,23,0.0,16,0.0,16,0.0,16,0.0,16,,,0.0,16,0.0,16,6.0,6,0.0,16,0.0,16,0.0,16,0.0,16,0.0,16,0.0,16,1.0,2,0.0,16
"Richland County, Ohio",1529.0,86,,,110.0,73,0.0,30,184.0,162,434.0,219,0.0,30,0.0,30,0.0,30,0.0,30,,,0.0,30,0.0,30,334.0,164,0.0,30,0.0,30,0.0,30,0.0,30,0.0,30,12.0,19,161.0,153,0.0,30
"Richland County, South Carolina",16839.0,1186,,,2815.0,559,124.0,97,849.0,306,2306.0,592,13.0,18,0.0,33,184.0,176,0.0,33,,,135.0,164,61.0,65,3047.0,647,346.0,419,109.0,120,36.0,58,0.0,33,0.0,33,103.0,123,1012.0,416,0.0,33
"Richland County, Wisconsin",246.0,27,,,71.0,36,9.0,11,12.0,14,14.0,14,0.0,16,0.0,16,0.0,16,0.0,16,,,0.0,16,0.0,16,65.0,47,0.0,16,0.0,16,0.0,16,0.0,16,0.0,16,0.0,16,32.0,22,0.0,16
"Richland Parish, Louisiana",30.0,27,,,0.0,22,0.0,22,0.0,22,4.0,7,0.0,22,0.0,22,0.0,22,0.0,22,,,0.0,22,0.0,22,3.0,5,0.0,22,0.0,22,0.0,22,0.0,22,0.0,22,0.0,22,0.0,22,0.0,22
"Richmond County, Georgia",5569.0,405,,,1044.0,339,0.0,34,380.0,173,1247.0,325,38.0,60,0.0,34,15.0,27,0.0,34,,,0.0,34,28.0,45,1398.0,456,15.0,24,72.0,60,0.0,34,0.0,34,0.0,34,67.0,65,269.0,151,0.0,34
"Richmond County, New York",66011.0,582,,,35345.0,1805,0.0,31,499.0,198,2865.0,531,37.0,58,0.0,31,75.0,51,0.0,31,,,260.0,187,67.0,87,5925.0,1118,44.0,60,0.0,31,144.0,169,0.0,31,422.0,358,533.0,450,965.0,375,0.0,31
"Richmond County, North Carolina",517.0,29,,,7.0,12,81.0,122,0.0,29,27.0,53,0.0,29,0.0,29,0.0,29,0.0,29,,,0.0,29,0.0,29,56.0,83,0.0,29,191.0,195,0.0,29,0.0,29,0.0,29,0.0,29,41.0,53,0.0,29
"Richmond County, Virginia",12.0,14,,,0.0,19,0.0,19,0.0,19,3.0,6,0.0,19,0.0,19,0.0,19,0.0,19,,,0.0,19,0.0,19,4.0,7,0.0,19,0.0,19,0.0,19,0.0,19,0.0,19,3.0,8,0.0,19,0.0,19
"Richmond city, Virginia",7509.0,394,,,1619.0,334,0.0,31,503.0,184,784.0,179,21.0,29,0.0,31,151.0,121,0.0,31,,,0.0,31,164.0,128,1329.0,308,1.0,3,41.0,54,7.0,13,0.0,31,0.0,31,120.0,124,557.0,191,1.0,2
"Riley County, Kansas",4315.0,148,,,859.0,300,37.0,73,339.0,169,653.0,287,9.0,15,0.0,27,67.0,101,0.0,27,,,0.0,27,48.0,77,703.0,218,116.0,71,8.0,20,0.0,27,0.0,27,0.0,27,109.0,114,395.0,195,0.0,27
"Rincón Municipio, Puerto Rico",0.0,24,,,0.0,24,0.0,24,0.0,24,0.0,24,0.0,24,0.0,24,0.0,24,0.0,24,,,0.0,24,0.0,24,0.0,24,0.0,24,0.0,24,0.0,24,0.0,24,0.0,24,0.0,24,0.0,24,0.0,24
"Ringgold County, Iowa",0.0,10,,,0.0,10,0.0,10,0.0,10,0.0,10,0.0,10,0.0,10,0.0,10,0.0,10,,,0.0,10,0.0,10,0.0,10,0.0,10,0.0,10,0.0,10,0.0,10,0.0,10,0.0,10,0.0,10,0.0,10
"Rio Arriba County, New Mexico",306.0,14,,,67.0,67,0.0,28,0.0,28,0.0,28,0.0,28,0.0,28,0.0,28,0.0,28,,,0.0,28,0.0,28,93.0,71,0.0,28,0.0,28,0.0,28,0.0,28,0.0,28,0.0,28,136.0,105,0.0,28
"Rio Blanco County, Colorado",126.0,83,,,12.0,24,0.0,19,9.0,15,7.0,15,0.0,19,0.0,19,0.0,19,0.0,19,,,0.0,19,0.0,19,0.0,19,0.0,19,0.0,19,0.0,19,0.0,19,0.0,19,0.0,19,0.0,19,92.0,82
"Rio Grande County, Colorado",96.0,111,,,0.0,21,0.0,21,11.0,26,2.0,4,0.0,21,0.0,21,0.0,21,0.0,21,,,0.0,21,0.0,21,0.0,21,0.0,21,0.0,21,0.0,21,0.0,21,0.0,21,0.0,21,0.0,21,0.0,21
"Ripley County, Indiana",549.0,94,,,9.0,13,0.0,24,50.0,54,218.0,117,0.0,24,0.0,24,0.0,24,0.0,24,,,0.0,24,0.0,24,126.0,104,0.0,24,0.0,24,0.0,24,0.0,24,0.0,24,0.0,24,76.0,103,0.0,24
"Ripley County, Missouri",63.0,46,,,0.0,19,0.0,19,16.0,20,0.0,19,0.0,19,0.0,19,0.0,19,0.0,19,,,0.0,19,0.0,19,39.0,42,0.0,19,0.0,19,0.0,19,0.0,19,0.0,19,0.0,19,0.0,19,0.0,19
"Ritchie County, West Virginia",97.0,54,,,50.0,58,0.0,18,0.0,18,0.0,18,0.0,18,0.0,18,0.0,18,0.0,18,,,0.0,18,0.0,18,0.0,18,0.0,18,0.0,18,0.0,18,0.0,18,0.0,18,0.0,18,0.0,18,0.0,18
"Riverside County, California",233011.0,3073,,,37349.0,3119,954.0,419,16079.0,1573,14445.0,1580,33.0,40,90.0,108,3192.0,790,6.0,11,,,383.0,191,4236.0,870,87912.0,4290,3314.0,786,2439.0,543,95.0,69,23.0,25,28.0,35,3118.0,725,23591.0,2490,0.0,32
"Roane County, Tennessee",553.0,68,,,37.0,48,0.0,32,57.0,58,113.0,93,0.0,32,0.0,32,0.0,32,0.0,32,,,0.0,32,0.0,32,133.0,100,0.0,32,10.0,17,0.0,32,0.0,32,0.0,32,5.0,8,13.0,23,0.0,32
"Roane County, West Virginia",96.0,32,,,7.0,11,0.0,20,0.0,20,0.0,20,0.0,20,0.0,20,0.0,20,0.0,20,,,0.0,20,0.0,20,81.0,12,0.0,20,0.0,20,0.0,20,0.0,20,0.0,20,0.0,20,2.0,4,0.0,20
"Roanoke County, Virginia",4179.0,134,,,745.0,316,0.0,31,97.0,103,138.0,101,14.0,20,0.0,31,10.0,14,0.0,31,,,0.0,31,160.0,176,280.0,171,29.0,33,0.0,31,16.0,26,0.0,31,0.0,31,102.0,95,649.0,304,0.0,31
"Roanoke city, Virginia",3953.0,236,,,184.0,110,0.0,31,464.0,259,177.0,177,0.0,31,0.0,31,10.0,15,0.0,31,,,0.0,31,200.0,173,546.0,277,64.0,81,9.0,15,0.0,31,0.0,31,0.0,31,63.0,114,312.0,213,0.0,31
"Roberts County, South Dakota",47.0,42,,,0.0,16,0.0,16,0.0,16,2.0,3,0.0,16,0.0,16,0.0,16,0.0,16,,,0.0,16,0.0,16,18.0,16,0.0,16,0.0,16,0.0,16,0.0,16,0.0,16,0.0,16,27.0,37,0.0,16
"Roberts County, Texas",0.0,15,,,0.0,15,0.0,15,0.0,15,0.0,15,0.0,15,0.0,15,0.0,15,0.0,15,,,0.0,15,0.0,15,0.0,15,0.0,15,0.0,15,0.0,15,0.0,15,0.0,15,0.0,15,0.0,15,0.0,15
"Robertson County, Kentucky",22.0,34,,,22.0,34,0.0,13,0.0,13,0.0,13,0.0,13,0.0,13,0.0,13,0.0,13,,,0.0,13,0.0,13,0.0,13,0.0,13,0.0,13,0.0,13,0.0,13,0.0,13,0.0,13,0.0,13,0.0,13
"Robertson County, Tennessee",816.0,125,,,93.0,83,0.0,32,140.0,93,254.0,129,0.0,32,0.0,32,0.0,32,0.0,32,,,51.0,71,0.0,32,107.0,69,0.0,32,48.0,74,0.0,32,0.0,32,0.0,32,0.0,32,18.0,23,0.0,32
"Robertson County, Texas",82.0,66,,,4.0,6,0.0,23,0.0,23,7.0,12,0.0,23,10.0,17,0.0,23,0.0,23,,,0.0,23,0.0,23,0.0,23,0.0,23,0.0,23,0.0,23,0.0,23,0.0,23,0.0,23,37.0,51,0.0,23
"Robeson County, North Carolina",1137.0,115,,,115.0,71,70.0,88,20.0,34,82.0,73,0.0,32,0.0,32,0.0,32,0.0,32,,,0.0,32,34.0,49,159.0,111,28.0,42,21.0,26,0.0,32,0.0,32,0.0,32,0.0,32,159.0,103,0.0,32
"Rock County, Minnesota",103.0,13,,,2.0,6,0.0,13,0.0,13,2.0,3,0.0,13,0.0,13,0.0,13,0.0,13,,,0.0,13,68.0,35,11.0,10,0.0,13,10.0,15,0.0,13,0.0,13,0.0,13,0.0,13,10.0,19,0.0,13
"Rock County, Nebraska",0.0,10,,,0.0,10,0.0,10,0.0,10,0.0,10,0.0,10,0.0,10,0.0,10,0.0,10,,,0.0,10,0.0,10,0.0,10,0.0,10,0.0,10,0.0,10,0.0,10,0.0,10,0.0,10,0.0,10,0.0,10
"Rock County, Wisconsin",3325.0,271,,,381.0,171,284.0,178,180.0,118,363.0,187,0.0,23,0.0,23,0.0,23,0.0,23,,,0.0,23,610.0,341,710.0,284,26.0,38,118.0,85,0.0,23,0.0,23,10.0,17,217.0,199,213.0,166,0.0,23
"Rock Island County, Illinois",4705.0,279,,,399.0,199,0.0,29,94.0,64,269.0,139,0.0,29,0.0,29,27.0,33,0.0,29,,,1116.0,303,57.0,81,699.0,248,0.0,29,69.0,90,0.0,29,0.0,29,0.0,29,101.0,83,235.0,111,137.0,180
"Rockbridge County, Virginia",273.0,30,,,78.0,57,0.0,25,13.0,17,82.0,71,0.0,25,0.0,25,0.0,25,0.0,25,,,0.0,25,0.0,25,54.0,45,0.0,25,0.0,25,0.0,25,0.0,25,0.0,25,12.0,20,34.0,37,0.0,25
"Rockcastle County, Kentucky",50.0,49,,,0.0,20,0.0,20,0.0,20,0.0,20,0.0,20,0.0,20,0.0,20,0.0,20,,,0.0,20,0.0,20,0.0,20,0.0,20,0.0,20,0.0,20,0.0,20,0.0,20,0.0,20,15.0,28,0.0,20
"Rockdale County, Georgia",2809.0,779,,,82.0,119,0.0,34,158.0,234,485.0,218,0.0,34,0.0,34,59.0,105,0.0,34,,,0.0,34,104.0,152,391.0,408,0.0,34,0.0,34,0.0,34,0.0,34,0.0,34,51.0,79,769.0,498,0.0,34
"Rockingham County, New Hampshire",9504.0,266,,,2210.0,518,0.0,29,830.0,318,1072.0,336,16.0,25,0.0,29,0.0,29,0.0,29,,,5.0,10,318.0,310,1413.0,388,64.0,65,128.0,149,0.0,29,0.0,29,0.0,29,127.0,95,371.0,203,0.0,29
"Rockingham County, North Carolina",1016.0,228,,,108.0,103,0.0,32,386.0,267,173.0,216,133.0,209,0.0,32,0.0,32,0.0,32,,,0.0,32,0.0,32,86.0,100,0.0,32,10.0,24,0.0,32,0.0,32,0.0,32,0.0,32,18.0,32,0.0,32
"Rockingham County, Virginia",1321.0,134,,,114.0,84,0.0,31,17.0,23,82.0,67,0.0,31,0.0,31,0.0,31,0.0,31,,,0.0,31,21.0,32,257.0,130,0.0,31,51.0,67,0.0,31,0.0,31,0.0,31,86.0,77,189.0,163,0.0,31
"Rockland County, New York",24086.0,632,,,4263.0,781,0.0,31,397.0,171,2295.0,573,0.0,31,0.0,31,105.0,87,0.0,31,,,39.0,63,345.0,265,4532.0,761,0.0,31,48.0,76,0.0,31,0.0,31,4.0,6,58.0,51,591.0,275,0.0,31
"Rockwall County, Texas",5521.0,316,,,898.0,325,152.0,216,245.0,157,248.0,145,0.0,35,0.0,35,21.0,33,0.0,35,,,0.0,35,344.0,248,896.0,328,22.0,33,37.0,39,2.0,6,0.0,35,0.0,35,128.0,157,841.0,383,0.0,35
"Roger Mills County, Oklahoma",11.0,9,,,5.0,6,0.0,10,0.0,10,0.0,10,0.0,10,0.0,10,0.0,10,0.0,10,,,0.0,10,0.0,10,2.0,3,0.0,10,0.0,10,0.0,10,0.0,10,0.0,10,4.0,5,0.0,10,0.0,10
"Rogers County, Oklahoma",2177.0,60,,,76.0,47,1155.0,190,88.0,46,103.0,60,10.0,16,0.0,24,0.0,24,0.0,24,,,0.0,24,0.0,24,290.0,126,25.0,31,76.0,89,0.0,24,0.0,24,0.0,24,0.0,24,191.0,112,0.0,24
"Rolette County, North Dakota",65.0,53,,,28.0,41,1.0,3,0.0,16,0.0,16,0.0,16,0.0,16,0.0,16,0.0,16,,,0.0,16,0.0,16,15.0,18,0.0,16,0.0,16,0.0,16,0.0,16,0.0,16,0.0,16,0.0,16,0.0,16
"Rooks County, Kansas",10.0,13,,,10.0,13,0.0,11,0.0,11,0.0,11,0.0,11,0.0,11,0.0,11,0.0,11,,,0.0,11,0.0,11,0.0,11,0.0,11,0.0,11,0.0,11,0.0,11,0.0,11,0.0,11,0.0,11,0.0,11
"Roosevelt County, Montana",117.0,14,,,18.0,21,0.0,17,11.0,11,20.0,19,0.0,17,0.0,17,0.0,17,0.0,17,,,0.0,17,0.0,17,68.0,29,0.0,17,0.0,17,0.0,17,0.0,17,0.0,17,0.0,17,0.0,17,0.0,17
"Roosevelt County, New Mexico",304.0,59,,,0.0,21,0.0,21,0.0,21,41.0,25,0.0,21,0.0,21,0.0,21,0.0,21,,,0.0,21,0.0,21,186.0,39,0.0,21,0.0,21,0.0,21,0.0,21,0.0,21,2.0,4,24.0,41,0.0,21
"Roscommon County, Michigan",272.0,69,,,49.0,60,0.0,20,39.0,44,109.0,85,19.0,30,0.0,20,0.0,20,0.0,20,,,0.0,20,0.0,20,0.0,20,0.0,20,0.0,20,0.0,20,0.0,20,0.0,20,0.0,20,27.0,40,0.0,20
"Roseau County, Minnesota",516.0,8,,,30.0,36,13.0,21,14.0,11,22.0,16,0.0,15,0.0,15,0.0,15,0.0,15,,,0.0,15,0.0,15,101.0,50,0.0,15,293.0,70,0.0,15,0.0,15,0.0,15,1.0,3,15.0,15,0.0,15
"Rosebud County, Montana",42.0,45,,,25.0,39,0.0,15,0.0,15,0.0,15,0.0,15,0.0,15,0.0,15,0.0,15,,,0.0,15,0.0,15,17.0,24,0.0,15,0.0,15,0.0,15,0.0,15,0.0,15,0.0,15,0.0,15,0.0,15
"Ross County, Ohio",756.0,160,,,139.0,146,0.0,30,60.0,56,33.0,37,0.0,30,0.0,30,30.0,45,0.0,30,,,0.0,30,33.0,51,260.0,148,0.0,30,0.0,30,0.0,30,0.0,30,0.0,30,41.0,63,71.0,77,0.0,30
"Routt County, Colorado",401.0,106,,,117.0,86,0.0,25,75.0,58,10.0,14,0.0,25,0.0,25,0.0,25,0.0,25,,,3.0,7,0.0,25,104.0,84,7.0,14,0.0,25,0.0,25,0.0,25,0.0,25,4.0,15,42.0,58,0.0,25
"Rowan County, Kentucky",281.0,73,,,52.0,48,0.0,24,8.0,10,56.0,60,0.0,24,0.0,24,0.0,24,0.0,24,,,0.0,24,0.0,24,61.0,42,0.0,24,0.0,24,0.0,24,0.0,24,0.0,24,0.0,24,26.0,39,0.0,24
"Rowan County, North Carolina",2032.0,164,,,417.0,272,137.0,121,44.0,49,250.0,185,0.0,32,0.0,32,7.0,12,0.0,32,,,0.0,32,0.0,32,201.0,144,0.0,32,2.0,4,0.0,32,0.0,32,0.0,32,85.0,91,472.0,294,0.0,32
"Runnels County, Texas",0.0,21,,,0.0,21,0.0,21,0.0,21,0.0,21,0.0,21,0.0,21,0.0,21,0.0,21,,,0.0,21,0.0,21,0.0,21,0.0,21,0.0,21,0.0,21,0.0,21,0.0,21,0.0,21,0.0,21,0.0,21
"Rush County, Indiana",59.0,62,,,0.0,20,0.0,20,0.0,20,0.0,20,0.0,20,0.0,20,0.0,20,0.0,20,,,0.0,20,0.0,20,46.0,59,0.0,20,0.0,20,0.0,20,0.0,20,0.0,20,0.0,20,0.0,20,0.0,20
"Rush County, Kansas",60.0,44,,,0.0,11,0.0,11,51.0,46,0.0,11,0.0,11,0.0,11,0.0,11,0.0,11,,,0.0,11,0.0,11,8.0,10,0.0,11,0.0,11,0.0,11,0.0,11,0.0,11,0.0,11,0.0,11,0.0,11
"Rusk County, Texas",503.0,65,,,88.0,50,0.0,35,31.0,41,29.0,44,6.0,11,0.0,35,67.0,96,0.0,35,,,0.0,35,34.0,47,115.0,83,0.0,35,0.0,35,0.0,35,0.0,35,0.0,35,0.0,35,66.0,66,0.0,35
"Rusk County, Wisconsin",98.0,10,,,28.0,23,23.0,14,12.0,15,15.0,13,0.0,16,0.0,16,0.0,16,0.0,16,,,0.0,16,0.0,16,14.0,11,0.0,16,0.0,16,0.0,16,0.0,16,0.0,16,0.0,16,0.0,16,0.0,16
"Russell County, Alabama",1059.0,301,,,168.0,83,0.0,31,88.0,93,269.0,193,85.0,101,0.0,31,0.0,31,0.0,31,,,7.0,15,0.0,31,354.0,179,0.0,31,0.0,31,0.0,31,0.0,31,14.0,22,0.0,31,24.0,43,0.0,31
"Russell County, Kansas",38.0,17,,,8.0,10,0.0,16,9.0,10,0.0,16,0.0,16,0.0,16,0.0,16,0.0,16,,,0.0,16,0.0,16,5.0,7,0.0,16,0.0,16,0.0,16,0.0,16,0.0,16,4.0,6,0.0,16,0.0,16
"Russell County, Kentucky",118.0,3,,,17.0,45,0.0,20,0.0,20,0.0,20,0.0,20,0.0,20,0.0,20,0.0,20,,,0.0,20,0.0,20,6.0,16,0.0,20,0.0,20,0.0,20,0.0,20,0.0,20,0.0,20,0.0,20,0.0,20
"Russell County, Virginia",45.0,49,,,0.0,25,0.0,25,0.0,25,4.0,8,0.0,25,0.0,25,0.0,25,0.0,25,,,0.0,25,0.0,25,0.0,25,0.0,25,0.0,25,0.0,25,0.0,25,0.0,25,0.0,25,0.0,25,0.0,25
"Rutherford County, North Carolina",539.0,32,,,11.0,17,24.0,36,106.0,99,52.0,44,4.0,8,0.0,32,0.0,32,0.0,32,,,0.0,32,0.0,32,134.0,85,0.0,32,0.0,32,0.0,32,0.0,32,0.0,32,21.0,25,148.0,122,0.0,32
"Rutherford County, Tennessee",16927.0,869,,,1797.0,755,46.0,84,1128.0,377,1100.0,445,0.0,32,0.0,32,21.0,33,0.0,32,,,1284.0,730,295.0,235,2021.0,466,69.0,70,5584.0,776,22.0,37,0.0,32,0.0,32,443.0,202,1334.0,732,0.0,32
"Rutland County, Vermont",753.0,80,,,137.0,60,0.0,24,80.0,57,21.0,21,0.0,24,0.0,24,0.0,24,0.0,24,,,0.0,24,42.0,33,227.0,111,0.0,24,85.0,69,0.0,24,0.0,24,0.0,24,12.0,21,36.0,33,0.0,24
"Río Grande Municipio, Puerto Rico",161.0,113,,,0.0,32,0.0,32,0.0,32,37.0,57,0.0,32,0.0,32,0.0,32,0.0,32,,,0.0,32,0.0,32,0.0,32,0.0,32,0.0,32,0.0,32,0.0,32,0.0,32,47.0,75,0.0,32,0.0,32
"Sabana Grande Municipio, Puerto Rico",10.0,16,,,0.0,28,0.0,28,0.0,28,0.0,28,0.0,28,0.0,28,0.0,28,0.0,28,,,0.0,28,0.0,28,0.0,28,0.0,28,0.0,28,0.0,28,0.0,28,0.0,28,0.0,28,0.0,28,0.0,28
"Sabine County, Texas",250.0,173,,,0.0,21,0.0,21,0.0,21,0.0,21,0.0,21,0.0,21,0.0,21,0.0,21,,,0.0,21,0.0,21,99.0,113,0.0,21,0.0,21,0.0,21,0.0,21,0.0,21,0.0,21,151.0,115,0.0,21
"Sabine Parish, Louisiana",162.0,36,,,29.0,19,0.0,26,26.0,31,1.0,3,0.0,26,0.0,26,0.0,26,0.0,26,,,0.0,26,0.0,26,4.0,12,0.0,26,0.0,26,0.0,26,0.0,26,0.0,26,50.0,51,17.0,23,0.0,26
"Sac County, Iowa",94.0,54,,,5.0,8,31.0,28,4.0,8,32.0,38,0.0,15,0.0,15,8.0,13,0.0,15,,,0.0,15,0.0,15,0.0,15,0.0,15,8.0,11,0.0,15,0.0,15,0.0,15,6.0,8,0.0,15,0.0,15
"Sacramento County, California",350190.0,2947,,,62174.0,2454,34954.0,3359,21445.0,1661,11078.0,1072,256.0,151,7.0,10,1943.0,474,31.0,52,,,419.0,197,4795.0,1553,72859.0,3523,1342.0,471,7810.0,1223,137.0,71,5420.0,956,29.0,43,2774.0,654,39885.0,3034,72.0,90
"Sagadahoc County, Maine",464.0,8,,,58.0,52,0.0,23,82.0,77,35.0,37,0.0,23,0.0,23,0.0,23,0.0,23,,,0.0,23,0.0,23,200.0,99,0.0,23,0.0,23,0.0,23,0.0,23,0.0,23,14.0,21,3.0,7,0.0,23
"Saginaw County, Michigan",3160.0,80,,,433.0,173,18.0,24,198.0,175,210.0,136,0.0,26,0.0,26,5.0,11,0.0,26,,,34.0,61,18.0,30,286.0,159,17.0,25,23.0,33,15.0,21,0.0,26,0.0,26,12.0,21,509.0,215,0.0,26
"Saguache County, Colorado",82.0,65,,,0.0,19,0.0,19,0.0,19,0.0,19,0.0,19,0.0,19,0.0,19,0.0,19,,,0.0,19,0.0,19,82.0,65,0.0,19,0.0,19,0.0,19,0.0,19,0.0,19,0.0,19,0.0,19,0.0,19
"Salem County, New Jersey",1120.0,233,,,112.0,95,0.0,32,136.0,104,57.0,91,0.0,32,0.0,32,47.0,64,0.0,32,,,0.0,32,0.0,32,529.0,165,0.0,32,0.0,32,0.0,32,0.0,32,0.0,32,0.0,32,129.0,204,0.0,32
"Salem city, Virginia",608.0,44,,,152.0,78,0.0,25,44.0,42,62.0,48,0.0,25,0.0,25,0.0,25,0.0,25,,,0.0,25,0.0,25,211.0,105,0.0,25,0.0,25,0.0,25,0.0,25,0.0,25,0.0,25,7.0,18,0.0,25
"Salinas Municipio, Puerto Rico",13.0,21,,,13.0,21,0.0,28,0.0,28,0.0,28,0.0,28,0.0,28,0.0,28,0.0,28,,,0.0,28,0.0,28,0.0,28,0.0,28,0.0,28,0.0,28,0.0,28,0.0,28,0.0,28,0.0,28,0.0,28
"Saline County, Arkansas",2785.0,597,,,762.0,404,0.0,30,110.0,140,448.0,245,0.0,30,0.0,30,0.0,30,0.0,30,,,0.0,30,0.0,30,257.0,229,36.0,55,197.0,185,0.0,30,0.0,30,0.0,30,105.0,169,412.0,308,0.0,30
"Saline County, Illinois",217.0,13,,,44.0,72,0.0,23,0.0,23,69.0,63,0.0,23,0.0,23,0.0,23,0.0,23,,,0.0,23,0.0,23,76.0,72,0.0,23,0.0,23,0.0,23,0.0,23,0.0,23,0.0,23,24.0,25,0.0,23
"Saline County, Kansas",2215.0,552,,,138.0,115,0.0,27,198.0,177,349.0,212,0.0,27,0.0,27,11.0,19,0.0,27,,,25.0,56,295.0,265,293.0,208,15.0,19,105.0,112,0.0,27,0.0,27,0.0,27,406.0,287,292.0,196,0.0,27
"Saline County, Missouri",355.0,81,,,149.0,91,0.0,22,103.0,96,1.0,5,0.0,22,0.0,22,0.0,22,0.0,22,,,0.0,22,4.0,6,9.0,21,0.0,22,0.0,22,0.0,22,0.0,22,0.0,22,0.0,22,68.0,75,0.0,22
"Saline County, Nebraska",462.0,28,,,17.0,28,0.0,16,35.0,107,0.0,16,0.0,16,0.0,16,0.0,16,0.0,16,,,280.0,168,0.0,16,3.0,6,0.0,16,23.0,36,0.0,16,0.0,16,0.0,16,0.0,16,36.0,105,0.0,16
"Salt Lake County, Utah",71654.0,1048,,,14286.0,1164,409.0,317,6797.0,815,5398.0,859,280.0,185,0.0,29,664.0,192,0.0,29,,,1603.0,885,2171.0,590,9549.0,1336,694.0,245,1777.0,474,313.0,248,0.0,29,48.0,60,1477.0,567,8670.0,1212,0.0,29
"Saluda County, South Carolina",148.0,122,,,0.0,22,0.0,22,14.0,22,40.0,64,0.0,22,0.0,22,0.0,22,0.0,22,,,0.0,22,0.0,22,84.0,101,0.0,22,0.0,22,0.0,22,0.0,22,0.0,22,0.0,22,0.0,22,0.0,22
"Sampson County, North Carolina",458.0,45,,,31.0,32,0.0,32,43.0,48,103.0,104,0.0,32,0.0,32,0.0,32,0.0,32,,,0.0,32,0.0,32,72.0,85,0.0,32,0.0,32,0.0,32,0.0,32,0.0,32,15.0,22,153.0,111,0.0,32
"San Augustine County, Texas",0.0,21,,,0.0,21,0.0,21,0.0,21,0.0,21,0.0,21,0.0,21,0.0,21,0.0,21,,,0.0,21,0.0,21,0.0,21,0.0,21,0.0,21,0.0,21,0.0,21,0.0,21,0.0,21,0.0,21,0.0,21
"San Benito County, California",4556.0,498,,,395.0,214,0.0,32,722.0,274,162.0,136,0.0,32,0.0,32,1.0,4,0.0,32,,,0.0,32,4.0,7,2808.0,601,21.0,37,36.0,61,0.0,32,0.0,32,0.0,32,0.0,32,49.0,48,0.0,32
"San Bernardino County, California",230151.0,2719,,,59250.0,2648,615.0,347,13330.0,1465,17822.0,1864,64.0,103,39.0,45,5644.0,1119,0.0,32,,,932.0,368,4390.0,839,67572.0,3446,7100.0,1330,1254.0,504,464.0,351,84.0,113,31.0,49,4386.0,785,18691.0,2123,40.0,54
"San Diego County, California",536774.0,3363,,,86137.0,3989,1449.0,457,40421.0,2431,32948.0,2127,413.0,199,340.0,180,7478.0,955,43.0,51,,,1798.0,829,8551.0,1401,203285.0,5624,3965.0,1060,9555.0,1464,584.0,217,207.0,161,243.0,222,5780.0,871,60828.0,3222,21.0,25
"San Francisco County, California",340838.0,1902,,,193694.0,3600,470.0,289,16368.0,1274,14922.0,1248,840.0,286,112.0,98,4678.0,553,0.0,32,,,1098.0,378,1973.0,538,44252.0,2713,1232.0,320,960.0,303,330.0,128,10.0,17,245.0,170,2949.0,596,20165.0,1764,25.0,28
"San Germán Municipio, Puerto Rico",35.0,43,,,6.0,12,0.0,32,0.0,32,0.0,32,0.0,32,0.0,32,0.0,32,0.0,32,,,0.0,32,0.0,32,13.0,20,0.0,32,0.0,32,0.0,32,0.0,32,0.0,32,0.0,32,0.0,32,0.0,32
"San Jacinto County, Texas",54.0,70,,,0.0,28,0.0,28,0.0,28,42.0,66,0.0,28,0.0,28,0.0,28,0.0,28,,,0.0,28,0.0,28,12.0,23,0.0,28,0.0,28,0.0,28,0.0,28,0.0,28,0.0,28,0.0,28,0.0,28
"San Joaquin County, California",176751.0,2044,,,16459.0,1714,7106.0,1422,5533.0,997,1803.0,570,0.0,32,23.0,47,491.0,365,0.0,32,,,464.0,338,16323.0,2130,58252.0,3250,611.0,293,3530.0,743,0.0,32,397.0,337,0.0,32,1343.0,521,10724.0,1717,44.0,76
"San Juan County, Colorado",14.0,14,,,9.0,12,0.0,13,5.0,8,0.0,13,0.0,13,0.0,13,0.0,13,0.0,13,,,0.0,13,0.0,13,0.0,13,0.0,13,0.0,13,0.0,13,0.0,13,0.0,13,0.0,13,0.0,13,0.0,13
"San Juan County, New Mexico",1510.0,234,,,141.0,90,0.0,31,170.0,174,40.0,42,0.0,31,0.0,31,0.0,31,0.0,31,,,0.0,31,7.0,12,815.0,185,23.0,35,58.0,53,0.0,31,0.0,31,0.0,31,8.0,16,6.0,11,0.0,31
"San Juan County, Utah",79.0,81,,,7.0,9,0.0,19,0.0,19,0.0,19,0.0,19,0.0,19,0.0,19,0.0,19,,,0.0,19,48.0,70,0.0,19,12.0,22,3.0,4,0.0,19,0.0,19,0.0,19,0.0,19,0.0,19,0.0,19
"San Juan County, Washington",411.0,38,,,106.0,40,0.0,21,68.0,21,68.0,29,0.0,21,0.0,21,7.0,16,0.0,21,,,0.0,21,0.0,21,84.0,29,20.0,16,0.0,21,3.0,4,0.0,21,0.0,21,18.0,17,3.0,6,0.0,21
"San Juan Municipio, Puerto Rico",1317.0,451,,,712.0,328,0.0,35,59.0,94,71.0,82,0.0,35,0.0,35,0.0,35,0.0,35,,,0.0,35,0.0,35,44.0,47,0.0,35,0.0,35,10.0,17,0.0,35,0.0,35,0.0,35,0.0,35,0.0,35
"San Lorenzo Municipio, Puerto Rico",103.0,175,,,103.0,175,0.0,32,0.0,32,0.0,32,0.0,32,0.0,32,0.0,32,0.0,32,,,0.0,32,0.0,32,0.0,32,0.0,32,0.0,32,0.0,32,0.0,32,0.0,32,0.0,32,0.0,32,0.0,32
"San Luis Obispo County, California",17778.0,797,,,3542.0,491,14.0,27,3037.0,768,1463.0,294,0.0,32,0.0,32,461.0,222,0.0,32,,,12.0,13,120.0,98,5033.0,662,231.0,184,57.0,47,29.0,36,0.0,32,10.0,14,146.0,96,1339.0,335,0.0,32
"San Mateo County, California",271060.0,2018,,,111541.0,3042,716.0,706,15353.0,1278,10747.0,1193,291.0,231,164.0,167,3504.0,507,0.0,32,,,2876.0,708,1182.0,404,78858.0,3122,1646.0,559,115.0,94,462.0,258,102.0,102,258.0,152,1985.0,568,8150.0,1044,36.0,48
"San Miguel County, Colorado",35.0,32,,,17.0,19,2.0,4,0.0,19,0.0,19,0.0,19,0.0,19,0.0,19,0.0,19,,,0.0,19,0.0,19,16.0,25,0.0,19,0.0,19,0.0,19,0.0,19,0.0,19,0.0,19,0.0,19,0.0,19
"San Miguel County, New Mexico",214.0,95,,,25.0,30,0.0,25,113.0,68,0.0,25,0.0,25,0.0,25,0.0,25,0.0,25,,,0.0,25,0.0,25,9.0,12,0.0,25,0.0,25,0.0,25,0.0,25,0.0,25,21.0,39,24.0,34,0.0,25
"San Patricio County, Texas",1293.0,247,,,111.0,80,0.0,35,79.0,56,49.0,44,0.0,35,42.0,62,35.0,38,0.0,35,,,17.0,27,0.0,35,426.0,229,109.0,159,49.0,64,0.0,35,0.0,35,0.0,35,36.0,49,127.0,93,0.0,35
"San Saba County, Texas",40.0,47,,,0.0,21,0.0,21,8.0,15,0.0,21,0.0,21,0.0,21,0.0,21,0.0,21,,,0.0,21,0.0,21,7.0,21,0.0,21,0.0,21,0.0,21,0.0,21,0.0,21,0.0,21,10.0,16,0.0,21
"San Sebastián Municipio, Puerto Rico",15.0,25,,,0.0,32,0.0,32,0.0,32,0.0,32,0.0,32,0.0,32,0.0,32,0.0,32,,,0.0,32,0.0,32,0.0,32,0.0,32,0.0,32,0.0,32,0.0,32,0.0,32,0.0,32,0.0,32,0.0,32
"Sanborn County, South Dakota",0.0,10,,,0.0,10,0.0,10,0.0,10,0.0,10,0.0,10,0.0,10,0.0,10,0.0,10,,,0.0,10,0.0,10,0.0,10,0.0,10,0.0,10,0.0,10,0.0,10,0.0,10,0.0,10,0.0,10,0.0,10
"Sanders County, Montana",101.0,11,,,8.0,12,0.0,17,21.0,22,32.0,28,0.0,17,0.0,17,0.0,17,0.0,17,,,0.0,17,0.0,17,25.0,20,0.0,17,0.0,17,0.0,17,0.0,17,0.0,17,2.0,3,6.0,8,0.0,17
"Sandoval County, New Mexico",4574.0,403,,,549.0,263,110.0,153,422.0,165,436.0,227,29.0,58,0.0,31,17.0,25,0.0,31,,,0.0,31,0.0,31,1659.0,468,60.0,53,0.0,31,36.0,54,0.0,31,10.0,17,121.0,92,549.0,174,0.0,31
"Sandusky County, Ohio",460.0,81,,,22.0,24,0.0,30,56.0,50,103.0,84,0.0,30,0.0,30,0.0,30,0.0,30,,,0.0,30,0.0,30,68.0,60,0.0,30,0.0,30,0.0,30,0.0,30,0.0,30,18.0,36,6.0,10,0.0,30
"Sangamon County, Illinois",5578.0,99,,,737.0,241,0.0,29,166.0,115,326.0,146,0.0,29,0.0,29,203.0,155,0.0,29,,,23.0,41,47.0,54,1568.0,478,0.0,29,0.0,29,0.0,29,0.0,29,0.0,29,90.0,86,285.0,170,0.0,29
"Sanilac County, Michigan",260.0,43,,,45.0,34,0.0,23,19.0,24,38.0,18,1.0,4,0.0,23,0.0,23,0.0,23,,,0.0,23,0.0,23,72.0,41,0.0,23,0.0,23,0.0,23,0.0,23,0.0,23,50.0,37,6.0,9,0.0,23
"Sanpete County, Utah",506.0,108,,,143.0,91,0.0,23,124.0,70,0.0,23,24.0,41,0.0,23,0.0,23,0.0,23,,,0.0,23,0.0,23,74.0,63,0.0,23,47.0,52,0.0,23,11.0,17,0.0,23,25.0,28,36.0,41,0.0,23
"Santa Barbara County, California",34628.0,807,,,7894.0,725,399.0,297,3977.0,657,2479.0,522,22.0,32,0.0,32,670.0,333,0.0,32,,,100.0,88,533.0,416,10528.0,1058,369.0,165,174.0,165,0.0,32,9.0,14,41.0,51,458.0,183,2748.0,558,42.0,63
"Santa Clara County, California",843893.0,3370,,,244593.0,5502,1378.0,498,36839.0,1985,41985.0,2175,665.0,686,49.0,40,20840.0,1533,0.0,32,,,1853.0,646,5872.0,1016,104063.0,4120,2889.0,711,2385.0,656,1138.0,345,102.0,75,527.0,208,3113.0,560,152550.0,4847,288.0,310
"Santa Cruz County, Arizona",159.0,98,,,36.0,31,0.0,30,33.0,31,1.0,4,0.0,30,0.0,30,0.0,30,0.0,30,,,0.0,30,0.0,30,28.0,29,28.0,48,0.0,30,0.0,30,0.0,30,0.0,30,19.0,31,0.0,30,0.0,30
"Santa Cruz County, California",19529.0,583,,,4862.0,544,85.0,89,2947.0,597,1385.0,319,17.0,18,0.0,32,305.0,128,0.0,32,,,7.0,14,175.0,111,4402.0,662,81.0,69,37.0,28,122.0,85,0.0,32,6.0,9,321.0,196,939.0,227,0.0,32
"Santa Fe County, New Mexico",3537.0,249,,,693.0,201,4.0,5,573.0,197,265.0,91,0.0,31,0.0,31,76.0,88,0.0,31,,,18.0,22,5.0,9,810.0,228,27.0,28,2.0,3,0.0,31,0.0,31,0.0,31,37.0,39,90.0,89,0.0,31
"Santa Isabel Municipio, Puerto Rico",255.0,292,,,0.0,28,0.0,28,0.0,28,0.0,28,0.0,28,0.0,28,0.0,28,0.0,28,,,0.0,28,0.0,28,195.0,252,0.0,28,0.0,28,0.0,28,0.0,28,0.0,28,0.0,28,31.0,46,0.0,28
"Santa Rosa County, Florida",8005.0,485,,,711.0,319,0.0,35,1306.0,473,1231.0,413,35.0,65,0.0,35,19.0,32,0.0,35,,,15.0,25,80.0,113,2877.0,572,0.0,35,64.0,85,40.0,58,0.0,35,0.0,35,171.0,145,695.0,256,0.0,35
"Sarasota County, Florida",11190.0,206,,,2199.0,493,0.0,35,473.0,150,661.0,267,0.0,35,0.0,35,27.0,34,0.0,35,,,204.0,268,46.0,56,2063.0,560,140.0,118,51.0,47,66.0,63,0.0,35,0.0,35,626.0,279,1962.0,529,0.0,35
"Saratoga County, New York",9443.0,262,,,2342.0,458,0.0,31,370.0,185,1070.0,345,0.0,31,0.0,31,16.0,27,0.0,31,,,0.0,31,61.0,57,1351.0,390,66.0,86,0.0,31,143.0,166,0.0,31,19.0,30,202.0,171,25.0,31,0.0,31
"Sargent County, North Dakota",46.0,19,,,0.0,10,0.0,10,2.0,5,17.0,21,0.0,10,0.0,10,0.0,10,0.0,10,,,0.0,10,9.0,11,10.0,14,0.0,10,3.0,5,0.0,10,0.0,10,0.0,10,0.0,10,5.0,6,0.0,10
"Sarpy County, Nebraska",8170.0,329,,,825.0,257,0.0,24,432.0,202,756.0,206,0.0,24,42.0,46,11.0,15,0.0,24,,,49.0,59,198.0,155,2982.0,642,0.0,24,40.0,70,0.0,24,0.0,24,0.0,24,198.0,136,1486.0,692,0.0,24
"Sauk County, Wisconsin",661.0,53,,,117.0,56,32.0,33,126.0,80,159.0,67,0.0,23,0.0,23,0.0,23,0.0,23,,,0.0,23,0.0,23,95.0,46,0.0,23,10.0,12,0.0,23,0.0,23,0.0,23,0.0,23,32.0,29,0.0,23
"Saunders County, Nebraska",114.0,68,,,10.0,14,0.0,19,2.0,3,9.0,10,0.0,19,0.0,19,0.0,19,0.0,19,,,0.0,19,0.0,19,23.0,25,0.0,19,0.0,19,0.0,19,0.0,19,0.0,19,0.0,19,48.0,45,0.0,19
"Sawyer County, Wisconsin",135.0,18,,,22.0,18,16.0,19,0.0,16,3.0,5,0.0,16,0.0,16,0.0,16,0.0,16,,,10.0,10,0.0,16,23.0,19,0.0,16,14.0,18,0.0,16,0.0,16,0.0,16,0.0,16,2.0,4,0.0,16
"Schenectady County, New York",11286.0,434,,,1549.0,426,0.0,31,223.0,133,946.0,446,23.0,29,0.0,31,9.0,15,0.0,31,,,254.0,219,20.0,34,651.0,294,0.0,31,13.0,23,7.0,12,0.0,31,0.0,31,34.0,59,198.0,136,0.0,31
"Schleicher County, Texas",0.0,15,,,0.0,15,0.0,15,0.0,15,0.0,15,0.0,15,0.0,15,0.0,15,0.0,15,,,0.0,15,0.0,15,0.0,15,0.0,15,0.0,15,0.0,15,0.0,15,0.0,15,0.0,15,0.0,15,0.0,15
"Schley County, Georgia",0.0,14,,,0.0,14,0.0,14,0.0,14,0.0,14,0.0,14,0.0,14,0.0,14,0.0,14,,,0.0,14,0.0,14,0.0,14,0.0,14,0.0,14,0.0,14,0.0,14,0.0,14,0.0,14,0.0,14,0.0,14
"Schoharie County, New York",354.0,7,,,89.0,45,0.0,25,26.0,24,75.0,35,0.0,25,0.0,25,0.0,25,0.0,25,,,0.0,25,0.0,25,37.0,29,0.0,25,0.0,25,0.0,25,0.0,25,0.0,25,0.0,25,0.0,25,0.0,25
"Schoolcraft County, Michigan",46.0,7,,,0.0,15,0.0,15,14.0,16,0.0,15,0.0,15,0.0,15,0.0,15,0.0,15,,,0.0,15,0.0,15,14.0,17,0.0,15,0.0,15,0.0,15,0.0,15,0.0,15,0.0,15,0.0,15,0.0,15
"Schuyler County, Illinois",74.0,84,,,0.0,17,0.0,17,0.0,17,0.0,17,0.0,17,0.0,17,0.0,17,0.0,17,,,0.0,17,0.0,17,49.0,55,0.0,17,0.0,17,0.0,17,0.0,17,0.0,17,0.0,17,0.0,17,0.0,17
"Schuyler County, Missouri",21.0,31,,,1.0,2,0.0,12,0.0,12,0.0,12,0.0,12,0.0,12,0.0,12,0.0,12,,,0.0,12,0.0,12,4.0,15,0.0,12,0.0,12,0.0,12,0.0,12,0.0,12,0.0,12,16.0,27,0.0,12
"Schuyler County, New York",181.0,10,,,63.0,61,0.0,21,0.0,21,24.0,27,0.0,21,0.0,21,0.0,21,0.0,21,,,0.0,21,0.0,21,30.0,28,0.0,21,9.0,16,0.0,21,0.0,21,0.0,21,0.0,21,22.0,22,0.0,21
"Schuylkill County, Pennsylvania",1298.0,69,,,64.0,48,0.0,27,161.0,93,118.0,97,4.0,11,2.0,4,28.0,39,0.0,27,,,0.0,27,7.0,12,294.0,125,13.0,15,0.0,27,0.0,27,0.0,27,0.0,27,188.0,193,126.0,122,0.0,27
"Scioto County, Ohio",526.0,62,,,204.0,78,0.0,30,45.0,41,10.0,15,0.0,30,0.0,30,0.0,30,0.0,30,,,0.0,30,0.0,30,124.0,74,14.0,24,0.0,30,0.0,30,0.0,30,0.0,30,22.0,34,0.0,30,0.0,30
"Scotland County, Missouri",66.0,31,,,0.0,12,0.0,12,0.0,12,0.0,12,0.0,12,0.0,12,0.0,12,0.0,12,,,0.0,12,0.0,12,0.0,12,0.0,12,0.0,12,0.0,12,0.0,12,0.0,12,66.0,31,0.0,12,0.0,12
"Scotland County, North Carolina",419.0,12,,,251.0,158,0.0,29,58.0,91,0.0,29,0.0,29,0.0,29,0.0,29,0.0,29,,,0.0,29,0.0,29,8.0,21,0.0,29,0.0,29,0.0,29,0.0,29,0.0,29,0.0,29,6.0,13,0.0,29
"Scott County, Arkansas",135.0,105,,,0.0,18,0.0,18,0.0,18,0.0,18,0.0,18,0.0,18,0.0,18,0.0,18,,,69.0,91,0.0,18,9.0,15,0.0,18,10.0,17,0.0,18,0.0,18,0.0,18,0.0,18,47.0,56,0.0,18
"Scott County, Illinois",24.0,5,,,0.0,12,0.0,12,0.0,12,1.0,3,0.0,12,0.0,12,0.0,12,0.0,12,,,0.0,12,0.0,12,4.0,10,0.0,12,0.0,12,0.0,12,0.0,12,0.0,12,0.0,12,1.0,3,0.0,12
"Scott County, Indiana",30.0,43,,,4.0,7,0.0,24,26.0,42,0.0,24,0.0,24,0.0,24,0.0,24,0.0,24,,,0.0,24,0.0,24,0.0,24,0.0,24,0.0,24,0.0,24,0.0,24,0.0,24,0.0,24,0.0,24,0.0,24
"Scott County, Iowa",6896.0,335,,,1292.0,452,0.0,24,337.0,146,876.0,314,0.0,24,0.0,24,9.0,11,0.0,24,,,168.0,187,117.0,148,516.0,274,48.0,90,11.0,19,0.0,24,0.0,24,0.0,24,69.0,63,1076.0,343,0.0,24
"Scott County, Kansas",66.0,67,,,0.0,16,0.0,16,0.0,16,0.0,16,0.0,16,0.0,16,0.0,16,0.0,16,,,0.0,16,0.0,16,0.0,16,0.0,16,0.0,16,0.0,16,0.0,16,0.0,16,0.0,16,0.0,16,0.0,16
"Scott County, Kentucky",1177.0,149,,,259.0,136,0.0,30,207.0,83,220.0,116,0.0,30,0.0,30,0.0,30,0.0,30,,,0.0,30,0.0,30,247.0,150,0.0,30,0.0,30,0.0,30,0.0,30,0.0,30,0.0,30,74.0,54,0.0,30
"Scott County, Minnesota",12504.0,381,,,1745.0,695,545.0,312,498.0,341,980.0,395,0.0,22,0.0,22,0.0,22,0.0,22,,,0.0,22,1615.0,511,713.0,269,111.0,140,1226.0,726,0.0,22,0.0,22,0.0,22,58.0,61,2458.0,536,0.0,22
"Scott County, Mississippi",64.0,73,,,0.0,26,0.0,26,0.0,26,0.0,26,0.0,26,0.0,26,0.0,26,0.0,26,,,0.0,26,0.0,26,45.0,68,0.0,26,0.0,26,0.0,26,0.0,26,0.0,26,0.0,26,0.0,26,0.0,26
"Scott County, Missouri",229.0,25,,,11.0,22,0.0,25,17.0,29,56.0,73,0.0,25,0.0,25,0.0,25,0.0,25,,,0.0,25,0.0,25,98.0,69,0.0,25,0.0,25,0.0,25,0.0,25,0.0,25,2.0,3,17.0,29,0.0,25
"Scott County, Tennessee",107.0,25,,,0.0,25,0.0,25,3.0,10,3.0,8,0.0,25,0.0,25,0.0,25,0.0,25,,,0.0,25,0.0,25,20.0,38,0.0,25,0.0,25,0.0,25,0.0,25,0.0,25,0.0,25,73.0,50,0.0,25
"Scott County, Virginia",71.0,62,,,0.0,25,0.0,25,5.0,8,26.0,32,0.0,25,0.0,25,0.0,25,0.0,25,,,0.0,25,0.0,25,36.0,44,0.0,25,0.0,25,0.0,25,0.0,25,0.0,25,0.0,25,0.0,25,0.0,25
"Scotts Bluff County, Nebraska",444.0,75,,,75.0,85,0.0,22,132.0,99,40.0,56,7.0,13,0.0,22,7.0,12,0.0,22,,,0.0,22,0.0,22,52.0,59,0.0,22,37.0,49,0.0,22,0.0,22,0.0,22,0.0,22,16.0,18,0.0,22
"Screven County, Georgia",49.0,49,,,0.0,23,0.0,23,12.0,20,0.0,23,0.0,23,0.0,23,0.0,23,0.0,23,,,0.0,23,0.0,23,0.0,23,0.0,23,0.0,23,0.0,23,0.0,23,0.0,23,0.0,23,0.0,23,0.0,23
"Scurry County, Texas",127.0,23,,,12.0,20,0.0,23,1.0,3,20.0,30,0.0,23,0.0,23,0.0,23,0.0,23,,,0.0,23,0.0,23,42.0,45,10.0,21,0.0,23,0.0,23,0.0,23,0.0,23,0.0,23,42.0,54,0.0,23
"Searcy County, Arkansas",25.0,32,,,13.0,24,0.0,18,0.0,18,0.0,18,0.0,18,0.0,18,0.0,18,0.0,18,,,0.0,18,0.0,18,0.0,18,0.0,18,0.0,18,0.0,18,0.0,18,0.0,18,12.0,20,0.0,18,0.0,18
"Sebastian County, Arkansas",7695.0,373,,,256.0,127,289.0,190,268.0,162,256.0,184,0.0,30,0.0,30,0.0,30,0.0,30,,,0.0,30,14.0,24,535.0,268,37.0,42,2845.0,569,0.0,30,0.0,30,0.0,30,153.0,117,2473.0,572,0.0,30
"Sedgwick County, Colorado",60.0,53,,,19.0,27,0.0,13,28.0,44,9.0,11,0.0,13,0.0,13,0.0,13,0.0,13,,,0.0,13,0.0,13,4.0,6,0.0,13,0.0,13,0.0,13,0.0,13,0.0,13,0.0,13,0.0,13,0.0,13
"Sedgwick County, Kansas",29798.0,709,,,2567.0,507,143.0,146,1190.0,307,846.0,329,0.0,27,0.0,27,229.0,226,0.0,27,,,346.0,334,1745.0,579,3788.0,746,171.0,137,2488.0,522,178.0,128,0.0,27,14.0,23,677.0,241,11099.0,1022,0.0,27
"Seminole County, Florida",30894.0,829,,,5113.0,887,0.0,35,796.0,268,2025.0,522,0.0,35,31.0,43,678.0,417,40.0,62,,,167.0,254,76.0,80,4637.0,829,173.0,142,192.0,146,38.0,43,0.0,35,0.0,35,614.0,240,4237.0,918,0.0,35
"Seminole County, Georgia",38.0,45,,,2.0,5,0.0,20,0.0,20,0.0,20,0.0,20,0.0,20,0.0,20,0.0,20,,,0.0,20,0.0,20,11.0,12,0.0,20,0.0,20,0.0,20,0.0,20,0.0,20,0.0,20,0.0,20,0.0,20
"Seminole County, Oklahoma",215.0,14,,,18.0,23,0.0,19,5.0,8,162.0,39,0.0,19,0.0,19,0.0,19,0.0,19,,,0.0,19,0.0,19,12.0,11,4.0,8,0.0,19,0.0,19,0.0,19,0.0,19,0.0,19,1.0,4,0.0,19
"Seneca County, New York",369.0,28,,,56.0,49,0.0,28,25.0,21,71.0,40,0.0,28,0.0,28,3.0,6,0.0,28,,,0.0,28,0.0,28,69.0,46,0.0,28,0.0,28,0.0,28,0.0,28,6.0,13,0.0,28,0.0,28,0.0,28
"Seneca County, Ohio",615.0,68,,,35.0,30,0.0,30,56.0,46,166.0,86,18.0,21,0.0,30,0.0,30,0.0,30,,,0.0,30,0.0,30,40.0,39,0.0,30,11.0,18,0.0,30,0.0,30,0.0,30,36.0,51,70.0,81,0.0,30
"Sequatchie County, Tennessee",130.0,84,,,105.0,84,0.0,21,13.0,23,0.0,21,0.0,21,0.0,21,0.0,21,0.0,21,,,0.0,21,0.0,21,12.0,21,0.0,21,0.0,21,0.0,21,0.0,21,0.0,21,0.0,21,0.0,21,0.0,21
"Sequoyah County, Oklahoma",559.0,91,,,39.0,32,13.0,19,52.0,45,32.0,33,0.0,22,0.0,22,0.0,22,0.0,22,,,0.0,22,0.0,22,199.0,93,0.0,22,0.0,22,0.0,22,0.0,22,0.0,22,111.0,91,16.0,16,0.0,22
"Sevier County, Arkansas",57.0,65,,,1.0,2,0.0,20,0.0,20,0.0,20,0.0,20,0.0,20,0.0,20,0.0,20,,,0.0,20,0.0,20,11.0,15,0.0,20,0.0,20,0.0,20,0.0,20,0.0,20,0.0,20,43.0,66,0.0,20
"Sevier County, Tennessee",1915.0,322,,,361.0,227,0.0,32,33.0,48,52.0,56,0.0,32,0.0,32,41.0,71,0.0,32,,,0.0,32,0.0,32,178.0,128,0.0,32,0.0,32,0.0,32,0.0,32,0.0,32,38.0,64,69.0,79,0.0,32
"Sevier County, Utah",156.0,27,,,0.0,23,0.0,23,68.0,50,27.0,27,0.0,23,0.0,23,0.0,23,0.0,23,,,0.0,23,0.0,23,26.0,21,0.0,23,0.0,23,0.0,23,0.0,23,0.0,23,12.0,19,15.0,19,0.0,23
"Seward County, Kansas",569.0,41,,,16.0,25,0.0,21,41.0,66,23.0,37,0.0,21,0.0,21,0.0,21,0.0,21,,,4.0,6,58.0,64,0.0,21,0.0,21,97.0,102,0.0,21,0.0,21,0.0,21,0.0,21,254.0,179,0.0,21
"Seward County, Nebraska",147.0,15,,,72.0,32,0.0,16,24.0,23,0.0,16,0.0,16,0.0,16,0.0,16,0.0,16,,,0.0,16,0.0,16,17.0,20,0.0,16,0.0,16,0.0,16,0.0,16,0.0,16,17.0,27,7.0,10,0.0,16
"Shackelford County, Texas",21.0,29,,,0.0,15,0.0,15,0.0,15,19.0,29,0.0,15,0.0,15,0.0,15,0.0,15,,,0.0,15,0.0,15,0.0,15,0.0,15,0.0,15,0.0,15,0.0,15,0.0,15,0.0,15,1.0,3,0.0,15
"Shannon County, Missouri",30.0,28,,,0.0,17,0.0,17,0.0,17,0.0,17,0.0,17,0.0,17,0.0,17,0.0,17,,,0.0,17,0.0,17,4.0,8,0.0,17,0.0,17,2.0,6,0.0,17,0.0,17,0.0,17,24.0,26,0.0,17
"Sharkey County, Mississippi",0.0,14,,,0.0,14,0.0,14,0.0,14,0.0,14,0.0,14,0.0,14,0.0,14,0.0,14,,,0.0,14,0.0,14,0.0,14,0.0,14,0.0,14,0.0,14,0.0,14,0.0,14,0.0,14,0.0,14,0.0,14
"Sharp County, Arkansas",156.0,77,,,21.0,33,0.0,20,17.0,20,24.0,28,0.0,20,0.0,20,0.0,20,0.0,20,,,0.0,20,12.0,18,26.0,33,0.0,20,2.0,3,0.0,20,0.0,20,0.0,20,0.0,20,21.0,73,0.0,20
"Shasta County, California",9411.0,367,,,1248.0,377,345.0,212,397.0,140,610.0,186,0.0,32,0.0,32,151.0,164,0.0,32,,,30.0,52,11.0,18,2534.0,516,42.0,76,596.0,272,0.0,32,1344.0,413,0.0,32,107.0,86,432.0,177,0.0,32
"Shawano County, Wisconsin",365.0,49,,,115.0,56,0.0,21,35.0,21,9.0,11,0.0,21,0.0,21,0.0,21,0.0,21,,,0.0,21,0.0,21,81.0,58,0.0,21,92.0,84,0.0,21,0.0,21,0.0,21,5.0,6,0.0,21,0.0,21
"Shawnee County, Kansas",4239.0,400,,,678.0,288,0.0,27,620.0,264,387.0,226,0.0,27,0.0,27,0.0,27,0.0,27,,,4.0,11,25.0,37,871.0,262,0.0,27,18.0,24,0.0,27,0.0,27,0.0,27,32.0,32,251.0,141,0.0,27
"Sheboygan County, Wisconsin",7922.0,243,,,765.0,302,5175.0,505,211.0,102,203.0,137,0.0,23,0.0,23,0.0,23,0.0,23,,,212.0,250,34.0,51,639.0,314,49.0,65,118.0,127,0.0,23,0.0,23,0.0,23,65.0,51,99.0,73,0.0,23
"Shelby County, Alabama",6655.0,302,,,1331.0,401,0.0,31,520.0,232,514.0,188,0.0,31,0.0,31,76.0,63,0.0,31,,,0.0,31,13.0,19,980.0,248,96.0,82,12.0,19,0.0,31,0.0,31,0.0,31,177.0,138,1102.0,342,0.0,31
"Shelby County, Illinois",144.0,23,,,0.0,23,0.0,23,17.0,24,31.0,28,0.0,23,0.0,23,0.0,23,0.0,23,,,0.0,23,0.0,23,88.0,47,0.0,23,0.0,23,0.0,23,0.0,23,0.0,23,0.0,23,7.0,11,0.0,23
"Shelby County, Indiana",501.0,27,,,43.0,52,0.0,27,240.0,155,1.0,2,0.0,27,0.0,27,0.0,27,0.0,27,,,0.0,27,0.0,27,186.0,149,0.0,27,0.0,27,0.0,27,0.0,27,0.0,27,0.0,27,31.0,49,0.0,27
"Shelby County, Iowa",100.0,171,,,65.0,101,0.0,16,0.0,16,9.0,37,0.0,16,0.0,16,0.0,16,0.0,16,,,0.0,16,0.0,16,26.0,191,0.0,16,0.0,16,0.0,16,0.0,16,0.0,16,0.0,16,0.0,16,0.0,16
"Shelby County, Kentucky",935.0,175,,,108.0,92,0.0,27,40.0,60,108.0,120,0.0,27,0.0,27,100.0,93,0.0,27,,,0.0,27,158.0,164,155.0,171,0.0,27,0.0,27,0.0,27,0.0,27,0.0,27,0.0,27,0.0,27,0.0,27
"Shelby County, Missouri",94.0,39,,,0.0,17,0.0,17,24.0,32,0.0,17,0.0,17,0.0,17,0.0,17,0.0,17,,,0.0,17,20.0,30,50.0,48,0.0,17,0.0,17,0.0,17,0.0,17,0.0,17,0.0,17,0.0,17,0.0,17
"Shelby County, Ohio",851.0,223,,,187.0,117,0.0,27,114.0,85,62.0,63,0.0,27,0.0,27,46.0,63,0.0,27,,,0.0,27,8.0,10,172.0,89,0.0,27,0.0,27,0.0,27,0.0,27,0.0,27,52.0,65,35.0,54,0.0,27
"Shelby County, Tennessee",32176.0,795,,,4968.0,922,146.0,134,789.0,246,1259.0,346,143.0,132,10.0,16,284.0,161,0.0,32,,,128.0,130,356.0,227,4346.0,755,178.0,137,600.0,312,34.0,39,0.0,32,6.0,16,281.0,211,4335.0,1061,0.0,32
"Shelby County, Texas",39.0,43,,,1.0,2,0.0,28,13.0,26,0.0,28,0.0,28,0.0,28,0.0,28,0.0,28,,,0.0,28,0.0,28,16.0,27,0.0,28,0.0,28,0.0,28,0.0,28,0.0,28,0.0,28,8.0,12,0.0,28
"Shenandoah County, Virginia",627.0,16,,,80.0,82,0.0,28,30.0,30,243.0,141,0.0,28,0.0,28,0.0,28,0.0,28,,,0.0,28,0.0,28,48.0,58,0.0,28,60.0,92,0.0,28,0.0,28,0.0,28,0.0,28,37.0,49,0.0,28
"Sherburne County, Minnesota",2331.0,171,,,479.0,370,166.0,122,63.0,64,217.0,153,0.0,22,0.0,22,0.0,22,0.0,22,,,32.0,101,74.0,73,406.0,128,28.0,34,126.0,135,0.0,22,0.0,22,0.0,22,87.0,70,298.0,172,0.0,22
"Sheridan County, Kansas",0.0,11,,,0.0,11,0.0,11,0.0,11,0.0,11,0.0,11,0.0,11,0.0,11,0.0,11,,,0.0,11,0.0,11,0.0,11,0.0,11,0.0,11,0.0,11,0.0,11,0.0,11,0.0,11,0.0,11,0.0,11
"Sheridan County, Montana",23.0,21,,,5.0,9,0.0,11,0.0,11,0.0,11,0.0,11,0.0,11,0.0,11,0.0,11,,,0.0,11,0.0,11,3.0,5,0.0,11,0.0,11,0.0,11,0.0,11,0.0,11,15.0,18,0.0,11,0.0,11
"Sheridan County, Nebraska",73.0,7,,,0.0,15,0.0,15,0.0,15,2.0,4,0.0,15,0.0,15,0.0,15,0.0,15,,,0.0,15,0.0,15,2.0,4,0.0,15,8.0,11,0.0,15,0.0,15,0.0,15,0.0,15,32.0,26,0.0,15
"Sheridan County, North Dakota",12.0,18,,,0.0,10,0.0,10,0.0,10,0.0,10,0.0,10,0.0,10,0.0,10,0.0,10,,,0.0,10,0.0,10,12.0,18,0.0,10,0.0,10,0.0,10,0.0,10,0.0,10,0.0,10,0.0,10,0.0,10
"Sheridan County, Wyoming",406.0,29,,,280.0,71,0.0,27,26.0,32,15.0,26,0.0,27,0.0,27,0.0,27,0.0,27,,,0.0,27,0.0,27,49.0,44,0.0,27,0.0,27,0.0,27,0.0,27,0.0,27,12.0,23,0.0,27,0.0,27
"Sherman County, Kansas",52.0,52,,,0.0,16,0.0,16,0.0,16,31.0,44,0.0,16,0.0,16,0.0,16,0.0,16,,,0.0,16,0.0,16,18.0,20,0.0,16,1.0,2,0.0,16,0.0,16,0.0,16,1.0,3,1.0,2,0.0,16
"Sherman County, Nebraska",10.0,11,,,0.0,10,0.0,10,0.0,10,10.0,11,0.0,10,0.0,10,0.0,10,0.0,10,,,0.0,10,0.0,10,0.0,10,0.0,10,0.0,10,0.0,10,0.0,10,0.0,10,0.0,10,0.0,10,0.0,10
"Sherman County, Oregon",59.0,30,,,0.0,13,6.0,9,6.0,8,0.0,13,0.0,13,0.0,13,0.0,13,0.0,13,,,0.0,13,0.0,13,47.0,29,0.0,13,0.0,13,0.0,13,0.0,13,0.0,13,0.0,13,0.0,13,0.0,13
"Sherman County, Texas",49.0,127,,,0.0,15,0.0,15,0.0,15,0.0,15,0.0,15,0.0,15,0.0,15,0.0,15,,,0.0,15,0.0,15,49.0,127,0.0,15,0.0,15,0.0,15,0.0,15,0.0,15,0.0,15,0.0,15,0.0,15
"Shiawassee County, Michigan",556.0,39,,,35.0,35,0.0,26,93.0,75,21.0,17,0.0,26,0.0,26,18.0,28,0.0,26,,,44.0,48,1.0,4,164.0,86,0.0,26,0.0,26,0.0,26,0.0,26,0.0,26,0.0,26,18.0,30,0.0,26
"Shoshone County, Idaho",123.0,19,,,24.0,40,0.0,19,0.0,19,1.0,2,0.0,19,0.0,19,0.0,19,0.0,19,,,0.0,19,0.0,19,59.0,50,39.0,50,0.0,19,0.0,19,0.0,19,0.0,19,0.0,19,0.0,19,0.0,19
"Sibley County, Minnesota",141.0,15,,,15.0,13,0.0,15,15.0,16,35.0,18,0.0,15,0.0,15,0.0,15,0.0,15,,,0.0,15,0.0,15,23.0,15,1.0,3,0.0,15,0.0,15,0.0,15,0.0,15,5.0,8,0.0,15,0.0,15
"Sierra County, California",0.0,14,,,0.0,14,0.0,14,0.0,14,0.0,14,0.0,14,0.0,14,0.0,14,0.0,14,,,0.0,14,0.0,14,0.0,14,0.0,14,0.0,14,0.0,14,0.0,14,0.0,14,0.0,14,0.0,14,0.0,14
"Sierra County, New Mexico",138.0,129,,,0.0,21,0.0,21,72.0,82,0.0,21,0.0,21,0.0,21,0.0,21,0.0,21,,,0.0,21,0.0,21,61.0,92,0.0,21,0.0,21,0.0,21,0.0,21,0.0,21,5.0,9,0.0,21,0.0,21
"Silver Bow County, Montana",866.0,294,,,36.0,51,0.0,23,52.0,84,206.0,170,0.0,23,0.0,23,0.0,23,0.0,23,,,0.0,23,0.0,23,297.0,201,0.0,23,0.0,23,0.0,23,0.0,23,0.0,23,22.0,40,2.0,6,0.0,23
"Simpson County, Kentucky",197.0,126,,,0.0,20,0.0,20,16.0,31,26.0,42,0.0,20,0.0,20,8.0,14,0.0,20,,,0.0,20,0.0,20,147.0,120,0.0,20,0.0,20,0.0,20,0.0,20,0.0,20,0.0,20,0.0,20,0.0,20
"Simpson County, Mississippi",161.0,133,,,10.0,20,0.0,26,0.0,26,41.0,65,0.0,26,0.0,26,0.0,26,0.0,26,,,0.0,26,0.0,26,19.0,25,0.0,26,0.0,26,0.0,26,0.0,26,0.0,26,0.0,26,0.0,26,0.0,26
"Sioux County, Iowa",367.0,4,,,38.0,25,0.0,22,81.0,68,22.0,26,0.0,22,0.0,22,0.0,22,0.0,22,,,0.0,22,0.0,22,48.0,61,4.0,8,13.0,20,0.0,22,0.0,22,0.0,22,0.0,22,33.0,56,0.0,22
"Sioux County, Nebraska",1.0,3,,,0.0,10,0.0,10,0.0,10,0.0,10,0.0,10,0.0,10,0.0,10,0.0,10,,,0.0,10,0.0,10,0.0,10,0.0,10,0.0,10,0.0,10,0.0,10,0.0,10,0.0,10,0.0,10,0.0,10
"Sioux County, North Dakota",0.0,10,,,0.0,10,0.0,10,0.0,10,0.0,10,0.0,10,0.0,10,0.0,10,0.0,10,,,0.0,10,0.0,10,0.0,10,0.0,10,0.0,10,0.0,10,0.0,10,0.0,10,0.0,10,0.0,10,0.0,10
"Siskiyou County, California",1427.0,83,,,261.0,126,46.0,56,273.0,144,33.0,30,0.0,29,0.0,29,0.0,29,0.0,29,,,0.0,29,12.0,20,392.0,118,2.0,7,147.0,109,0.0,29,0.0,29,0.0,29,29.0,29,18.0,25,0.0,29
"Sitka City and Borough, Alaska",891.0,68,,,31.0,23,0.0,15,71.0,40,98.0,76,0.0,15,0.0,15,0.0,15,0.0,15,,,0.0,15,0.0,15,611.0,120,0.0,15,5.0,7,0.0,15,0.0,15,0.0,15,12.0,18,25.0,22,0.0,15
"Skagit County, Washington",4698.0,172,,,1041.0,250,65.0,76,608.0,144,248.0,84,0.0,31,6.0,6,65.0,69,0.0,31,,,0.0,31,30.0,30,1842.0,333,34.0,25,50.0,48,18.0,32,0.0,31,9.0,12,50.0,36,287.0,99,0.0,31
"Skagway Municipality, Alaska",229.0,93,,,35.0,35,0.0,10,90.0,84,0.0,10,0.0,10,19.0,17,0.0,10,0.0,10,,,0.0,10,0.0,10,18.0,23,0.0,10,0.0,10,0.0,10,0.0,10,0.0,10,0.0,10,0.0,10,0.0,10
"Skamania County, Washington",476.0,228,,,135.0,79,0.0,21,100.0,64,116.0,72,0.0,21,0.0,21,3.0,5,0.0,21,,,0.0,21,0.0,21,112.0,74,4.0,6,0.0,21,0.0,21,0.0,21,0.0,21,0.0,21,0.0,21,0.0,21
"Slope County, North Dakota",0.0,10,,,0.0,10,0.0,10,0.0,10,0.0,10,0.0,10,0.0,10,0.0,10,0.0,10,,,0.0,10,0.0,10,0.0,10,0.0,10,0.0,10,0.0,10,0.0,10,0.0,10,0.0,10,0.0,10,0.0,10
"Smith County, Kansas",34.0,28,,,15.0,17,0.0,11,17.0,22,0.0,11,0.0,11,0.0,11,0.0,11,0.0,11,,,0.0,11,0.0,11,0.0,11,0.0,11,0.0,11,0.0,11,0.0,11,0.0,11,0.0,11,1.0,2,0.0,11
"Smith County, Mississippi",26.0,25,,,1.0,2,0.0,22,0.0,22,0.0,22,0.0,22,0.0,22,0.0,22,0.0,22,,,0.0,22,0.0,22,5.0,10,0.0,22,0.0,22,0.0,22,0.0,22,0.0,22,0.0,22,20.0,23,0.0,22
"Smith County, Tennessee",160.0,48,,,14.0,19,0.0,25,1.0,2,70.0,51,0.0,25,0.0,25,0.0,25,0.0,25,,,0.0,25,0.0,25,27.0,30,0.0,25,0.0,25,0.0,25,0.0,25,0.0,25,0.0,25,0.0,25,0.0,25
"Smith County, Texas",5165.0,374,,,814.0,348,0.0,35,229.0,140,205.0,125,3.0,5,109.0,108,20.0,31,0.0,35,,,0.0,35,155.0,199,1151.0,292,91.0,121,0.0,35,0.0,35,0.0,35,0.0,35,13.0,22,853.0,333,0.0,35
"Smyth County, Virginia",171.0,126,,,5.0,5,0.0,25,95.0,96,0.0,25,0.0,25,0.0,25,15.0,23,0.0,25,,,0.0,25,0.0,25,0.0,25,0.0,25,0.0,25,0.0,25,0.0,25,0.0,25,11.0,19,0.0,25,0.0,25
"Snohomish County, Washington",139882.0,1778,,,21830.0,1672,1097.0,375,10080.0,941,16440.0,1678,803.0,625,127.0,82,1161.0,311,35.0,55,,,244.0,165,4777.0,771,25241.0,2112,2054.0,571,1507.0,630,151.0,98,20.0,33,27.0,41,2691.0,679,17689.0,1608,0.0,31
"Snyder County, Pennsylvania",355.0,32,,,50.0,38,0.0,24,9.0,11,9.0,9,0.0,24,0.0,24,0.0,24,0.0,24,,,0.0,24,0.0,24,112.0,60,10.0,15,0.0,24,0.0,24,0.0,24,0.0,24,8.0,12,33.0,51,0.0,24
"Socorro County, New Mexico",390.0,14,,,34.0,51,0.0,21,31.0,37,44.0,50,0.0,21,0.0,21,7.0,12,0.0,21,,,0.0,21,0.0,21,0.0,21,0.0,21,0.0,21,0.0,21,0.0,21,0.0,21,0.0,21,38.0,68,0.0,21
"Solano County, California",97584.0,1758,,,10741.0,1259,371.0,244,5489.0,996,3563.0,717,0.0,32,39.0,48,228.0,187,0.0,32,,,58.0,46,476.0,297,61800.0,2096,505.0,390,898.0,359,134.0,149,435.0,258,0.0,32,1055.0,325,4053.0,1008,103.0,156
"Somerset County, Maine",430.0,58,,,83.0,54,0.0,26,12.0,17,26.0,36,0.0,26,0.0,26,0.0,26,0.0,26,,,0.0,26,11.0,18,243.0,97,0.0,26,0.0,26,0.0,26,0.0,26,0.0,26,16.0,24,4.0,7,0.0,26
"Somerset County, Maryland",483.0,131,,,224.0,167,0.0,25,0.0,25,20.0,35,0.0,25,0.0,25,0.0,25,0.0,25,,,0.0,25,0.0,25,133.0,115,0.0,25,0.0,25,0.0,25,0.0,25,0.0,25,21.0,33,14.0,28,0.0,25
"Somerset County, New Jersey",73216.0,513,,,16370.0,1463,0.0,32,992.0,373,2426.0,521,74.0,123,0.0,32,1385.0,538,0.0,32,,,15.0,22,0.0,32,6601.0,944,115.0,88,46.0,67,10.0,16,0.0,32,0.0,32,175.0,130,1051.0,364,0.0,32
"Somerset County, Pennsylvania",542.0,94,,,194.0,140,0.0,27,7.0,8,89.0,67,0.0,27,0.0,27,2.0,5,0.0,27,,,0.0,27,0.0,27,53.0,53,0.0,27,0.0,27,0.0,27,0.0,27,0.0,27,0.0,27,47.0,53,0.0,27
"Somervell County, Texas",0.0,21,,,0.0,21,0.0,21,0.0,21,0.0,21,0.0,21,0.0,21,0.0,21,0.0,21,,,0.0,21,0.0,21,0.0,21,0.0,21,0.0,21,0.0,21,0.0,21,0.0,21,0.0,21,0.0,21,0.0,21
"Sonoma County, California",34305.0,892,,,7215.0,859,68.0,77,3242.0,565,1581.0,453,0.0,32,85.0,119,511.0,344,0.0,32,,,145.0,105,1026.0,392,9998.0,1004,423.0,161,712.0,263,16.0,21,0.0,32,33.0,54,466.0,199,4059.0,916,0.0,32
"South Central Connecticut Planning Region, Connecticut",30921.0,548,,,8771.0,913,0.0,32,903.0,240,3194.0,571,30.0,39,0.0,32,432.0,171,15.0,25,,,5.0,11,346.0,211,3386.0,681,129.0,127,586.0,252,95.0,91,0.0,32,13.0,20,475.0,182,1904.0,498,55.0,72
"Southampton County, Virginia",153.0,14,,,0.0,21,0.0,21,0.0,21,0.0,21,0.0,21,0.0,21,0.0,21,0.0,21,,,0.0,21,0.0,21,23.0,31,0.0,21,0.0,21,0.0,21,0.0,21,0.0,21,0.0,21,5.0,8,0.0,21
"Southeast Fairbanks Census Area, Alaska",177.0,96,,,6.0,11,0.0,15,26.0,34,0.0,15,0.0,15,0.0,15,0.0,15,0.0,15,,,0.0,15,0.0,15,101.0,78,0.0,15,0.0,15,0.0,15,0.0,15,0.0,15,20.0,28,6.0,31,0.0,15
"Southeastern Connecticut Planning Region, Connecticut",14058.0,527,,,4030.0,602,6.0,16,554.0,207,607.0,238,0.0,32,5.0,10,9.0,13,6.0,13,,,0.0,32,30.0,50,3831.0,609,177.0,198,178.0,122,0.0,32,0.0,32,0.0,32,290.0,145,606.0,237,0.0,32
"Spalding County, Georgia",830.0,17,,,54.0,75,0.0,34,204.0,155,216.0,197,0.0,34,0.0,34,0.0,34,0.0,34,,,0.0,34,0.0,34,184.0,102,0.0,34,0.0,34,0.0,34,0.0,34,0.0,34,1.0,2,23.0,46,0.0,34
"Spartanburg County, South Carolina",10764.0,426,,,1263.0,504,1115.0,421,223.0,140,204.0,133,62.0,78,390.0,223,0.0,33,0.0,33,,,235.0,219,1402.0,501,571.0,251,32.0,39,1094.0,415,0.0,33,36.0,57,0.0,33,337.0,194,487.0,187,0.0,33
"Spencer County, Indiana",106.0,20,,,46.0,29,0.0,20,0.0,20,9.0,12,0.0,20,0.0,20,0.0,20,0.0,20,,,5.0,13,0.0,20,18.0,22,0.0,20,0.0,20,0.0,20,0.0,20,0.0,20,0.0,20,8.0,15,0.0,20
"Spencer County, Kentucky",116.0,20,,,48.0,43,0.0,20,0.0,20,7.0,12,0.0,20,0.0,20,6.0,11,0.0,20,,,0.0,20,0.0,20,43.0,37,0.0,20,0.0,20,0.0,20,0.0,20,0.0,20,0.0,20,0.0,20,0.0,20
"Spink County, South Dakota",2.0,3,,,0.0,15,0.0,15,0.0,15,0.0,15,0.0,15,0.0,15,0.0,15,0.0,15,,,0.0,15,0.0,15,2.0,3,0.0,15,0.0,15,0.0,15,0.0,15,0.0,15,0.0,15,0.0,15,0.0,15
"Spokane County, Washington",23740.0,664,,,2689.0,483,321.0,177,4322.0,693,1879.0,402,156.0,108,176.0,185,225.0,128,6.0,10,,,1155.0,534,193.0,126,5635.0,830,195.0,130,115.0,100,25.0,38,54.0,78,13.0,18,1147.0,498,2991.0,675,0.0,31
"Spotsylvania County, Virginia",6368.0,316,,,956.0,371,0.0,31,326.0,149,889.0,281,0.0,31,0.0,31,71.0,74,0.0,31,,,0.0,31,7.0,11,1368.0,344,74.0,85,75.0,67,0.0,31,0.0,31,0.0,31,162.0,91,294.0,129,0.0,31
"St. Bernard Parish, Louisiana",1579.0,195,,,353.0,197,0.0,30,0.0,30,0.0,30,0.0,30,0.0,30,0.0,30,0.0,30,,,0.0,30,101.0,99,229.0,126,13.0,21,0.0,30,0.0,30,0.0,30,0.0,30,0.0,30,550.0,166,0.0,30
"St. Charles County, Missouri",15690.0,309,,,2469.0,449,20.0,32,996.0,270,1655.0,499,0.0,28,0.0,28,78.0,104,0.0,28,,,0.0,28,0.0,28,2742.0,510,0.0,28,40.0,65,11.0,16,0.0,28,8.0,13,426.0,185,1928.0,507,0.0,28
"St. Charles Parish, Louisiana",806.0,62,,,295.0,140,0.0,33,22.0,35,15.0,24,0.0,33,0.0,33,0.0,33,0.0,33,,,0.0,33,17.0,29,212.0,121,0.0,33,0.0,33,0.0,33,0.0,33,0.0,33,0.0,33,127.0,99,0.0,33
"St. Clair County, Alabama",1033.0,163,,,64.0,66,0.0,31,130.0,98,136.0,97,0.0,31,0.0,31,0.0,31,0.0,31,,,0.0,31,0.0,31,533.0,200,0.0,31,0.0,31,27.0,46,0.0,31,0.0,31,6.0,10,38.0,66,0.0,31
"St. Clair County, Illinois",6860.0,380,,,891.0,361,0.0,29,690.0,267,1000.0,243,0.0,29,11.0,18,0.0,29,0.0,29,,,48.0,79,63.0,83,1930.0,437,103.0,144,56.0,59,0.0,29,0.0,29,0.0,29,274.0,159,276.0,133,0.0,29
"St. Clair County, Michigan",1643.0,97,,,193.0,83,0.0,26,84.0,61,153.0,85,0.0,26,0.0,26,0.0,26,0.0,26,,,37.0,51,0.0,26,600.0,170,13.0,20,0.0,26,0.0,26,0.0,26,0.0,26,58.0,63,39.0,45,0.0,26
"St. Clair County, Missouri",53.0,5,,,0.0,17,0.0,17,15.0,18,2.0,6,0.0,17,0.0,17,0.0,17,0.0,17,,,0.0,17,0.0,17,16.0,18,0.0,17,0.0,17,0.0,17,0.0,17,0.0,17,0.0,17,18.0,21,0.0,17
"St. Croix County, Wisconsin",1770.0,36,,,48.0,39,578.0,154,190.0,146,338.0,161,0.0,23,0.0,23,31.0,50,0.0,23,,,0.0,23,9.0,15,387.0,120,0.0,23,0.0,23,0.0,23,0.0,23,0.0,23,0.0,23,94.0,73,0.0,23
"St. Francis County, Arkansas",31.0,28,,,0.0,24,0.0,24,0.0,24,5.0,9,0.0,24,0.0,24,0.0,24,0.0,24,,,0.0,24,0.0,24,0.0,24,0.0,24,0.0,24,0.0,24,0.0,24,0.0,24,0.0,24,12.0,19,0.0,24
"St. Francois County, Missouri",528.0,130,,,7.0,12,0.0,28,72.0,57,44.0,45,0.0,28,0.0,28,18.0,31,0.0,28,,,0.0,28,0.0,28,143.0,166,0.0,28,0.0,28,0.0,28,0.0,28,0.0,28,24.0,20,2.0,4,0.0,28
"St. Helena Parish, Louisiana",76.0,99,,,43.0,70,0.0,22,0.0,22,0.0,22,0.0,22,0.0,22,0.0,22,0.0,22,,,0.0,22,0.0,22,33.0,50,0.0,22,0.0,22,0.0,22,0.0,22,0.0,22,0.0,22,0.0,22,0.0,22
"St. James Parish, Louisiana",19.0,22,,,13.0,19,0.0,22,0.0,22,0.0,22,0.0,22,0.0,22,0.0,22,0.0,22,,,0.0,22,0.0,22,6.0,11,0.0,22,0.0,22,0.0,22,0.0,22,0.0,22,0.0,22,0.0,22,0.0,22
"St. John the Baptist Parish, Louisiana",569.0,43,,,59.0,117,0.0,30,26.0,30,0.0,30,0.0,30,0.0,30,0.0,30,0.0,30,,,0.0,30,0.0,30,422.0,136,0.0,30,0.0,30,0.0,30,0.0,30,0.0,30,25.0,42,32.0,46,0.0,30
"St. Johns County, Florida",13914.0,509,,,2363.0,554,14.0,26,1106.0,431,745.0,291,0.0,35,0.0,35,89.0,135,0.0,35,,,12.0,18,34.0,65,2625.0,656,166.0,148,32.0,59,0.0,35,0.0,35,13.0,29,163.0,156,616.0,460,0.0,35
"St. Joseph County, Indiana",9748.0,364,,,2352.0,480,0.0,30,545.0,216,1253.0,331,9.0,14,0.0,30,0.0,30,0.0,30,,,292.0,235,44.0,42,1462.0,368,17.0,28,51.0,72,0.0,30,0.0,30,0.0,30,171.0,130,743.0,287,0.0,30
"St. Joseph County, Michigan",670.0,64,,,77.0,84,0.0,26,91.0,51,105.0,65,0.0,26,0.0,26,0.0,26,0.0,26,,,0.0,26,9.0,20,154.0,71,16.0,24,0.0,26,76.0,100,0.0,26,0.0,26,11.0,16,8.0,15,0.0,26
"St. Landry Parish, Louisiana",518.0,43,,,44.0,54,0.0,33,28.0,38,22.0,36,0.0,33,0.0,33,0.0,33,0.0,33,,,0.0,33,0.0,33,0.0,33,3.0,6,0.0,33,0.0,33,0.0,33,0.0,33,0.0,33,16.0,19,0.0,33
"St. Lawrence County, New York",1750.0,65,,,498.0,153,0.0,31,115.0,92,70.0,70,0.0,31,5.0,8,0.0,31,0.0,31,,,27.0,39,0.0,31,440.0,132,15.0,18,2.0,4,11.0,13,0.0,31,0.0,31,22.0,25,47.0,39,0.0,31
"St. Louis County, Minnesota",3537.0,193,,,625.0,222,216.0,132,193.0,71,511.0,156,29.0,31,0.0,22,0.0,22,0.0,22,,,24.0,28,25.0,29,562.0,183,2.0,3,25.0,23,0.0,22,0.0,22,0.0,22,98.0,107,437.0,137,0.0,22
"St. Louis County, Missouri",58631.0,818,,,12796.0,1179,17.0,29,2321.0,526,3895.0,732,52.0,63,7.0,15,1340.0,627,20.0,24,,,159.0,140,217.0,163,5905.0,741,186.0,156,177.0,132,145.0,115,0.0,28,11.0,17,979.0,512,4416.0,991,9.0,15
"St. Louis city, Missouri",13578.0,429,,,2734.0,446,0.0,28,731.0,263,1119.0,387,0.0,28,0.0,28,250.0,111,0.0,28,,,423.0,256,78.0,87,1741.0,340,5.0,16,138.0,124,161.0,195,0.0,28,0.0,28,176.0,110,2002.0,392,0.0,28
"St. Lucie County, Florida",8532.0,319,,,1033.0,459,0.0,35,530.0,277,337.0,261,0.0,35,0.0,35,0.0,35,0.0,35,,,0.0,35,67.0,84,2876.0,721,5.0,11,50.0,89,0.0,35,0.0,35,77.0,103,217.0,181,974.0,378,0.0,35
"St. Martin Parish, Louisiana",626.0,41,,,121.0,114,0.0,33,19.0,28,1.0,3,0.0,33,0.0,33,0.0,33,0.0,33,,,0.0,33,0.0,33,57.0,58,0.0,33,73.0,74,0.0,33,0.0,33,0.0,33,0.0,33,275.0,100,0.0,33
"St. Mary Parish, Louisiana",1308.0,270,,,34.0,37,0.0,30,0.0,30,23.0,39,0.0,30,0.0,30,0.0,30,0.0,30,,,0.0,30,0.0,30,570.0,283,0.0,30,0.0,30,0.0,30,0.0,30,0.0,30,0.0,30,640.0,115,0.0,30
"St. Mary's County, Maryland",4990.0,248,,,298.0,152,0.0,32,710.0,285,438.0,223,0.0,32,0.0,32,54.0,91,0.0,32,,,0.0,32,0.0,32,2212.0,463,10.0,28,0.0,32,0.0,32,0.0,32,0.0,32,53.0,79,499.0,324,0.0,32
"St. Tammany Parish, Louisiana",5763.0,467,,,855.0,490,0.0,33,433.0,224,156.0,85,12.0,23,0.0,33,14.0,24,0.0,33,,,19.0,30,0.0,33,1205.0,388,1.0,4,37.0,61,0.0,33,0.0,33,0.0,33,0.0,33,1494.0,449,0.0,33
"Stafford County, Kansas",0.0,11,,,0.0,11,0.0,11,0.0,11,0.0,11,0.0,11,0.0,11,0.0,11,0.0,11,,,0.0,11,0.0,11,0.0,11,0.0,11,0.0,11,0.0,11,0.0,11,0.0,11,0.0,11,0.0,11,0.0,11
"Stafford County, Virginia",10273.0,704,,,884.0,327,39.0,61,832.0,341,1882.0,516,8.0,12,9.0,14,11.0,18,0.0,31,,,0.0,31,57.0,65,2464.0,527,11.0,16,80.0,89,85.0,91,0.0,31,80.0,85,467.0,266,471.0,227,0.0,31
"Stanislaus County, California",45492.0,1068,,,4822.0,792,807.0,358,2257.0,594,2014.0,568,0.0,32,7.0,11,218.0,154,0.0,32,,,102.0,122,3811.0,908,10940.0,1188,208.0,132,1105.0,476,0.0,32,172.0,184,6.0,11,310.0,140,2579.0,758,0.0,32
"Stanley County, South Dakota",65.0,62,,,27.0,29,0.0,10,0.0,10,0.0,10,0.0,10,0.0,10,0.0,10,0.0,10,,,0.0,10,0.0,10,38.0,35,0.0,10,0.0,10,0.0,10,0.0,10,0.0,10,0.0,10,0.0,10,0.0,10
"Stanly County, North Carolina",1384.0,30,,,81.0,85,672.0,256,0.0,32,30.0,36,0.0,32,0.0,32,0.0,32,0.0,32,,,0.0,32,0.0,32,249.0,154,0.0,32,54.0,67,0.0,32,0.0,32,0.0,32,14.0,18,253.0,215,0.0,32
"Stanton County, Kansas",4.0,10,,,0.0,11,0.0,11,0.0,11,0.0,11,0.0,11,0.0,11,0.0,11,0.0,11,,,0.0,11,0.0,11,4.0,10,0.0,11,0.0,11,0.0,11,0.0,11,0.0,11,0.0,11,0.0,11,0.0,11
"Stanton County, Nebraska",22.0,21,,,0.0,15,0.0,15,3.0,5,0.0,15,0.0,15,0.0,15,0.0,15,0.0,15,,,0.0,15,0.0,15,15.0,17,0.0,15,0.0,15,0.0,15,0.0,15,0.0,15,0.0,15,0.0,15,0.0,15
"Stark County, Illinois",53.0,17,,,0.0,17,0.0,17,0.0,17,0.0,17,0.0,17,0.0,17,0.0,17,0.0,17,,,0.0,17,0.0,17,45.0,11,0.0,17,0.0,17,0.0,17,0.0,17,0.0,17,8.0,11,0.0,17,0.0,17
"Stark County, North Dakota",612.0,13,,,75.0,81,0.0,22,26.0,27,74.0,110,0.0,22,0.0,22,2.0,3,0.0,22,,,0.0,22,0.0,22,235.0,147,0.0,22,0.0,22,0.0,22,0.0,22,0.0,22,2.0,5,126.0,148,0.0,22
"Stark County, Ohio",5389.0,236,,,1012.0,294,123.0,183,378.0,172,478.0,168,0.0,30,17.0,44,16.0,30,0.0,30,,,9.0,19,154.0,190,1101.0,329,27.0,43,109.0,96,64.0,97,0.0,30,0.0,30,118.0,103,377.0,244,0.0,30
"Starke County, Indiana",122.0,14,,,11.0,17,0.0,24,6.0,8,8.0,13,0.0,24,0.0,24,0.0,24,0.0,24,,,0.0,24,0.0,24,96.0,21,0.0,24,0.0,24,0.0,24,0.0,24,0.0,24,0.0,24,0.0,24,0.0,24
"Starr County, Texas",17.0,26,,,0.0,35,0.0,35,0.0,35,0.0,35,0.0,35,0.0,35,0.0,35,0.0,35,,,0.0,35,0.0,35,17.0,26,0.0,35,0.0,35,0.0,35,0.0,35,0.0,35,0.0,35,0.0,35,0.0,35
"Staunton city, Virginia",504.0,25,,,0.0,25,0.0,25,110.0,78,57.0,57,0.0,25,0.0,25,4.0,11,0.0,25,,,0.0,25,0.0,25,95.0,84,0.0,25,0.0,25,0.0,25,0.0,25,0.0,25,18.0,29,0.0,25,0.0,25
"Ste. Genevieve County, Missouri",156.0,128,,,0.0,19,0.0,19,0.0,19,0.0,19,0.0,19,0.0,19,0.0,19,28.0,38,,,0.0,19,0.0,19,61.0,101,0.0,19,0.0,19,0.0,19,0.0,19,0.0,19,0.0,19,9.0,15,0.0,19
"Stearns County, Minnesota",4837.0,215,,,472.0,285,647.0,376,135.0,100,413.0,217,0.0,22,0.0,22,29.0,39,0.0,22,,,0.0,22,42.0,62,676.0,281,0.0,22,480.0,228,0.0,22,0.0,22,0.0,22,90.0,117,660.0,302,0.0,22
"Steele County, Minnesota",517.0,38,,,10.0,9,37.0,40,43.0,46,126.0,98,0.0,20,0.0,20,0.0,20,0.0,20,,,0.0,20,10.0,14,111.0,77,0.0,20,67.0,68,0.0,20,0.0,20,0.0,20,6.0,10,85.0,90,0.0,20
"Steele County, North Dakota",4.0,6,,,0.0,10,0.0,10,1.0,3,0.0,10,0.0,10,0.0,10,0.0,10,0.0,10,,,0.0,10,0.0,10,3.0,5,0.0,10,0.0,10,0.0,10,0.0,10,0.0,10,0.0,10,0.0,10,0.0,10
"Stephens County, Georgia",309.0,20,,,36.0,54,0.0,27,18.0,28,34.0,71,0.0,27,0.0,27,3.0,9,0.0,27,,,0.0,27,0.0,27,0.0,27,0.0,27,0.0,27,0.0,27,0.0,27,0.0,27,0.0,27,11.0,20,0.0,27
"Stephens County, Oklahoma",474.0,44,,,4.0,6,8.0,14,27.0,37,143.0,79,0.0,22,0.0,22,0.0,22,0.0,22,,,0.0,22,31.0,36,170.0,106,0.0,22,0.0,22,28.0,41,0.0,22,0.0,22,0.0,22,63.0,30,0.0,22
"Stephens County, Texas",96.0,21,,,9.0,19,0.0,21,0.0,21,0.0,21,0.0,21,0.0,21,0.0,21,0.0,21,,,0.0,21,11.0,15,0.0,21,0.0,21,0.0,21,0.0,21,0.0,21,0.0,21,0.0,21,55.0,41,0.0,21
"Stephenson County, Illinois",515.0,5,,,44.0,46,0.0,26,33.0,16,67.0,62,0.0,26,3.0,6,0.0,26,0.0,26,,,0.0,26,0.0,26,158.0,99,0.0,26,0.0,26,0.0,26,0.0,26,0.0,26,0.0,26,24.0,37,0.0,26
"Sterling County, Texas",6.0,10,,,0.0,15,0.0,15,0.0,15,0.0,15,0.0,15,0.0,15,0.0,15,0.0,15,,,0.0,15,0.0,15,2.0,4,0.0,15,0.0,15,0.0,15,0.0,15,0.0,15,0.0,15,0.0,15,0.0,15
"Steuben County, Indiana",127.0,80,,,2.0,4,0.0,27,0.0,27,17.0,28,0.0,27,0.0,27,0.0,27,0.0,27,,,0.0,27,2.0,4,58.0,45,0.0,27,0.0,27,0.0,27,0.0,27,0.0,27,31.0,31,0.0,27,0.0,27
"Steuben County, New York",2013.0,134,,,740.0,220,17.0,25,72.0,38,232.0,149,0.0,31,0.0,31,3.0,4,0.0,31,,,0.0,31,27.0,29,239.0,112,0.0,31,0.0,31,0.0,31,0.0,31,0.0,31,47.0,27,35.0,37,0.0,31
"Stevens County, Kansas",15.0,21,,,0.0,16,0.0,16,0.0,16,0.0,16,0.0,16,0.0,16,0.0,16,0.0,16,,,0.0,16,0.0,16,15.0,21,0.0,16,0.0,16,0.0,16,0.0,16,0.0,16,0.0,16,0.0,16,0.0,16
"Stevens County, Minnesota",145.0,55,,,27.0,26,71.0,54,0.0,13,0.0,13,0.0,13,0.0,13,0.0,13,0.0,13,,,9.0,15,0.0,13,33.0,39,0.0,13,0.0,13,2.0,4,0.0,13,0.0,13,0.0,13,3.0,6,0.0,13
"Stevens County, Washington",924.0,143,,,114.0,44,0.0,28,154.0,89,176.0,112,0.0,28,0.0,28,0.0,28,0.0,28,,,0.0,28,48.0,56,311.0,107,0.0,28,0.0,28,0.0,28,0.0,28,0.0,28,41.0,49,14.0,18,0.0,28
"Stewart County, Georgia",85.0,79,,,28.0,31,0.0,14,0.0,14,0.0,14,0.0,14,0.0,14,0.0,14,0.0,14,,,0.0,14,0.0,14,0.0,14,0.0,14,0.0,14,0.0,14,0.0,14,0.0,14,0.0,14,9.0,21,0.0,14
"Stewart County, Tennessee",196.0,30,,,0.0,21,0.0,21,30.0,30,72.0,45,0.0,21,0.0,21,0.0,21,0.0,21,,,0.0,21,0.0,21,48.0,56,0.0,21,0.0,21,0.0,21,0.0,21,0.0,21,0.0,21,32.0,49,0.0,21
"Stillwater County, Montana",83.0,6,,,31.0,25,0.0,15,33.0,23,2.0,4,0.0,15,0.0,15,0.0,15,0.0,15,,,0.0,15,0.0,15,7.0,7,0.0,15,0.0,15,0.0,15,0.0,15,0.0,15,0.0,15,0.0,15,0.0,15
"Stoddard County, Missouri",160.0,22,,,71.0,71,0.0,22,3.0,8,0.0,22,0.0,22,0.0,22,0.0,22,0.0,22,,,0.0,22,0.0,22,0.0,22,0.0,22,0.0,22,0.0,22,0.0,22,0.0,22,8.0,13,12.0,24,0.0,22
"Stokes County, North Carolina",349.0,369,,,4.0,11,0.0,29,15.0,23,1.0,3,0.0,29,0.0,29,0.0,29,0.0,29,,,0.0,29,0.0,29,321.0,375,0.0,29,0.0,29,0.0,29,0.0,29,0.0,29,0.0,29,0.0,29,0.0,29
"Stone County, Arkansas",91.0,57,,,0.0,20,0.0,20,0.0,20,30.0,29,0.0,20,0.0,20,0.0,20,0.0,20,,,0.0,20,12.0,18,25.0,22,0.0,20,0.0,20,0.0,20,0.0,20,0.0,20,0.0,20,0.0,20,0.0,20
"Stone County, Mississippi",91.0,137,,,72.0,134,0.0,22,3.0,4,0.0,22,0.0,22,0.0,22,0.0,22,0.0,22,,,0.0,22,0.0,22,0.0,22,0.0,22,0.0,22,0.0,22,0.0,22,0.0,22,0.0,22,0.0,22,0.0,22
"Stone County, Missouri",271.0,46,,,122.0,46,0.0,25,21.0,30,19.0,29,0.0,25,0.0,25,0.0,25,0.0,25,,,59.0,35,0.0,25,9.0,13,4.0,9,0.0,25,0.0,25,0.0,25,0.0,25,0.0,25,9.0,10,0.0,25
"Stonewall County, Texas",0.0,15,,,0.0,15,0.0,15,0.0,15,0.0,15,0.0,15,0.0,15,0.0,15,0.0,15,,,0.0,15,0.0,15,0.0,15,0.0,15,0.0,15,0.0,15,0.0,15,0.0,15,0.0,15,0.0,15,0.0,15
"Storey County, Nevada",57.0,90,,,0.0,14,0.0,14,5.0,12,0.0,14,0.0,14,0.0,14,0.0,14,0.0,14,,,0.0,14,0.0,14,42.0,84,0.0,14,0.0,14,0.0,14,0.0,14,0.0,14,0.0,14,0.0,14,0.0,14
"Story County, Iowa",8623.0,202,,,2585.0,521,81.0,67,430.0,196,1372.0,416,69.0,138,0.0,24,13.0,28,0.0,24,,,0.0,24,0.0,24,692.0,294,95.0,80,142.0,91,137.0,139,0.0,24,0.0,24,132.0,93,458.0,287,0.0,24
"Strafford County, New Hampshire",6074.0,174,,,1129.0,321,0.0,29,509.0,271,553.0,240,0.0,29,0.0,29,17.0,29,0.0,29,,,0.0,29,276.0,201,1085.0,358,482.0,177,73.0,52,0.0,29,0.0,29,0.0,29,56.0,99,423.0,175,0.0,29
"Stutsman County, North Dakota",243.0,21,,,70.0,81,0.0,19,37.0,40,18.0,31,0.0,19,0.0,19,0.0,19,0.0,19,,,0.0,19,0.0,19,85.0,64,0.0,19,0.0,19,0.0,19,0.0,19,0.0,19,0.0,19,3.0,7,0.0,19
"Sublette County, Wyoming",27.0,35,,,0.0,18,0.0,18,0.0,18,0.0,18,0.0,18,0.0,18,0.0,18,0.0,18,,,0.0,18,0.0,18,19.0,28,0.0,18,0.0,18,0.0,18,0.0,18,0.0,18,8.0,19,0.0,18,0.0,18
"Suffolk County, Massachusetts",83178.0,994,,,35512.0,1707,7.0,13,2451.0,454,5309.0,685,12.0,23,0.0,32,914.0,243,0.0,32,,,383.0,206,1379.0,428,3831.0,707,360.0,169,117.0,66,121.0,63,0.0,32,42.0,49,713.0,286,12506.0,1248,0.0,32
"Suffolk County, New York",81604.0,1309,,,19063.0,1802,12.0,16,2213.0,660,5916.0,855,13.0,19,0.0,31,521.0,195,13.0,20,,,309.0,189,21.0,24,9286.0,1292,457.0,281,192.0,128,199.0,165,0.0,31,156.0,140,561.0,254,1734.0,477,5.0,8
"Suffolk city, Virginia",3141.0,295,,,419.0,272,0.0,31,179.0,105,346.0,184,0.0,31,0.0,31,0.0,31,0.0,31,,,0.0,31,9.0,15,961.0,232,4.0,8,0.0,31,0.0,31,0.0,31,6.0,12,125.0,104,342.0,236,0.0,31
"Sullivan County, Indiana",175.0,116,,,52.0,77,6.0,10,22.0,33,65.0,89,0.0,24,0.0,24,0.0,24,0.0,24,,,0.0,24,0.0,24,15.0,26,0.0,24,6.0,10,0.0,24,0.0,24,0.0,24,0.0,24,0.0,24,0.0,24
"Sullivan County, Missouri",85.0,52,,,0.0,17,0.0,17,29.0,38,0.0,17,0.0,17,0.0,17,0.0,17,0.0,17,,,0.0,17,0.0,17,56.0,45,0.0,17,0.0,17,0.0,17,0.0,17,0.0,17,0.0,17,0.0,17,0.0,17
"Sullivan County, New Hampshire",382.0,149,,,197.0,165,0.0,26,99.0,83,16.0,23,0.0,26,0.0,26,0.0,26,0.0,26,,,0.0,26,4.0,8,37.0,29,0.0,26,0.0,26,2.0,4,0.0,26,0.0,26,0.0,26,10.0,16,0.0,26
"Sullivan County, New York",2141.0,153,,,672.0,186,0.0,31,232.0,137,85.0,62,4.0,6,0.0,31,16.0,14,0.0,31,,,17.0,23,26.0,42,169.0,85,17.0,25,0.0,31,34.0,32,0.0,31,0.0,31,0.0,31,47.0,45,0.0,31
"Sullivan County, Pennsylvania",19.0,22,,,0.0,16,0.0,16,0.0,16,19.0,22,0.0,16,0.0,16,0.0,16,0.0,16,,,0.0,16,0.0,16,0.0,16,0.0,16,0.0,16,0.0,16,0.0,16,0.0,16,0.0,16,0.0,16,0.0,16
"Sullivan County, Tennessee",1783.0,57,,,315.0,168,0.0,32,93.0,57,26.0,27,0.0,32,0.0,32,12.0,32,0.0,32,,,0.0,32,81.0,95,367.0,135,0.0,32,9.0,14,0.0,32,0.0,32,0.0,32,9.0,14,182.0,152,0.0,32
"Sully County, South Dakota",0.0,10,,,0.0,10,0.0,10,0.0,10,0.0,10,0.0,10,0.0,10,0.0,10,0.0,10,,,0.0,10,0.0,10,0.0,10,0.0,10,0.0,10,0.0,10,0.0,10,0.0,10,0.0,10,0.0,10,0.0,10
"Summers County, West Virginia",0.0,20,,,0.0,20,0.0,20,0.0,20,0.0,20,0.0,20,0.0,20,0.0,20,0.0,20,,,0.0,20,0.0,20,0.0,20,0.0,20,0.0,20,0.0,20,0.0,20,0.0,20,0.0,20,0.0,20,0.0,20
"Summit County, Colorado",558.0,238,,,129.0,110,0.0,28,107.0,99,37.0,48,0.0,28,0.0,28,0.0,28,0.0,28,,,0.0,28,0.0,28,0.0,28,0.0,28,0.0,28,0.0,28,0.0,28,0.0,28,81.0,108,16.0,29,0.0,28
"Summit County, Ohio",27179.0,430,,,3828.0,755,141.0,134,794.0,254,1234.0,419,35.0,59,0.0,30,95.0,61,0.0,30,,,1687.0,641,89.0,67,2401.0,515,1.0,3,429.0,255,249.0,317,0.0,30,177.0,267,350.0,211,1306.0,516,0.0,30
"Summit County, Utah",1288.0,180,,,362.0,142,0.0,26,64.0,39,88.0,85,18.0,3,0.0,26,22.0,31,0.0,26,,,0.0,26,0.0,26,461.0,186,38.0,54,0.0,26,38.0,54,0.0,26,0.0,26,38.0,54,29.0,40,0.0,26
"Sumner County, Kansas",204.0,27,,,43.0,39,2.0,7,31.0,30,0.0,21,0.0,21,2.0,3,34.0,35,0.0,21,,,0.0,21,4.0,6,51.0,38,0.0,21,0.0,21,0.0,21,0.0,21,0.0,21,0.0,21,0.0,21,0.0,21
"Sumner County, Tennessee",4666.0,303,,,598.0,274,0.0,32,349.0,190,505.0,241,0.0,32,0.0,32,0.0,32,0.0,32,,,17.0,28,138.0,225,737.0,238,92.0,121,177.0,168,9.0,13,0.0,32,0.0,32,149.0,89,113.0,89,0.0,32
"Sumter County, Alabama",77.0,69,,,60.0,67,0.0,21,8.0,20,0.0,21,0.0,21,0.0,21,0.0,21,0.0,21,,,0.0,21,0.0,21,3.0,6,0.0,21,0.0,21,0.0,21,0.0,21,0.0,21,6.0,10,0.0,21,0.0,21
"Sumter County, Florida",1801.0,73,,,177.0,158,0.0,35,250.0,176,94.0,108,0.0,35,0.0,35,0.0,35,0.0,35,,,84.0,131,42.0,69,691.0,328,0.0,35,0.0,35,0.0,35,0.0,35,0.0,35,42.0,52,294.0,255,0.0,35
"Sumter County, Georgia",426.0,27,,,29.0,38,0.0,27,103.0,138,7.0,17,0.0,27,0.0,27,0.0,27,0.0,27,,,0.0,27,0.0,27,84.0,87,0.0,27,5.0,12,0.0,27,0.0,27,0.0,27,0.0,27,12.0,24,0.0,27
"Sumter County, South Carolina",2230.0,127,,,270.0,156,19.0,34,86.0,106,118.0,108,0.0,33,0.0,33,0.0,33,0.0,33,,,0.0,33,6.0,10,753.0,242,27.0,45,158.0,139,0.0,33,0.0,33,0.0,33,53.0,55,496.0,310,0.0,33
"Sunflower County, Mississippi",106.0,127,,,32.0,42,0.0,26,64.0,84,0.0,26,0.0,26,0.0,26,0.0,26,0.0,26,,,0.0,26,0.0,26,10.0,13,0.0,26,0.0,26,0.0,26,0.0,26,0.0,26,0.0,26,0.0,26,0.0,26
"Surry County, North Carolina",817.0,189,,,90.0,81,125.0,118,57.0,64,32.0,34,0.0,32,0.0,32,0.0,32,0.0,32,,,0.0,32,2.0,4,51.0,49,0.0,32,9.0,15,0.0,32,0.0,32,0.0,32,136.0,120,191.0,109,0.0,32
"Surry County, Virginia",11.0,15,,,8.0,14,0.0,19,1.0,4,2.0,4,0.0,19,0.0,19,0.0,19,0.0,19,,,0.0,19,0.0,19,0.0,19,0.0,19,0.0,19,0.0,19,0.0,19,0.0,19,0.0,19,0.0,19,0.0,19
"Susquehanna County, Pennsylvania",303.0,44,,,78.0,45,0.0,24,21.0,19,57.0,27,0.0,24,0.0,24,0.0,24,0.0,24,,,0.0,24,4.0,8,88.0,41,0.0,24,0.0,24,0.0,24,0.0,24,0.0,24,3.0,4,39.0,40,0.0,24
"Sussex County, Delaware",4750.0,324,,,516.0,178,0.0,30,256.0,143,398.0,227,0.0,30,0.0,30,38.0,48,0.0,30,,,11.0,14,14.0,26,1071.0,289,9.0,16,97.0,83,0.0,30,0.0,30,0.0,30,93.0,74,646.0,342,0.0,30
"Sussex County, New Jersey",4325.0,266,,,558.0,164,0.0,32,194.0,115,435.0,215,5.0,9,19.0,36,50.0,42,0.0,32,,,137.0,146,0.0,32,926.0,236,23.0,48,0.0,32,8.0,13,0.0,32,0.0,32,49.0,39,236.0,135,0.0,32
"Sussex County, Virginia",81.0,56,,,0.0,21,0.0,21,1.0,3,1.0,3,0.0,21,0.0,21,0.0,21,0.0,21,,,0.0,21,0.0,21,22.0,20,0.0,21,0.0,21,0.0,21,0.0,21,0.0,21,0.0,21,15.0,37,0.0,21
"Sutter County, California",21053.0,767,,,352.0,190,810.0,532,934.0,532,239.0,173,22.0,47,0.0,32,27.0,45,0.0,32,,,40.0,59,82.0,112,1695.0,631,8.0,13,30.0,46,0.0,32,33.0,42,0.0,32,94.0,81,413.0,255,0.0,32
"Sutton County, Texas",0.0,15,,,0.0,15,0.0,15,0.0,15,0.0,15,0.0,15,0.0,15,0.0,15,0.0,15,,,0.0,15,0.0,15,0.0,15,0.0,15,0.0,15,0.0,15,0.0,15,0.0,15,0.0,15,0.0,15,0.0,15
"Suwannee County, Florida",517.0,178,,,138.0,98,0.0,31,0.0,31,4.0,7,0.0,31,0.0,31,0.0,31,0.0,31,,,0.0,31,0.0,31,82.0,80,0.0,31,0.0,31,0.0,31,0.0,31,0.0,31,0.0,31,11.0,19,0.0,31
"Swain County, North Carolina",435.0,430,,,136.0,147,0.0,21,0.0,21,15.0,24,0.0,21,0.0,21,0.0,21,0.0,21,,,0.0,21,0.0,21,120.0,134,56.0,70,0.0,21,0.0,21,0.0,21,0.0,21,0.0,21,101.0,137,0.0,21
"Sweet Grass County, Montana",2.0,2,,,0.0,11,0.0,11,0.0,11,0.0,11,0.0,11,0.0,11,0.0,11,0.0,11,,,0.0,11,0.0,11,2.0,2,0.0,11,0.0,11,0.0,11,0.0,11,0.0,11,0.0,11,0.0,11,0.0,11
"Sweetwater County, Wyoming",598.0,200,,,14.0,17,0.0,27,54.0,51,72.0,72,0.0,27,0.0,27,0.0,27,0.0,27,,,0.0,27,0.0,27,212.0,178,0.0,27,0.0,27,5.0,7,0.0,27,0.0,27,17.0,28,170.0,135,0.0,27
"Swift County, Minnesota",9.0,14,,,0.0,13,0.0,13,0.0,13,0.0,13,0.0,13,0.0,13,0.0,13,0.0,13,,,0.0,13,0.0,13,7.0,12,0.0,13,0.0,13,0.0,13,0.0,13,0.0,13,0.0,13,2.0,5,0.0,13
"Swisher County, Texas",69.0,92,,,3.0,5,0.0,21,0.0,21,0.0,21,0.0,21,0.0,21,0.0,21,0.0,21,,,0.0,21,0.0,21,39.0,63,0.0,21,0.0,21,0.0,21,0.0,21,0.0,21,0.0,21,0.0,21,0.0,21
"Switzerland County, Indiana",131.0,74,,,40.0,44,0.0,18,3.0,6,0.0,18,0.0,18,0.0,18,0.0,18,0.0,18,,,0.0,18,0.0,18,72.0,85,0.0,18,0.0,18,0.0,18,0.0,18,0.0,18,0.0,18,16.0,28,0.0,18
"Talbot County, Georgia",8.0,14,,,0.0,20,0.0,20,0.0,20,0.0,20,0.0,20,0.0,20,0.0,20,0.0,20,,,0.0,20,0.0,20,8.0,14,0.0,20,0.0,20,0.0,20,0.0,20,0.0,20,0.0,20,0.0,20,0.0,20
"Talbot County, Maryland",707.0,60,,,17.0,22,0.0,29,8.0,13,8.0,14,0.0,29,0.0,29,0.0,29,0.0,29,,,5.0,11,0.0,29,193.0,90,1.0,3,0.0,29,0.0,29,0.0,29,0.0,29,24.0,36,39.0,50,0.0,29
"Taliaferro County, Georgia",18.0,29,,,0.0,14,0.0,14,17.0,29,1.0,3,0.0,14,0.0,14,0.0,14,0.0,14,,,0.0,14,0.0,14,0.0,14,0.0,14,0.0,14,0.0,14,0.0,14,0.0,14,0.0,14,0.0,14,0.0,14
"Talladega County, Alabama",727.0,68,,,11.0,19,0.0,31,81.0,76,178.0,101,0.0,31,0.0,31,0.0,31,0.0,31,,,0.0,31,58.0,90,146.0,134,0.0,31,0.0,31,0.0,31,0.0,31,14.0,32,24.0,31,86.0,105,0.0,31
"Tallahatchie County, Mississippi",31.0,38,,,0.0,22,0.0,22,0.0,22,0.0,22,0.0,22,0.0,22,0.0,22,0.0,22,,,0.0,22,0.0,22,0.0,22,0.0,22,0.0,22,0.0,22,0.0,22,0.0,22,0.0,22,3.0,7,0.0,22
"Tallapoosa County, Alabama",270.0,28,,,48.0,60,0.0,28,0.0,28,138.0,83,0.0,28,0.0,28,0.0,28,0.0,28,,,0.0,28,0.0,28,84.0,78,0.0,28,0.0,28,0.0,28,0.0,28,0.0,28,0.0,28,0.0,28,0.0,28
"Tama County, Iowa",151.0,8,,,64.0,43,0.0,16,7.0,11,7.0,7,0.0,16,0.0,16,0.0,16,0.0,16,,,0.0,16,0.0,16,51.0,33,11.0,14,3.0,4,0.0,16,0.0,16,0.0,16,0.0,16,0.0,16,0.0,16
"Taney County, Missouri",895.0,98,,,108.0,59,0.0,28,9.0,17,50.0,64,0.0,28,0.0,28,0.0,28,0.0,28,,,47.0,69,0.0,28,203.0,136,0.0,28,0.0,28,0.0,28,0.0,28,0.0,28,208.0,170,13.0,22,0.0,28
"Tangipahoa Parish, Louisiana",1447.0,167,,,161.0,132,0.0,33,35.0,54,10.0,16,0.0,33,7.0,12,15.0,25,0.0,33,,,469.0,325,0.0,33,384.0,235,0.0,33,0.0,33,0.0,33,0.0,33,0.0,33,15.0,22,284.0,194,0.0,33
"Taos County, New Mexico",367.0,40,,,0.0,28,0.0,28,114.0,71,10.0,20,0.0,28,0.0,28,6.0,10,0.0,28,,,0.0,28,0.0,28,102.0,78,0.0,28,0.0,28,0.0,28,0.0,28,0.0,28,0.0,28,96.0,96,0.0,28
"Tarrant County, Texas",154960.0,2162,,,15319.0,1564,560.0,405,5222.0,1022,8063.0,1304,52.0,64,12.0,17,1208.0,357,0.0,35,,,1953.0,700,1119.0,377,17500.0,2221,967.0,483,6047.0,1458,630.0,360,0.0,35,0.0,35,2464.0,498,38477.0,2276,38.0,56
"Tate County, Mississippi",23.0,18,,,17.0,17,0.0,26,0.0,26,1.0,2,0.0,26,0.0,26,0.0,26,0.0,26,,,0.0,26,0.0,26,5.0,7,0.0,26,0.0,26,0.0,26,0.0,26,0.0,26,0.0,26,0.0,26,0.0,26
"Tattnall County, Georgia",441.0,303,,,190.0,151,0.0,27,0.0,27,7.0,12,0.0,27,0.0,27,0.0,27,0.0,27,,,0.0,27,0.0,27,158.0,142,0.0,27,0.0,27,0.0,27,0.0,27,0.0,27,0.0,27,0.0,27,0.0,27
"Taylor County, Florida",154.0,99,,,0.0,28,0.0,28,6.0,9,79.0,114,0.0,28,0.0,28,0.0,28,0.0,28,,,0.0,28,0.0,28,18.0,20,0.0,28,0.0,28,0.0,28,0.0,28,0.0,28,0.0,28,0.0,28,0.0,28
"Taylor County, Georgia",54.0,75,,,0.0,20,0.0,20,28.0,47,26.0,65,0.0,20,0.0,20,0.0,20,0.0,20,,,0.0,20,0.0,20,0.0,20,0.0,20,0.0,20,0.0,20,0.0,20,0.0,20,0.0,20,0.0,20,0.0,20
"Taylor County, Iowa",12.0,9,,,0.0,15,0.0,15,0.0,15,0.0,15,0.0,15,0.0,15,0.0,15,0.0,15,,,0.0,15,0.0,15,0.0,15,0.0,15,0.0,15,0.0,15,0.0,15,0.0,15,3.0,6,0.0,15,0.0,15
"Taylor County, Kentucky",251.0,24,,,36.0,35,0.0,24,8.0,15,14.0,20,0.0,24,0.0,24,0.0,24,0.0,24,,,0.0,24,14.0,32,28.0,43,0.0,24,0.0,24,0.0,24,0.0,24,0.0,24,98.0,68,0.0,24,0.0,24
"Taylor County, Texas",4152.0,152,,,289.0,213,0.0,35,239.0,124,386.0,179,0.0,35,0.0,35,107.0,135,0.0,35,,,47.0,53,113.0,125,1435.0,334,0.0,35,6.0,10,0.0,35,0.0,35,0.0,35,47.0,48,725.0,353,0.0,35
"Taylor County, West Virginia",67.0,64,,,16.0,24,0.0,20,0.0,20,0.0,20,0.0,20,0.0,20,0.0,20,0.0,20,,,0.0,20,0.0,20,44.0,64,0.0,20,0.0,20,0.0,20,0.0,20,0.0,20,0.0,20,0.0,20,0.0,20
"Taylor County, Wisconsin",132.0,16,,,0.0,16,0.0,16,51.0,50,41.0,31,0.0,16,0.0,16,0.0,16,0.0,16,,,0.0,16,0.0,16,32.0,26,0.0,16,0.0,16,0.0,16,0.0,16,0.0,16,5.0,6,0.0,16,0.0,16
"Tazewell County, Illinois",1797.0,8,,,519.0,276,0.0,29,184.0,166,249.0,117,0.0,29,0.0,29,0.0,29,0.0,29,,,38.0,70,1.0,2,352.0,166,0.0,29,0.0,29,22.0,28,0.0,29,0.0,29,11.0,19,85.0,57,0.0,29
"Tazewell County, Virginia",386.0,2,,,0.0,28,0.0,28,1.0,2,26.0,52,0.0,28,0.0,28,0.0,28,0.0,28,,,0.0,28,0.0,28,175.0,134,0.0,28,0.0,28,0.0,28,0.0,28,0.0,28,0.0,28,0.0,28,0.0,28
"Tehama County, California",1775.0,238,,,202.0,150,270.0,180,96.0,66,47.0,46,0.0,32,0.0,32,0.0,32,0.0,32,,,0.0,32,3.0,9,446.0,194,2.0,3,429.0,245,0.0,32,0.0,32,0.0,32,0.0,32,126.0,149,0.0,32
"Telfair County, Georgia",19.0,20,,,0.0,23,0.0,23,0.0,23,10.0,15,0.0,23,0.0,23,0.0,23,0.0,23,,,0.0,23,0.0,23,0.0,23,0.0,23,0.0,23,0.0,23,0.0,23,0.0,23,0.0,23,0.0,23,0.0,23
"Teller County, Colorado",456.0,52,,,46.0,58,0.0,25,20.0,37,90.0,104,0.0,25,0.0,25,0.0,25,0.0,25,,,0.0,25,0.0,25,31.0,43,103.0,102,0.0,25,0.0,25,0.0,25,0.0,25,109.0,99,25.0,44,0.0,25
"Tensas Parish, Louisiana",26.0,40,,,0.0,14,0.0,14,0.0,14,0.0,14,0.0,14,0.0,14,0.0,14,0.0,14,,,0.0,14,0.0,14,0.0,14,0.0,14,0.0,14,0.0,14,0.0,14,0.0,14,0.0,14,0.0,14,0.0,14
"Terrebonne Parish, Louisiana",1786.0,325,,,222.0,207,0.0,33,89.0,78,235.0,255,0.0,33,0.0,33,0.0,33,0.0,33,,,0.0,33,0.0,33,328.0,243,9.0,19,0.0,33,0.0,33,0.0,33,0.0,33,78.0,120,402.0,202,0.0,33
"Terrell County, Georgia",108.0,130,,,0.0,20,0.0,20,93.0,128,0.0,20,0.0,20,0.0,20,0.0,20,0.0,20,,,0.0,20,0.0,20,0.0,20,0.0,20,0.0,20,0.0,20,0.0,20,0.0,20,0.0,20,15.0,23,0.0,20
"Terrell County, Texas",0.0,15,,,0.0,15,0.0,15,0.0,15,0.0,15,0.0,15,0.0,15,0.0,15,0.0,15,,,0.0,15,0.0,15,0.0,15,0.0,15,0.0,15,0.0,15,0.0,15,0.0,15,0.0,15,0.0,15,0.0,15
"Terry County, Texas",39.0,28,,,0.0,23,0.0,23,5.0,9,0.0,23,0.0,23,0.0,23,0.0,23,0.0,23,,,0.0,23,0.0,23,28.0,24,0.0,23,0.0,23,0.0,23,0.0,23,0.0,23,0.0,23,6.0,14,0.0,23
"Teton County, Idaho",128.0,118,,,6.0,4,0.0,19,122.0,119,0.0,19,0.0,19,0.0,19,0.0,19,0.0,19,,,0.0,19,0.0,19,0.0,19,0.0,19,0.0,19,0.0,19,0.0,19,0.0,19,0.0,19,0.0,19,0.0,19
"Teton County, Montana",54.0,42,,,10.0,12,0.0,15,0.0,15,0.0,15,0.0,15,0.0,15,0.0,15,0.0,15,,,0.0,15,4.0,7,33.0,40,0.0,15,0.0,15,0.0,15,0.0,15,0.0,15,0.0,15,0.0,15,0.0,15
"Teton County, Wyoming",474.0,138,,,99.0,87,0.0,24,29.0,46,25.0,39,0.0,24,0.0,24,24.0,29,0.0,24,,,0.0,24,0.0,24,78.0,91,0.0,24,0.0,24,24.0,42,0.0,24,0.0,24,78.0,118,25.0,44,0.0,24
"Texas County, Missouri",207.0,76,,,0.0,22,0.0,22,97.0,88,1.0,5,0.0,22,0.0,22,0.0,22,0.0,22,,,0.0,22,0.0,22,100.0,30,0.0,22,0.0,22,0.0,22,0.0,22,0.0,22,0.0,22,5.0,11,0.0,22
"Texas County, Oklahoma",615.0,19,,,8.0,13,0.0,19,8.0,13,0.0,19,0.0,19,0.0,19,0.0,19,0.0,19,,,0.0,19,0.0,19,358.0,211,0.0,19,0.0,19,0.0,19,0.0,19,0.0,19,0.0,19,241.0,209,0.0,19
"Thayer County, Nebraska",5.0,6,,,0.0,10,0.0,10,4.0,6,0.0,10,0.0,10,0.0,10,0.0,10,0.0,10,,,1.0,3,0.0,10,0.0,10,0.0,10,0.0,10,0.0,10,0.0,10,0.0,10,0.0,10,0.0,10,0.0,10
"Thomas County, Georgia",518.0,22,,,96.0,103,0.0,30,100.0,92,82.0,96,0.0,30,0.0,30,0.0,30,0.0,30,,,0.0,30,0.0,30,43.0,53,0.0,30,0.0,30,0.0,30,0.0,30,0.0,30,12.0,22,18.0,29,0.0,30
"Thomas County, Kansas",21.0,28,,,0.0,16,0.0,16,0.0,16,0.0,16,0.0,16,0.0,16,0.0,16,0.0,16,,,0.0,16,0.0,16,19.0,27,0.0,16,0.0,16,0.0,16,0.0,16,0.0,16,0.0,16,0.0,16,0.0,16
"Thomas County, Nebraska",0.0,10,,,0.0,10,0.0,10,0.0,10,0.0,10,0.0,10,0.0,10,0.0,10,0.0,10,,,0.0,10,0.0,10,0.0,10,0.0,10,0.0,10,0.0,10,0.0,10,0.0,10,0.0,10,0.0,10,0.0,10
"Throckmorton County, Texas",8.0,9,,,0.0,15,0.0,15,0.0,15,0.0,15,0.0,15,0.0,15,0.0,15,0.0,15,,,0.0,15,0.0,15,8.0,9,0.0,15,0.0,15,0.0,15,0.0,15,0.0,15,0.0,15,0.0,15,0.0,15
"Thurston County, Nebraska",111.0,44,,,0.0,15,0.0,15,4.0,6,0.0,15,0.0,15,0.0,15,0.0,15,0.0,15,,,34.0,31,0.0,15,35.0,36,0.0,15,0.0,15,0.0,15,0.0,15,0.0,15,0.0,15,17.0,21,0.0,15
"Thurston County, Washington",28790.0,686,,,3049.0,510,26.0,31,3768.0,692,4554.0,775,0.0,31,55.0,84,222.0,150,0.0,31,,,241.0,208,1461.0,613,7578.0,1039,37.0,48,194.0,178,86.0,134,0.0,31,195.0,251,670.0,325,4327.0,807,0.0,31
"Tift County, Georgia",651.0,30,,,76.0,91,0.0,30,0.0,30,28.0,38,0.0,30,0.0,30,0.0,30,0.0,30,,,0.0,30,0.0,30,81.0,96,35.0,47,0.0,30,0.0,30,0.0,30,0.0,30,0.0,30,246.0,150,0.0,30
"Tillamook County, Oregon",449.0,32,,,18.0,18,0.0,25,174.0,99,9.0,14,0.0,25,0.0,25,8.0,11,0.0,25,,,0.0,25,0.0,25,57.0,45,19.0,26,0.0,25,15.0,22,0.0,25,0.0,25,111.0,61,0.0,25,0.0,25
"Tillman County, Oklahoma",62.0,48,,,0.0,15,0.0,15,0.0,15,1.0,3,0.0,15,0.0,15,0.0,15,0.0,15,,,0.0,15,0.0,15,1.0,2,0.0,15,0.0,15,0.0,15,0.0,15,0.0,15,36.0,40,0.0,15,0.0,15
"Tioga County, New York",585.0,23,,,206.0,118,0.0,28,43.0,52,20.0,33,0.0,28,0.0,28,0.0,28,0.0,28,,,38.0,43,0.0,28,115.0,92,0.0,28,0.0,28,0.0,28,0.0,28,0.0,28,0.0,28,63.0,88,0.0,28
"Tioga County, Pennsylvania",296.0,24,,,59.0,31,0.0,24,16.0,20,57.0,45,0.0,24,0.0,24,0.0,24,0.0,24,,,0.0,24,17.0,23,91.0,33,0.0,24,0.0,24,0.0,24,0.0,24,0.0,24,0.0,24,15.0,17,0.0,24
"Tippah County, Mississippi",154.0,99,,,37.0,39,0.0,26,0.0,26,0.0,26,0.0,26,0.0,26,0.0,26,0.0,26,,,0.0,26,0.0,26,47.0,69,0.0,26,0.0,26,5.0,7,0.0,26,0.0,26,0.0,26,0.0,26,0.0,26
"Tippecanoe County, Indiana",17265.0,193,,,4932.0,538,0.0,30,1151.0,393,1469.0,319,0.0,30,3.0,5,366.0,174,0.0,30,,,0.0,30,101.0,108,1443.0,427,282.0,153,67.0,69,60.0,58,0.0,30,16.0,28,390.0,226,874.0,387,0.0,30
"Tipton County, Indiana",49.0,44,,,0.0,20,0.0,20,0.0,20,0.0,20,0.0,20,0.0,20,0.0,20,0.0,20,,,0.0,20,0.0,20,17.0,23,0.0,20,0.0,20,0.0,20,0.0,20,0.0,20,0.0,20,0.0,20,0.0,20
"Tipton County, Tennessee",745.0,56,,,0.0,32,0.0,32,134.0,119,7.0,12,0.0,32,0.0,32,0.0,32,0.0,32,,,0.0,32,19.0,35,413.0,167,0.0,32,0.0,32,0.0,32,0.0,32,0.0,32,0.0,32,76.0,100,0.0,32
"Tishomingo County, Mississippi",64.0,22,,,2.0,4,0.0,22,5.0,9,0.0,22,0.0,22,0.0,22,0.0,22,0.0,22,,,0.0,22,0.0,22,1.0,2,0.0,22,0.0,22,0.0,22,0.0,22,0.0,22,6.0,11,0.0,22,0.0,22
"Titus County, Texas",456.0,81,,,0.0,31,0.0,31,0.0,31,38.0,69,0.0,31,0.0,31,0.0,31,0.0,31,,,0.0,31,0.0,31,50.0,80,0.0,31,0.0,31,0.0,31,0.0,31,0.0,31,0.0,31,274.0,169,0.0,31
"Toa Alta Municipio, Puerto Rico",170.0,136,,,0.0,35,0.0,35,0.0,35,40.0,64,0.0,35,0.0,35,0.0,35,0.0,35,,,0.0,35,0.0,35,31.0,47,0.0,35,0.0,35,0.0,35,0.0,35,0.0,35,0.0,35,0.0,35,0.0,35
"Toa Baja Municipio, Puerto Rico",161.0,102,,,10.0,17,0.0,35,0.0,35,0.0,35,0.0,35,0.0,35,0.0,35,0.0,35,,,0.0,35,0.0,35,6.0,10,0.0,35,0.0,35,0.0,35,0.0,35,0.0,35,0.0,35,0.0,35,0.0,35
"Todd County, Kentucky",27.0,37,,,3.0,6,0.0,20,0.0,20,9.0,17,0.0,20,0.0,20,0.0,20,0.0,20,,,0.0,20,0.0,20,15.0,30,0.0,20,0.0,20,0.0,20,0.0,20,0.0,20,0.0,20,0.0,20,0.0,20
"Todd County, Minnesota",165.0,2,,,34.0,38,0.0,17,16.0,13,18.0,13,0.0,17,0.0,17,0.0,17,0.0,17,,,0.0,17,4.0,4,17.0,14,0.0,17,3.0,8,0.0,17,0.0,17,0.0,17,4.0,6,6.0,7,0.0,17
"Todd County, South Dakota",463.0,101,,,39.0,60,0.0,15,11.0,23,0.0,15,0.0,15,0.0,15,0.0,15,0.0,15,,,1.0,7,95.0,136,317.0,60,0.0,15,0.0,15,0.0,15,0.0,15,0.0,15,0.0,15,0.0,15,0.0,15
"Tom Green County, Texas",3084.0,424,,,406.0,276,0.0,35,146.0,125,291.0,195,0.0,35,0.0,35,0.0,35,0.0,35,,,0.0,35,4.0,8,795.0,285,0.0,35,155.0,191,0.0,35,0.0,35,0.0,35,34.0,57,286.0,183,0.0,35
"Tompkins County, New York",12553.0,318,,,4820.0,580,0.0,31,796.0,271,999.0,319,0.0,31,0.0,31,152.0,109,0.0,31,,,195.0,194,290.0,230,243.0,119,52.0,76,42.0,63,10.0,16,0.0,31,0.0,31,58.0,72,129.0,79,26.0,35
"Tooele County, Utah",1515.0,239,,,356.0,177,0.0,29,181.0,161,225.0,146,0.0,29,0.0,29,9.0,18,0.0,29,,,0.0,29,0.0,29,406.0,200,0.0,29,86.0,91,0.0,29,0.0,29,0.0,29,0.0,29,96.0,83,0.0,29
"Toole County, Montana",84.0,28,,,17.0,18,0.0,15,16.0,26,0.0,15,0.0,15,0.0,15,0.0,15,0.0,15,,,0.0,15,0.0,15,25.0,20,0.0,15,0.0,15,0.0,15,0.0,15,0.0,15,0.0,15,0.0,15,0.0,15
"Toombs County, Georgia",250.0,3,,,181.0,70,0.0,27,0.0,27,4.0,7,0.0,27,0.0,27,0.0,27,0.0,27,,,0.0,27,0.0,27,53.0,63,0.0,27,0.0,27,0.0,27,0.0,27,0.0,27,0.0,27,0.0,27,0.0,27
"Torrance County, New Mexico",92.0,132,,,92.0,132,0.0,21,0.0,21,0.0,21,0.0,21,0.0,21,0.0,21,0.0,21,,,0.0,21,0.0,21,0.0,21,0.0,21,0.0,21,0.0,21,0.0,21,0.0,21,0.0,21,0.0,21,0.0,21
"Towner County, North Dakota",6.0,9,,,0.0,10,0.0,10,0.0,10,0.0,10,0.0,10,0.0,10,0.0,10,0.0,10,,,0.0,10,0.0,10,6.0,9,0.0,10,0.0,10,0.0,10,0.0,10,0.0,10,0.0,10,0.0,10,0.0,10
"Towns County, Georgia",52.0,66,,,21.0,31,0.0,23,0.0,23,0.0,23,0.0,23,0.0,23,0.0,23,0.0,23,,,0.0,23,0.0,23,25.0,35,0.0,23,0.0,23,0.0,23,0.0,23,0.0,23,0.0,23,1.0,4,0.0,23
"Traill County, North Dakota",72.0,15,,,3.0,5,0.0,15,0.0,15,33.0,24,0.0,15,0.0,15,0.0,15,0.0,15,,,0.0,15,0.0,15,13.0,14,3.0,5,0.0,15,0.0,15,0.0,15,0.0,15,0.0,15,0.0,15,0.0,15
"Transylvania County, North Carolina",288.0,29,,,127.0,97,0.0,29,45.0,60,34.0,46,0.0,29,0.0,29,0.0,29,0.0,29,,,0.0,29,14.0,24,37.0,55,0.0,29,0.0,29,0.0,29,0.0,29,0.0,29,0.0,29,8.0,17,0.0,29
"Traverse County, Minnesota",33.0,3,,,2.0,3,0.0,9,19.0,13,0.0,9,0.0,9,0.0,9,0.0,9,0.0,9,,,0.0,9,0.0,9,10.0,9,0.0,9,0.0,9,0.0,9,0.0,9,0.0,9,0.0,9,2.0,7,0.0,9
"Travis County, Texas",127548.0,2079,,,23773.0,1952,386.0,318,6329.0,1340,9656.0,1089,89.0,79,22.0,32,2807.0,557,0.0,35,,,498.0,307,1145.0,425,10065.0,1371,372.0,184,334.0,234,297.0,201,0.0,35,103.0,82,1974.0,538,17682.0,1812,0.0,35
"Treasure County, Montana",21.0,27,,,0.0,11,0.0,11,0.0,11,0.0,11,0.0,11,0.0,11,0.0,11,0.0,11,,,0.0,11,0.0,11,21.0,27,0.0,11,0.0,11,0.0,11,0.0,11,0.0,11,0.0,11,0.0,11,0.0,11
"Trego County, Kansas",21.0,19,,,9.0,13,0.0,11,0.0,11,0.0,11,0.0,11,0.0,11,0.0,11,0.0,11,,,0.0,11,0.0,11,12.0,17,0.0,11,0.0,11,0.0,11,0.0,11,0.0,11,0.0,11,0.0,11,0.0,11
"Trempealeau County, Wisconsin",255.0,11,,,12.0,8,58.0,48,12.0,9,93.0,67,0.0,21,0.0,21,0.0,21,0.0,21,,,0.0,21,6.0,9,48.0,19,0.0,21,0.0,21,0.0,21,0.0,21,0.0,21,18.0,24,0.0,21,0.0,21
"Treutlen County, Georgia",0.0,20,,,0.0,20,0.0,20,0.0,20,0.0,20,0.0,20,0.0,20,0.0,20,0.0,20,,,0.0,20,0.0,20,0.0,20,0.0,20,0.0,20,0.0,20,0.0,20,0.0,20,0.0,20,0.0,20,0.0,20
"Trigg County, Kentucky",81.0,20,,,0.0,20,0.0,20,0.0,20,0.0,20,0.0,20,0.0,20,0.0,20,0.0,20,,,30.0,35,0.0,20,24.0,33,0.0,20,0.0,20,0.0,20,0.0,20,0.0,20,0.0,20,27.0,34,0.0,20
"Trimble County, Kentucky",113.0,68,,,0.0,18,0.0,18,6.0,13,0.0,18,0.0,18,0.0,18,0.0,18,0.0,18,,,0.0,18,0.0,18,106.0,67,1.0,3,0.0,18,0.0,18,0.0,18,0.0,18,0.0,18,0.0,18,0.0,18
"Trinity County, California",540.0,125,,,39.0,67,305.0,240,78.0,139,0.0,21,0.0,21,0.0,21,0.0,21,0.0,21,,,0.0,21,0.0,21,88.0,141,0.0,21,4.0,9,0.0,21,0.0,21,0.0,21,26.0,61,0.0,21,0.0,21
"Trinity County, Texas",27.0,26,,,13.0,19,0.0,23,0.0,23,0.0,23,0.0,23,0.0,23,0.0,23,0.0,23,,,0.0,23,0.0,23,0.0,23,0.0,23,0.0,23,0.0,23,0.0,23,8.0,13,0.0,23,0.0,23,6.0,11
"Tripp County, South Dakota",56.0,89,,,4.0,7,0.0,15,0.0,15,0.0,15,0.0,15,0.0,15,0.0,15,0.0,15,,,0.0,15,0.0,15,48.0,88,0.0,15,0.0,15,0.0,15,0.0,15,0.0,15,4.0,7,0.0,15,0.0,15
"Troup County, Georgia",1882.0,64,,,154.0,114,0.0,34,29.0,37,578.0,264,0.0,34,0.0,34,0.0,34,0.0,34,,,0.0,34,0.0,34,194.0,139,0.0,34,0.0,34,0.0,34,0.0,34,0.0,34,25.0,44,75.0,83,0.0,34
"Trousdale County, Tennessee",19.0,31,,,0.0,21,0.0,21,0.0,21,9.0,21,0.0,21,0.0,21,0.0,21,0.0,21,,,0.0,21,0.0,21,0.0,21,0.0,21,10.0,22,0.0,21,0.0,21,0.0,21,0.0,21,0.0,21,0.0,21
"Trujillo Alto Municipio, Puerto Rico",244.0,283,,,0.0,35,0.0,35,0.0,35,60.0,98,0.0,35,0.0,35,0.0,35,0.0,35,,,0.0,35,0.0,35,156.0,261,0.0,35,0.0,35,0.0,35,0.0,35,0.0,35,0.0,35,0.0,35,0.0,35
"Trumbull County, Ohio",1974.0,177,,,250.0,157,0.0,30,228.0,181,253.0,152,7.0,14,0.0,30,0.0,30,0.0,30,,,0.0,30,0.0,30,537.0,223,0.0,30,0.0,30,0.0,30,0.0,30,0.0,30,49.0,51,156.0,134,0.0,30
"Tucker County, West Virginia",19.0,16,,,0.0,18,0.0,18,0.0,18,0.0,18,0.0,18,0.0,18,0.0,18,0.0,18,,,0.0,18,0.0,18,15.0,14,0.0,18,0.0,18,0.0,18,0.0,18,0.0,18,0.0,18,1.0,2,0.0,18
"Tulare County, California",22705.0,900,,,2257.0,569,1643.0,728,1519.0,450,1086.0,477,60.0,96,0.0,32,11.0,17,0.0,32,,,0.0,32,203.0,198,7990.0,1242,201.0,251,1833.0,708,0.0,32,762.0,420,0.0,32,201.0,161,874.0,449,0.0,32
"Tulsa County, Oklahoma",31801.0,600,,,3068.0,485,3764.0,594,1587.0,302,1712.0,317,0.0,24,48.0,81,96.0,55,0.0,24,,,4910.0,763,65.0,48,3041.0,482,205.0,120,234.0,142,64.0,49,10.0,16,11.0,16,311.0,142,4639.0,727,0.0,24
"Tunica County, Mississippi",0.0,20,,,0.0,20,0.0,20,0.0,20,0.0,20,0.0,20,0.0,20,0.0,20,0.0,20,,,0.0,20,0.0,20,0.0,20,0.0,20,0.0,20,0.0,20,0.0,20,0.0,20,0.0,20,0.0,20,0.0,20
"Tuolumne County, California",1610.0,223,,,234.0,99,82.0,136,449.0,154,118.0,142,0.0,32,0.0,32,9.0,16,0.0,32,,,0.0,32,7.0,12,518.0,260,16.0,37,0.0,32,0.0,32,6.0,12,0.0,32,4.0,21,61.0,47,0.0,32
"Turner County, Georgia",0.0,20,,,0.0,20,0.0,20,0.0,20,0.0,20,0.0,20,0.0,20,0.0,20,0.0,20,,,0.0,20,0.0,20,0.0,20,0.0,20,0.0,20,0.0,20,0.0,20,0.0,20,0.0,20,0.0,20,0.0,20
"Turner County, South Dakota",47.0,11,,,4.0,11,0.0,15,8.0,11,1.0,4,0.0,15,0.0,15,0.0,15,0.0,15,,,0.0,15,0.0,15,9.0,12,0.0,15,0.0,15,0.0,15,0.0,15,0.0,15,0.0,15,25.0,17,0.0,15
"Tuscaloosa County, Alabama",5264.0,332,,,1538.0,378,0.0,31,537.0,213,346.0,193,0.0,31,0.0,31,0.0,31,0.0,31,,,9.0,14,37.0,55,363.0,163,0.0,31,5.0,7,28.0,52,0.0,31,0.0,31,28.0,28,709.0,283,0.0,31
"Tuscarawas County, Ohio",567.0,62,,,75.0,58,0.0,30,0.0,30,55.0,61,0.0,30,0.0,30,0.0,30,0.0,30,,,0.0,30,0.0,30,152.0,67,0.0,30,0.0,30,0.0,30,0.0,30,0.0,30,0.0,30,84.0,95,0.0,30
"Tuscola County, Michigan",402.0,84,,,110.0,82,2.0,5,2.0,3,83.0,58,0.0,26,0.0,26,0.0,26,0.0,26,,,0.0,26,0.0,26,150.0,52,0.0,26,5.0,8,0.0,26,0.0,26,0.0,26,3.0,7,17.0,14,0.0,26
"Twiggs County, Georgia",63.0,79,,,43.0,74,0.0,20,0.0,20,13.0,20,0.0,20,0.0,20,0.0,20,0.0,20,,,0.0,20,0.0,20,0.0,20,0.0,20,0.0,20,0.0,20,0.0,20,0.0,20,0.0,20,0.0,20,0.0,20
"Twin Falls County, Idaho",2466.0,307,,,77.0,83,0.0,29,456.0,198,169.0,103,19.0,34,0.0,29,0.0,29,0.0,29,,,153.0,177,0.0,29,216.0,145,25.0,40,36.0,86,0.0,29,0.0,29,0.0,29,15.0,23,90.0,95,0.0,29
"Tyler County, Texas",198.0,68,,,5.0,10,0.0,28,31.0,48,10.0,14,0.0,28,0.0,28,0.0,28,0.0,28,,,0.0,28,0.0,28,34.0,48,0.0,28,0.0,28,0.0,28,0.0,28,0.0,28,0.0,28,107.0,47,0.0,28
"Tyler County, West Virginia",0.0,18,,,0.0,18,0.0,18,0.0,18,0.0,18,0.0,18,0.0,18,0.0,18,0.0,18,,,0.0,18,0.0,18,0.0,18,0.0,18,0.0,18,0.0,18,0.0,18,0.0,18,0.0,18,0.0,18,0.0,18
"Tyrrell County, North Carolina",33.0,52,,,0.0,14,0.0,14,0.0,14,0.0,14,0.0,14,0.0,14,0.0,14,0.0,14,,,0.0,14,0.0,14,33.0,52,0.0,14,0.0,14,0.0,14,0.0,14,0.0,14,0.0,14,0.0,14,0.0,14
"Uinta County, Wyoming",191.0,40,,,76.0,74,0.0,24,59.0,71,0.0,24,0.0,24,0.0,24,0.0,24,0.0,24,,,0.0,24,0.0,24,56.0,69,0.0,24,0.0,24,0.0,24,0.0,24,0.0,24,0.0,24,0.0,24,0.0,24
"Uintah County, Utah",483.0,57,,,45.0,57,0.0,26,32.0,42,122.0,128,0.0,26,0.0,26,0.0,26,0.0,26,,,0.0,26,0.0,26,97.0,112,0.0,26,0.0,26,0.0,26,0.0,26,0.0,26,0.0,26,6.0,11,0.0,26
"Ulster County, New York",5360.0,223,,,1295.0,311,0.0,31,287.0,137,505.0,219,35.0,41,0.0,31,61.0,51,0.0,31,,,0.0,31,32.0,48,739.0,236,0.0,31,6.0,10,0.0,31,0.0,31,25.0,30,164.0,113,843.0,551,0.0,31
"Umatilla County, Oregon",1292.0,115,,,120.0,95,0.0,31,444.0,137,169.0,156,0.0,31,3.0,5,0.0,31,0.0,31,,,0.0,31,17.0,37,337.0,180,10.0,20,1.0,3,0.0,31,0.0,31,0.0,31,14.0,21,60.0,100,0.0,31
"Unicoi County, Tennessee",59.0,48,,,0.0,21,0.0,21,29.0,35,17.0,29,0.0,21,0.0,21,0.0,21,0.0,21,,,0.0,21,0.0,21,0.0,21,0.0,21,0.0,21,0.0,21,0.0,21,0.0,21,0.0,21,0.0,21,0.0,21
"Union County, Arkansas",340.0,4,,,209.0,85,0.0,27,8.0,15,44.0,49,0.0,27,0.0,27,0.0,27,0.0,27,,,0.0,27,0.0,27,0.0,27,0.0,27,4.0,7,0.0,27,0.0,27,0.0,27,3.0,6,0.0,27,0.0,27
"Union County, Florida",150.0,34,,,6.0,9,0.0,23,4.0,10,18.0,21,0.0,23,0.0,23,0.0,23,0.0,23,,,0.0,23,0.0,23,87.0,60,0.0,23,15.0,25,0.0,23,0.0,23,0.0,23,0.0,23,3.0,7,0.0,23
"Union County, Georgia",211.0,35,,,21.0,33,0.0,27,10.0,13,0.0,27,0.0,27,0.0,27,0.0,27,0.0,27,,,0.0,27,0.0,27,123.0,54,7.0,13,0.0,27,0.0,27,0.0,27,0.0,27,0.0,27,0.0,27,0.0,27
"Union County, Illinois",128.0,19,,,21.0,20,0.0,19,9.0,12,1.0,3,0.0,19,0.0,19,0.0,19,0.0,19,,,0.0,19,0.0,19,53.0,28,0.0,19,0.0,19,0.0,19,0.0,19,0.0,19,0.0,19,14.0,18,0.0,19
"Union County, Indiana",83.0,53,,,37.0,38,0.0,18,0.0,18,16.0,19,0.0,18,0.0,18,0.0,18,0.0,18,,,0.0,18,0.0,18,5.0,10,0.0,18,0.0,18,0.0,18,0.0,18,0.0,18,0.0,18,0.0,18,0.0,18
"Union County, Iowa",67.0,78,,,0.0,16,0.0,16,0.0,16,0.0,16,0.0,16,0.0,16,0.0,16,0.0,16,,,0.0,16,0.0,16,67.0,78,0.0,16,0.0,16,0.0,16,0.0,16,0.0,16,0.0,16,0.0,16,0.0,16
"Union County, Kentucky",92.0,20,,,0.0,20,0.0,20,40.0,46,0.0,20,0.0,20,0.0,20,0.0,20,0.0,20,,,0.0,20,0.0,20,37.0,32,0.0,20,0.0,20,0.0,20,0.0,20,0.0,20,0.0,20,15.0,27,0.0,20
"Union County, Mississippi",80.0,78,,,0.0,26,0.0,26,13.0,19,0.0,26,0.0,26,0.0,26,0.0,26,0.0,26,,,0.0,26,0.0,26,38.0,54,0.0,26,0.0,26,0.0,26,0.0,26,0.0,26,0.0,26,0.0,26,0.0,26
"Union County, New Jersey",38610.0,950,,,9307.0,1102,0.0,32,1495.0,640,2015.0,486,0.0,32,0.0,32,262.0,176,0.0,32,,,165.0,144,393.0,464,9252.0,1000,130.0,111,9.0,14,83.0,87,0.0,32,22.0,38,82.0,76,1076.0,381,0.0,32
"Union County, New Mexico",5.0,9,,,0.0,13,0.0,13,0.0,13,0.0,13,0.0,13,0.0,13,0.0,13,0.0,13,,,0.0,13,0.0,13,0.0,13,0.0,13,0.0,13,0.0,13,0.0,13,0.0,13,0.0,13,5.0,9,0.0,13
"Union County, North Carolina",12640.0,364,,,1395.0,384,325.0,197,453.0,235,781.0,244,49.0,66,0.0,32,73.0,69,0.0,32,,,85.0,108,4.0,7,1580.0,450,28.0,50,134.0,137,0.0,32,0.0,32,13.0,25,88.0,88,535.0,301,0.0,32
"Union County, Ohio",3562.0,208,,,290.0,165,0.0,30,377.0,196,133.0,90,0.0,30,0.0,30,20.0,34,0.0,30,,,0.0,30,0.0,30,68.0,43,0.0,30,61.0,95,8.0,13,0.0,30,0.0,30,26.0,33,17.0,20,0.0,30
"Union County, Oregon",746.0,197,,,298.0,138,0.0,25,51.0,55,49.0,34,0.0,25,0.0,25,0.0,25,0.0,25,,,0.0,25,0.0,25,224.0,103,0.0,25,12.0,21,0.0,25,0.0,25,0.0,25,0.0,25,0.0,25,0.0,25
"Union County, Pennsylvania",949.0,93,,,178.0,132,0.0,24,67.0,144,191.0,92,0.0,24,0.0,24,0.0,24,0.0,24,,,0.0,24,0.0,24,37.0,39,0.0,24,0.0,24,0.0,24,0.0,24,0.0,24,12.0,18,47.0,41,0.0,24
"Union County, South Carolina",93.0,63,,,0.0,26,0.0,26,5.0,8,7.0,10,0.0,26,0.0,26,0.0,26,0.0,26,,,0.0,26,0.0,26,14.0,28,0.0,26,0.0,26,0.0,26,0.0,26,0.0,26,0.0,26,23.0,35,0.0,26
"Union County, South Dakota",318.0,29,,,113.0,133,0.0,16,0.0,16,19.0,24,0.0,16,0.0,16,0.0,16,0.0,16,,,0.0,16,0.0,16,88.0,92,0.0,16,12.0,20,0.0,16,0.0,16,0.0,16,2.0,4,0.0,16,0.0,16
"Union County, Tennessee",41.0,41,,,0.0,25,0.0,25,0.0,25,3.0,8,0.0,25,0.0,25,0.0,25,0.0,25,,,0.0,25,0.0,25,2.0,4,0.0,25,0.0,25,0.0,25,0.0,25,0.0,25,0.0,25,0.0,25,0.0,25
"Union Parish, Louisiana",135.0,117,,,39.0,52,0.0,26,0.0,26,45.0,57,0.0,26,0.0,26,0.0,26,0.0,26,,,0.0,26,0.0,26,46.0,74,0.0,26,0.0,26,0.0,26,0.0,26,0.0,26,0.0,26,5.0,9,0.0,26
"Upshur County, Texas",366.0,31,,,0.0,31,0.0,31,32.0,45,4.0,13,0.0,31,0.0,31,7.0,11,0.0,31,,,96.0,113,0.0,31,178.0,101,0.0,31,0.0,31,0.0,31,0.0,31,0.0,31,0.0,31,15.0,28,0.0,31
"Upshur County, West Virginia",141.0,67,,,0.0,24,0.0,24,56.0,45,0.0,24,0.0,24,0.0,24,0.0,24,0.0,24,,,0.0,24,0.0,24,53.0,61,0.0,24,0.0,24,0.0,24,0.0,24,0.0,24,0.0,24,18.0,25,0.0,24
"Upson County, Georgia",212.0,9,,,18.0,31,0.0,27,87.0,70,28.0,45,0.0,27,0.0,27,0.0,27,0.0,27,,,0.0,27,0.0,27,28.0,35,0.0,27,0.0,27,0.0,27,0.0,27,0.0,27,38.0,50,0.0,27,0.0,27
"Upton County, Texas",53.0,59,,,7.0,15,0.0,15,0.0,15,0.0,15,0.0,15,0.0,15,0.0,15,0.0,15,,,0.0,15,0.0,15,0.0,15,4.0,6,0.0,15,0.0,15,0.0,15,0.0,15,0.0,15,0.0,15,0.0,15
"Utah County, Utah",24981.0,885,,,6724.0,681,261.0,286,5072.0,749,3060.0,516,369.0,285,21.0,32,255.0,130,0.0,29,,,164.0,191,146.0,115,3930.0,733,202.0,107,325.0,149,24.0,34,0.0,29,84.0,90,353.0,169,1207.0,357,0.0,29
"Utuado Municipio, Puerto Rico",86.0,91,,,0.0,28,0.0,28,0.0,28,0.0,28,0.0,28,0.0,28,0.0,28,0.0,28,,,0.0,28,0.0,28,0.0,28,0.0,28,0.0,28,0.0,28,0.0,28,0.0,28,0.0,28,0.0,28,0.0,28
"Uvalde County, Texas",474.0,278,,,15.0,33,0.0,28,17.0,20,16.0,30,0.0,28,0.0,28,0.0,28,0.0,28,,,0.0,28,272.0,310,13.0,24,0.0,28,0.0,28,0.0,28,0.0,28,0.0,28,0.0,28,28.0,61,0.0,28
"Val Verde County, Texas",478.0,74,,,10.0,14,0.0,31,133.0,97,0.0,31,0.0,31,0.0,31,16.0,26,0.0,31,,,0.0,31,0.0,31,223.0,78,9.0,15,0.0,31,0.0,31,0.0,31,0.0,31,10.0,14,21.0,24,0.0,31
"Valencia County, New Mexico",1234.0,232,,,73.0,69,0.0,31,178.0,136,40.0,45,0.0,31,0.0,31,0.0,31,0.0,31,,,0.0,31,0.0,31,363.0,189,0.0,31,0.0,31,0.0,31,0.0,31,0.0,31,0.0,31,126.0,152,0.0,31
"Valley County, Idaho",21.0,26,,,0.0,19,0.0,19,5.0,9,0.0,19,0.0,19,0.0,19,0.0,19,0.0,19,,,0.0,19,0.0,19,16.0,21,0.0,19,0.0,19,0.0,19,0.0,19,0.0,19,0.0,19,0.0,19,0.0,19
"Valley County, Montana",72.0,42,,,5.0,6,0.0,15,26.0,23,12.0,21,7.0,12,0.0,15,0.0,15,0.0,15,,,0.0,15,0.0,15,22.0,23,0.0,15,0.0,15,0.0,15,0.0,15,0.0,15,0.0,15,0.0,15,0.0,15
"Valley County, Nebraska",14.0,12,,,4.0,5,0.0,10,0.0,10,0.0,10,0.0,10,0.0,10,0.0,10,0.0,10,,,0.0,10,0.0,10,0.0,10,0.0,10,0.0,10,0.0,10,0.0,10,0.0,10,3.0,3,4.0,6,0.0,10
"Van Buren County, Arkansas",104.0,20,,,0.0,20,0.0,20,35.0,32,0.0,20,0.0,20,0.0,20,0.0,20,0.0,20,,,0.0,20,0.0,20,56.0,30,0.0,20,0.0,20,0.0,20,0.0,20,0.0,20,0.0,20,4.0,7,0.0,20
"Van Buren County, Iowa",12.0,15,,,0.0,15,0.0,15,0.0,15,1.0,2,0.0,15,0.0,15,0.0,15,0.0,15,,,0.0,15,0.0,15,11.0,15,0.0,15,0.0,15,0.0,15,0.0,15,0.0,15,0.0,15,0.0,15,0.0,15
"Van Buren County, Michigan",825.0,76,,,91.0,57,0.0,26,39.0,31,123.0,97,0.0,26,0.0,26,28.0,52,0.0,26,,,0.0,26,35.0,91,190.0,109,0.0,26,3.0,6,0.0,26,0.0,26,0.0,26,3.0,6,32.0,43,0.0,26
"Van Buren County, Tennessee",17.0,20,,,13.0,18,0.0,19,0.0,19,0.0,19,0.0,19,0.0,19,0.0,19,0.0,19,,,0.0,19,0.0,19,0.0,19,0.0,19,0.0,19,0.0,19,0.0,19,0.0,19,0.0,19,0.0,19,0.0,19
"Van Wert County, Ohio",145.0,31,,,6.0,9,0.0,24,0.0,24,92.0,54,0.0,24,0.0,24,0.0,24,0.0,24,,,0.0,24,0.0,24,39.0,38,0.0,24,0.0,24,0.0,24,0.0,24,0.0,24,0.0,24,0.0,24,0.0,24
"Van Zandt County, Texas",757.0,313,,,133.0,73,0.0,35,47.0,45,28.0,31,0.0,35,0.0,35,1.0,4,0.0,35,,,0.0,35,21.0,34,169.0,125,0.0,35,0.0,35,0.0,35,0.0,35,0.0,35,0.0,35,150.0,105,0.0,35
"Vance County, North Carolina",443.0,40,,,13.0,29,8.0,19,0.0,29,20.0,34,0.0,29,0.0,29,0.0,29,0.0,29,,,0.0,29,0.0,29,41.0,58,0.0,29,0.0,29,0.0,29,0.0,29,0.0,29,0.0,29,0.0,29,0.0,29
"Vanderburgh County, Indiana",3470.0,128,,,985.0,286,0.0,30,303.0,175,364.0,180,0.0,30,0.0,30,35.0,55,0.0,30,,,38.0,58,47.0,65,775.0,265,0.0,30,0.0,30,93.0,124,0.0,30,0.0,30,41.0,38,380.0,206,0.0,30
"Vega Alta Municipio, Puerto Rico",0.0,32,,,0.0,32,0.0,32,0.0,32,0.0,32,0.0,32,0.0,32,0.0,32,0.0,32,,,0.0,32,0.0,32,0.0,32,0.0,32,0.0,32,0.0,32,0.0,32,0.0,32,0.0,32,0.0,32,0.0,32
"Vega Baja Municipio, Puerto Rico",31.0,43,,,0.0,35,0.0,35,0.0,35,0.0,35,0.0,35,0.0,35,0.0,35,0.0,35,,,0.0,35,0.0,35,0.0,35,0.0,35,0.0,35,0.0,35,0.0,35,0.0,35,0.0,35,0.0,35,0.0,35
"Venango County, Pennsylvania",398.0,59,,,40.0,31,0.0,27,53.0,53,35.0,27,0.0,27,6.0,8,0.0,27,0.0,27,,,0.0,27,0.0,27,87.0,43,0.0,27,0.0,27,10.0,22,0.0,27,0.0,27,11.0,18,17.0,29,0.0,27
"Ventura County, California",85474.0,1347,,,14868.0,1205,166.0,152,9468.0,1155,6256.0,927,73.0,94,73.0,54,1147.0,310,0.0,32,,,75.0,123,918.0,360,26992.0,1677,960.0,358,148.0,127,43.0,58,92.0,104,25.0,30,952.0,336,5953.0,963,0.0,32
"Vermilion County, Illinois",872.0,28,,,19.0,30,0.0,29,26.0,23,114.0,92,0.0,29,0.0,29,5.0,9,0.0,29,,,0.0,29,0.0,29,134.0,91,95.0,118,0.0,29,6.0,9,0.0,29,0.0,29,0.0,29,65.0,127,0.0,29
"Vermilion Parish, Louisiana",1431.0,150,,,164.0,118,0.0,33,32.0,56,0.0,33,0.0,33,0.0,33,0.0,33,0.0,33,,,0.0,33,0.0,33,85.0,89,69.0,118,0.0,33,0.0,33,0.0,33,0.0,33,0.0,33,880.0,213,0.0,33
"Vermillion County, Indiana",75.0,20,,,0.0,20,0.0,20,42.0,30,8.0,13,0.0,20,0.0,20,0.0,20,0.0,20,,,0.0,20,0.0,20,25.0,27,0.0,20,0.0,20,0.0,20,0.0,20,0.0,20,0.0,20,0.0,20,0.0,20
"Vernon County, Missouri",188.0,36,,,17.0,25,0.0,19,25.0,38,0.0,19,17.0,25,0.0,19,0.0,19,0.0,19,,,0.0,19,0.0,19,107.0,73,0.0,19,1.0,2,0.0,19,0.0,19,0.0,19,0.0,19,0.0,19,0.0,19
"Vernon County, Wisconsin",245.0,19,,,44.0,27,6.0,8,20.0,24,2.0,3,0.0,21,0.0,21,0.0,21,0.0,21,,,0.0,21,5.0,9,72.0,48,0.0,21,5.0,7,0.0,21,0.0,21,0.0,21,0.0,21,19.0,15,0.0,21
"Vernon Parish, Louisiana",1467.0,99,,,124.0,61,0.0,30,89.0,38,377.0,53,0.0,30,0.0,30,4.0,5,0.0,30,,,0.0,30,0.0,30,395.0,118,0.0,30,0.0,30,0.0,30,0.0,30,0.0,30,56.0,38,193.0,80,0.0,30
"Victoria County, Texas",1543.0,340,,,160.0,180,0.0,35,78.0,111,153.0,117,0.0,35,0.0,35,203.0,200,0.0,35,,,0.0,35,0.0,35,387.0,344,0.0,35,0.0,35,0.0,35,0.0,35,0.0,35,0.0,35,247.0,218,0.0,35
"Vieques Municipio, Puerto Rico",32.0,39,,,0.0,21,0.0,21,0.0,21,0.0,21,0.0,21,0.0,21,0.0,21,0.0,21,,,0.0,21,0.0,21,0.0,21,0.0,21,0.0,21,0.0,21,0.0,21,0.0,21,0.0,21,0.0,21,0.0,21
"Vigo County, Indiana",2802.0,73,,,637.0,219,0.0,30,172.0,160,236.0,140,8.0,18,0.0,30,104.0,143,174.0,222,,,1.0,2,4.0,8,521.0,227,17.0,27,0.0,30,0.0,30,0.0,30,28.0,31,13.0,22,36.0,38,0.0,30
"Vilas County, Wisconsin",206.0,22,,,0.0,18,0.0,18,11.0,20,35.0,36,15.0,21,0.0,18,0.0,18,0.0,18,,,0.0,18,8.0,11,20.0,18,0.0,18,0.0,18,0.0,18,0.0,18,0.0,18,0.0,18,0.0,18,0.0,18
"Villalba Municipio, Puerto Rico",0.0,28,,,0.0,28,0.0,28,0.0,28,0.0,28,0.0,28,0.0,28,0.0,28,0.0,28,,,0.0,28,0.0,28,0.0,28,0.0,28,0.0,28,0.0,28,0.0,28,0.0,28,0.0,28,0.0,28,0.0,28
"Vinton County, Ohio",18.0,30,,,0.0,20,0.0,20,0.0,20,0.0,20,0.0,20,0.0,20,0.0,20,0.0,20,,,0.0,20,0.0,20,0.0,20,0.0,20,0.0,20,0.0,20,0.0,20,0.0,20,0.0,20,0.0,20,0.0,20
"Virginia Beach city, Virginia",46812.0,1103,,,4199.0,760,133.0,155,2066.0,479,2099.0,498,25.0,31,0.0,31,547.0,247,0.0,31,,,171.0,179,286.0,188,27310.0,1558,44.0,55,157.0,141,47.0,57,0.0,31,0.0,31,1084.0,652,2519.0,586,0.0,31
"Volusia County, Florida",15066.0,585,,,2375.0,676,138.0,153,785.0,250,1156.0,362,0.0,35,0.0,35,135.0,94,0.0,35,,,95.0,150,45.0,70,3528.0,615,51.0,53,126.0,101,28.0,38,0.0,35,0.0,35,409.0,183,2820.0,771,0.0,35
"Wabash County, Illinois",191.0,6,,,10.0,20,0.0,19,0.0,19,107.0,69,0.0,19,0.0,19,0.0,19,0.0,19,,,0.0,19,0.0,19,53.0,62,0.0,19,0.0,19,0.0,19,0.0,19,0.0,19,0.0,19,12.0,18,0.0,19
"Wabash County, Indiana",224.0,14,,,64.0,58,0.0,27,56.0,63,0.0,27,15.0,26,0.0,27,8.0,13,0.0,27,,,9.0,13,0.0,27,51.0,69,0.0,27,0.0,27,0.0,27,0.0,27,0.0,27,0.0,27,13.0,24,0.0,27
"Wabasha County, Minnesota",213.0,43,,,11.0,17,45.0,31,12.0,14,54.0,33,0.0,17,0.0,17,0.0,17,0.0,17,,,0.0,17,1.0,2,45.0,38,0.0,17,2.0,3,0.0,17,0.0,17,0.0,17,2.0,3,18.0,19,0.0,17
"Wabaunsee County, Kansas",40.0,28,,,21.0,21,0.0,16,12.0,14,0.0,16,0.0,16,0.0,16,0.0,16,0.0,16,,,0.0,16,0.0,16,3.0,6,0.0,16,0.0,16,0.0,16,0.0,16,0.0,16,4.0,7,0.0,16,0.0,16
"Wadena County, Minnesota",128.0,33,,,2.0,4,14.0,33,0.0,15,25.0,18,0.0,15,0.0,15,0.0,15,0.0,15,,,0.0,15,0.0,15,33.0,25,0.0,15,24.0,28,0.0,15,0.0,15,0.0,15,6.0,7,0.0,15,0.0,15
"Wagoner County, Oklahoma",2272.0,123,,,143.0,101,1079.0,172,198.0,120,212.0,116,0.0,24,0.0,24,0.0,24,0.0,24,,,68.0,58,9.0,14,213.0,101,0.0,24,22.0,34,0.0,24,0.0,24,0.0,24,40.0,45,50.0,47,0.0,24
"Wahkiakum County, Washington",195.0,76,,,100.0,74,0.0,13,0.0,13,28.0,40,0.0,13,0.0,13,0.0,13,0.0,13,,,0.0,13,0.0,13,24.0,36,20.0,39,0.0,13,0.0,13,0.0,13,0.0,13,0.0,13,9.0,11,0.0,13
"Wake County, North Carolina",110424.0,1077,,,15617.0,1653,364.0,226,3257.0,797,8431.0,1192,83.0,134,113.0,99,1275.0,360,0.0,32,,,389.0,320,252.0,262,7299.0,1043,343.0,165,245.0,165,149.0,92,0.0,32,75.0,95,1216.0,372,7788.0,1518,0.0,32
"Wakulla County, Florida",421.0,62,,,56.0,60,0.0,31,151.0,142,0.0,31,0.0,31,0.0,31,13.0,24,0.0,31,,,0.0,31,0.0,31,117.0,124,0.0,31,0.0,31,0.0,31,0.0,31,0.0,31,7.0,15,7.0,12,0.0,31
"Waldo County, Maine",335.0,9,,,30.0,23,0.0,23,24.0,20,2.0,3,0.0,23,0.0,23,70.0,70,0.0,23,,,0.0,23,3.0,5,57.0,43,0.0,23,18.0,22,13.0,19,0.0,23,0.0,23,41.0,49,35.0,30,0.0,23
"Walker County, Alabama",350.0,4,,,160.0,107,0.0,31,17.0,23,22.0,24,0.0,31,0.0,31,0.0,31,0.0,31,,,26.0,39,0.0,31,67.0,71,0.0,31,0.0,31,0.0,31,0.0,31,0.0,31,0.0,31,35.0,45,0.0,31
"Walker County, Georgia",645.0,34,,,52.0,68,0.0,34,72.0,81,291.0,187,0.0,34,0.0,34,0.0,34,0.0,34,,,0.0,34,0.0,34,94.0,87,0.0,34,0.0,34,0.0,34,0.0,34,0.0,34,0.0,34,3.0,6,0.0,34
"Walker County, Texas",1084.0,68,,,63.0,53,0.0,35,103.0,73,41.0,45,33.0,61,0.0,35,0.0,35,0.0,35,,,0.0,35,61.0,106,251.0,165,0.0,35,0.0,35,0.0,35,0.0,35,0.0,35,3.0,7,337.0,151,0.0,35
"Walla Walla County, Washington",1895.0,159,,,535.0,176,0.0,31,239.0,126,190.0,98,0.0,31,0.0,31,57.0,76,0.0,31,,,0.0,31,26.0,35,478.0,167,13.0,16,3.0,7,0.0,31,0.0,31,0.0,31,31.0,37,90.0,70,0.0,31
"Wallace County, Kansas",16.0,15,,,0.0,11,0.0,11,0.0,11,0.0,11,0.0,11,0.0,11,0.0,11,0.0,11,,,9.0,12,0.0,11,0.0,11,0.0,11,0.0,11,0.0,11,0.0,11,0.0,11,0.0,11,7.0,10,0.0,11
"Waller County, Texas",1315.0,128,,,71.0,101,0.0,35,49.0,51,73.0,114,0.0,35,0.0,35,81.0,93,0.0,35,,,14.0,31,32.0,56,61.0,69,0.0,35,0.0,35,0.0,35,0.0,35,0.0,35,0.0,35,649.0,257,0.0,35
"Wallowa County, Oregon",85.0,27,,,55.0,18,0.0,19,0.0,19,0.0,19,0.0,19,0.0,19,0.0,19,4.0,7,,,0.0,19,0.0,19,20.0,23,0.0,19,0.0,19,0.0,19,0.0,19,0.0,19,6.0,9,0.0,19,0.0,19
"Walsh County, North Dakota",89.0,55,,,0.0,16,0.0,16,0.0,16,0.0,16,0.0,16,0.0,16,0.0,16,0.0,16,,,0.0,16,49.0,55,10.0,16,0.0,16,0.0,16,0.0,16,0.0,16,0.0,16,15.0,20,7.0,13,0.0,16
"Walthall County, Mississippi",62.0,66,,,0.0,22,0.0,22,13.0,28,0.0,22,0.0,22,0.0,22,0.0,22,0.0,22,,,0.0,22,13.0,23,0.0,22,0.0,22,0.0,22,0.0,22,0.0,22,0.0,22,0.0,22,0.0,22,0.0,22
"Walton County, Florida",1915.0,279,,,188.0,107,0.0,35,124.0,112,397.0,225,14.0,24,0.0,35,0.0,35,0.0,35,,,0.0,35,0.0,35,424.0,192,68.0,87,27.0,33,0.0,35,0.0,35,0.0,35,169.0,117,142.0,126,0.0,35
"Walton County, Georgia",2309.0,182,,,139.0,114,286.0,170,133.0,97,3.0,5,0.0,34,0.0,34,22.0,35,0.0,34,,,53.0,90,88.0,113,151.0,118,0.0,34,173.0,179,0.0,34,0.0,34,0.0,34,16.0,25,329.0,310,0.0,34
"Walworth County, South Dakota",6.0,13,,,6.0,13,0.0,15,0.0,15,0.0,15,0.0,15,0.0,15,0.0,15,0.0,15,,,0.0,15,0.0,15,0.0,15,0.0,15,0.0,15,0.0,15,0.0,15,0.0,15,0.0,15,0.0,15,0.0,15
"Walworth County, Wisconsin",1568.0,164,,,197.0,98,348.0,183,119.0,79,46.0,41,0.0,23,0.0,23,4.0,11,0.0,23,,,5.0,10,27.0,37,481.0,183,12.0,18,30.0,50,0.0,23,0.0,23,0.0,23,0.0,23,105.0,110,0.0,23
"Wapello County, Iowa",826.0,81,,,50.0,78,0.0,22,47.0,67,123.0,126,0.0,22,0.0,22,0.0,22,0.0,22,,,0.0,22,0.0,22,261.0,158,0.0,22,130.0,108,0.0,22,0.0,22,0.0,22,10.0,15,21.0,35,0.0,22
"Ward County, North Dakota",2073.0,266,,,144.0,128,0.0,24,522.0,179,107.0,67,0.0,24,0.0,24,3.0,5,0.0,24,,,0.0,24,0.0,24,684.0,253,160.0,137,18.0,29,0.0,24,0.0,24,0.0,24,130.0,90,41.0,65,0.0,24
"Ward County, Texas",181.0,174,,,134.0,168,0.0,23,0.0,23,3.0,5,0.0,23,0.0,23,0.0,23,0.0,23,,,0.0,23,0.0,23,0.0,23,0.0,23,0.0,23,0.0,23,0.0,23,0.0,23,0.0,23,31.0,53,0.0,23
"Ware County, Georgia",489.0,30,,,18.0,30,0.0,30,0.0,30,10.0,18,0.0,30,0.0,30,0.0,30,0.0,30,,,144.0,133,0.0,30,98.0,128,0.0,30,0.0,30,19.0,36,0.0,30,0.0,30,0.0,30,0.0,30,0.0,30
"Warren County, Georgia",17.0,28,,,0.0,20,0.0,20,0.0,20,13.0,27,0.0,20,0.0,20,0.0,20,0.0,20,,,0.0,20,0.0,20,0.0,20,0.0,20,0.0,20,0.0,20,0.0,20,0.0,20,0.0,20,0.0,20,0.0,20
"Warren County, Illinois",422.0,19,,,18.0,26,0.0,19,45.0,44,10.0,16,0.0,19,0.0,19,0.0,19,0.0,19,,,307.0,74,0.0,19,28.0,63,0.0,19,0.0,19,0.0,19,0.0,19,0.0,19,0.0,19,0.0,19,0.0,19
"Warren County, Indiana",76.0,25,,,0.0,18,0.0,18,0.0,18,0.0,18,0.0,18,0.0,18,0.0,18,0.0,18,,,0.0,18,0.0,18,30.0,29,0.0,18,0.0,18,0.0,18,0.0,18,0.0,18,10.0,17,15.0,25,0.0,18
"Warren County, Iowa",713.0,63,,,76.0,57,0.0,24,39.0,52,117.0,71,0.0,24,0.0,24,0.0,24,0.0,24,,,7.0,15,0.0,24,136.0,88,0.0,24,13.0,21,0.0,24,0.0,24,0.0,24,13.0,21,143.0,143,0.0,24
"Warren County, Kentucky",7903.0,194,,,411.0,181,0.0,30,381.0,237,587.0,362,17.0,34,0.0,30,38.0,45,0.0,30,,,3020.0,822,44.0,59,553.0,385,0.0,30,147.0,134,0.0,30,0.0,30,0.0,30,45.0,52,478.0,359,0.0,30
"Warren County, Mississippi",514.0,225,,,7.0,12,0.0,30,146.0,237,24.0,20,0.0,30,0.0,30,0.0,30,0.0,30,,,0.0,30,0.0,30,21.0,19,0.0,30,6.0,13,0.0,30,0.0,30,0.0,30,14.0,18,16.0,31,0.0,30
"Warren County, Missouri",390.0,205,,,0.0,25,0.0,25,82.0,78,0.0,25,0.0,25,0.0,25,0.0,25,0.0,25,,,0.0,25,0.0,25,37.0,51,0.0,25,0.0,25,0.0,25,0.0,25,0.0,25,0.0,25,135.0,89,0.0,25
"Warren County, New Jersey",4680.0,557,,,865.0,354,10.0,15,88.0,63,84.0,64,0.0,32,0.0,32,0.0,32,0.0,32,,,0.0,32,23.0,33,1808.0,502,46.0,43,0.0,32,0.0,32,0.0,32,10.0,20,60.0,63,368.0,238,0.0,32
"Warren County, New York",1020.0,94,,,159.0,97,0.0,31,89.0,90,148.0,106,0.0,31,0.0,31,0.0,31,0.0,31,,,5.0,8,0.0,31,343.0,128,38.0,54,0.0,31,0.0,31,0.0,31,0.0,31,3.0,6,0.0,31,0.0,31
"Warren County, North Carolina",136.0,13,,,19.0,38,0.0,21,5.0,8,17.0,24,0.0,21,0.0,21,0.0,21,0.0,21,,,0.0,21,0.0,21,92.0,50,0.0,21,0.0,21,0.0,21,0.0,21,0.0,21,0.0,21,0.0,21,0.0,21
"Warren County, Ohio",19734.0,175,,,3886.0,765,104.0,132,1286.0,431,525.0,218,64.0,75,0.0,30,165.0,136,0.0,30,,,0.0,30,0.0,30,1381.0,482,119.0,119,42.0,61,0.0,30,0.0,30,0.0,30,233.0,200,779.0,368,0.0,30
"Warren County, Pennsylvania",279.0,7,,,46.0,42,0.0,24,10.0,9,13.0,12,0.0,24,0.0,24,0.0,24,0.0,24,,,0.0,24,0.0,24,81.0,30,0.0,24,8.0,15,7.0,12,0.0,24,0.0,24,0.0,24,47.0,45,0.0,24
"Warren County, Tennessee",416.0,25,,,35.0,69,0.0,29,0.0,29,9.0,25,0.0,29,0.0,29,0.0,29,0.0,29,,,0.0,29,0.0,29,29.0,68,0.0,29,0.0,29,0.0,29,0.0,29,0.0,29,11.0,26,0.0,29,0.0,29
"Warren County, Virginia",819.0,34,,,58.0,72,0.0,28,59.0,74,204.0,113,0.0,28,0.0,28,0.0,28,0.0,28,,,0.0,28,0.0,28,149.0,108,0.0,28,0.0,28,0.0,28,0.0,28,0.0,28,49.0,53,9.0,15,0.0,28
"Warrick County, Indiana",1432.0,286,,,264.0,153,0.0,30,67.0,77,87.0,96,0.0,30,0.0,30,0.0,30,0.0,30,,,0.0,30,0.0,30,321.0,199,0.0,30,0.0,30,0.0,30,0.0,30,0.0,30,107.0,124,83.0,76,0.0,30
"Wasatch County, Utah",959.0,150,,,200.0,119,0.0,26,234.0,161,33.0,38,0.0,26,0.0,26,0.0,26,0.0,26,,,0.0,26,78.0,77,369.0,207,8.0,14,0.0,26,0.0,26,0.0,26,0.0,26,11.0,19,9.0,16,0.0,26
"Wasco County, Oregon",384.0,44,,,36.0,34,0.0,25,0.0,25,213.0,76,0.0,25,0.0,25,0.0,25,0.0,25,,,0.0,25,0.0,25,77.0,67,0.0,25,16.0,25,0.0,25,0.0,25,0.0,25,0.0,25,0.0,25,0.0,25
"Waseca County, Minnesota",207.0,5,,,99.0,51,2.0,3,10.0,12,16.0,17,0.0,15,0.0,15,0.0,15,0.0,15,,,0.0,15,0.0,15,21.0,24,0.0,15,1.0,3,12.0,21,0.0,15,0.0,15,11.0,18,4.0,7,0.0,15
"Washakie County, Wyoming",39.0,31,,,0.0,18,0.0,18,11.0,13,0.0,18,0.0,18,0.0,18,0.0,18,0.0,18,,,0.0,18,0.0,18,24.0,28,0.0,18,0.0,18,0.0,18,0.0,18,0.0,18,0.0,18,0.0,18,0.0,18
"Washburn County, Wisconsin",143.0,8,,,10.0,9,1.0,3,2.0,3,48.0,33,0.0,16,0.0,16,0.0,16,0.0,16,,,0.0,16,1.0,2,66.0,36,0.0,16,0.0,16,0.0,16,0.0,16,2.0,4,2.0,3,6.0,8,0.0,16
"Washington County, Alabama",165.0,165,,,90.0,90,0.0,21,18.0,28,0.0,21,0.0,21,0.0,21,0.0,21,0.0,21,,,0.0,21,0.0,21,0.0,21,0.0,21,0.0,21,0.0,21,0.0,21,0.0,21,0.0,21,47.0,75,0.0,21
"Washington County, Arkansas",9080.0,540,,,1342.0,460,465.0,289,680.0,237,299.0,172,8.0,14,0.0,30,37.0,56,0.0,30,,,234.0,194,16.0,28,1453.0,479,10.0,23,1458.0,524,39.0,50,0.0,30,166.0,208,243.0,124,667.0,303,0.0,30
"Washington County, Colorado",56.0,20,,,0.0,13,0.0,13,7.0,8,9.0,8,0.0,13,0.0,13,0.0,13,0.0,13,,,0.0,13,11.0,14,8.0,8,0.0,13,0.0,13,0.0,13,0.0,13,0.0,13,0.0,13,1.0,2,0.0,13
"Washington County, Florida",289.0,62,,,33.0,56,0.0,28,6.0,12,52.0,61,0.0,28,0.0,28,0.0,28,0.0,28,,,0.0,28,0.0,28,77.0,97,11.0,17,0.0,28,0.0,28,0.0,28,0.0,28,24.0,36,71.0,83,0.0,28
"Washington County, Georgia",162.0,27,,,26.0,38,0.0,23,0.0,23,0.0,23,0.0,23,0.0,23,0.0,23,0.0,23,,,0.0,23,0.0,23,6.0,13,31.0,50,0.0,23,0.0,23,0.0,23,0.0,23,0.0,23,0.0,23,0.0,23
"Washington County, Idaho",80.0,49,,,0.0,19,0.0,19,37.0,44,1.0,3,0.0,19,0.0,19,0.0,19,0.0,19,,,0.0,19,0.0,19,12.0,21,0.0,19,0.0,19,0.0,19,0.0,19,0.0,19,24.0,29,6.0,15,0.0,19
"Washington County, Illinois",33.0,25,,,10.0,16,0.0,19,0.0,19,21.0,19,0.0,19,0.0,19,0.0,19,0.0,19,,,0.0,19,0.0,19,2.0,3,0.0,19,0.0,19,0.0,19,0.0,19,0.0,19,0.0,19,0.0,19,0.0,19
"Washington County, Indiana",143.0,15,,,0.0,24,0.0,24,8.0,15,72.0,42,0.0,24,0.0,24,0.0,24,0.0,24,,,0.0,24,0.0,24,20.0,21,0.0,24,0.0,24,0.0,24,0.0,24,0.0,24,2.0,3,0.0,24,0.0,24
"Washington County, Iowa",196.0,19,,,65.0,61,0.0,19,4.0,5,20.0,26,0.0,19,0.0,19,0.0,19,0.0,19,,,0.0,19,0.0,19,39.0,39,0.0,19,0.0,19,0.0,19,0.0,19,0.0,19,5.0,8,58.0,46,0.0,19
"Washington County, Kansas",57.0,10,,,3.0,5,0.0,16,9.0,10,12.0,10,0.0,16,0.0,16,0.0,16,0.0,16,,,0.0,16,0.0,16,17.0,12,0.0,16,0.0,16,0.0,16,0.0,16,0.0,16,0.0,16,0.0,16,0.0,16
"Washington County, Kentucky",95.0,20,,,0.0,20,0.0,20,34.0,39,0.0,20,0.0,20,0.0,20,0.0,20,0.0,20,,,0.0,20,0.0,20,0.0,20,0.0,20,0.0,20,0.0,20,0.0,20,0.0,20,7.0,13,48.0,45,0.0,20
"Washington County, Maine",243.0,21,,,42.0,59,0.0,23,13.0,11,28.0,23,12.0,15,0.0,23,0.0,23,0.0,23,,,0.0,23,17.0,24,70.0,34,0.0,23,0.0,23,0.0,23,0.0,23,0.0,23,0.0,23,28.0,29,0.0,23
"Washington County, Maryland",4635.0,446,,,1362.0,546,0.0,32,159.0,91,426.0,178,17.0,23,0.0,32,9.0,15,0.0,32,,,50.0,85,39.0,68,697.0,234,369.0,337,0.0,32,32.0,78,0.0,32,0.0,32,59.0,51,144.0,118,0.0,32
"Washington County, Minnesota",22996.0,309,,,2386.0,546,10148.0,1106,489.0,331,1564.0,472,63.0,77,0.0,22,143.0,109,0.0,22,,,21.0,35,629.0,267,1055.0,391,18.0,27,97.0,104,0.0,22,51.0,83,34.0,61,105.0,86,1754.0,470,0.0,22
"Washington County, Mississippi",404.0,56,,,84.0,115,0.0,30,0.0,30,12.0,33,0.0,30,0.0,30,0.0,30,0.0,30,,,0.0,30,0.0,30,11.0,16,0.0,30,0.0,30,0.0,30,0.0,30,0.0,30,0.0,30,4.0,6,0.0,30
"Washington County, Missouri",143.0,51,,,0.0,22,0.0,22,17.0,25,39.0,45,13.0,17,0.0,22,0.0,22,0.0,22,,,0.0,22,0.0,22,59.0,37,0.0,22,0.0,22,0.0,22,0.0,22,0.0,22,0.0,22,2.0,4,0.0,22
"Washington County, Nebraska",167.0,24,,,14.0,24,0.0,19,18.0,28,51.0,46,0.0,19,0.0,19,0.0,19,0.0,19,,,0.0,19,0.0,19,0.0,19,11.0,19,17.0,26,0.0,19,0.0,19,0.0,19,0.0,19,19.0,32,0.0,19
"Washington County, New York",561.0,72,,,106.0,68,0.0,31,53.0,45,7.0,8,0.0,31,0.0,31,3.0,5,0.0,31,,,0.0,31,0.0,31,173.0,93,12.0,18,0.0,31,0.0,31,0.0,31,0.0,31,7.0,11,37.0,35,0.0,31
"Washington County, North Carolina",68.0,73,,,11.0,19,0.0,21,0.0,21,6.0,10,0.0,21,0.0,21,0.0,21,0.0,21,,,0.0,21,0.0,21,0.0,21,0.0,21,0.0,21,0.0,21,0.0,21,0.0,21,0.0,21,0.0,21,0.0,21
"Washington County, Ohio",640.0,34,,,60.0,59,0.0,30,200.0,159,7.0,12,0.0,30,0.0,30,0.0,30,0.0,30,,,0.0,30,0.0,30,234.0,102,0.0,30,0.0,30,0.0,30,0.0,30,0.0,30,59.0,97,0.0,30,0.0,30
"Washington County, Oklahoma",1408.0,97,,,374.0,166,80.0,68,70.0,57,70.0,52,0.0,24,0.0,24,0.0,24,0.0,24,,,0.0,24,0.0,24,254.0,126,11.0,19,0.0,24,3.0,6,0.0,24,0.0,24,15.0,16,159.0,126,0.0,24
"Washington County, Oregon",94809.0,1413,,,16469.0,1404,726.0,332,10492.0,1263,9208.0,1155,52.0,59,83.0,92,1721.0,595,15.0,26,,,385.0,395,1823.0,537,14606.0,1819,464.0,226,568.0,305,36.0,35,188.0,190,78.0,80,1326.0,365,10378.0,1278,9.0,17
"Washington County, Pennsylvania",3529.0,120,,,398.0,148,5.0,10,105.0,67,254.0,143,15.0,18,0.0,27,26.0,26,0.0,27,,,18.0,30,0.0,27,529.0,164,16.0,25,7.0,11,0.0,27,0.0,27,1.0,3,110.0,92,378.0,197,0.0,27
"Washington County, Rhode Island",4011.0,216,,,1063.0,262,0.0,34,362.0,222,656.0,198,0.0,34,0.0,34,120.0,135,0.0,34,,,0.0,34,63.0,68,523.0,196,15.0,30,13.0,14,0.0,34,0.0,34,0.0,34,103.0,116,50.0,51,0.0,34
"Washington County, Tennessee",3084.0,166,,,649.0,261,0.0,32,576.0,327,349.0,199,0.0,32,75.0,122,43.0,54,0.0,32,,,0.0,32,0.0,32,673.0,223,0.0,32,0.0,32,21.0,35,0.0,32,0.0,32,39.0,33,101.0,78,0.0,32
"Washington County, Texas",832.0,166,,,151.0,140,0.0,31,0.0,31,258.0,183,0.0,31,0.0,31,6.0,15,0.0,31,,,0.0,31,0.0,31,354.0,195,0.0,31,0.0,31,0.0,31,0.0,31,0.0,31,0.0,31,0.0,31,0.0,31
"Washington County, Utah",3839.0,395,,,556.0,257,0.0,29,561.0,262,271.0,124,6.0,16,0.0,29,9.0,16,0.0,29,,,0.0,29,154.0,174,1116.0,386,36.0,54,0.0,29,0.0,29,0.0,29,0.0,29,269.0,189,404.0,298,0.0,29
"Washington County, Vermont",926.0,72,,,128.0,56,0.0,24,132.0,84,132.0,73,0.0,24,0.0,24,0.0,24,0.0,24,,,0.0,24,0.0,24,221.0,77,13.0,19,8.0,13,0.0,24,0.0,24,0.0,24,34.0,30,44.0,38,0.0,24
"Washington County, Virginia",451.0,54,,,57.0,49,0.0,31,4.0,8,47.0,45,0.0,31,0.0,31,0.0,31,0.0,31,,,0.0,31,17.0,30,130.0,97,0.0,31,0.0,31,0.0,31,0.0,31,0.0,31,11.0,19,11.0,26,0.0,31
"Washington County, Wisconsin",2877.0,59,,,326.0,150,618.0,259,39.0,33,213.0,141,21.0,23,0.0,23,0.0,23,0.0,23,,,0.0,23,0.0,23,705.0,290,0.0,23,93.0,123,0.0,23,0.0,23,0.0,23,0.0,23,25.0,26,0.0,23
"Washington Parish, Louisiana",182.0,124,,,16.0,22,0.0,30,0.0,30,0.0,30,0.0,30,0.0,30,0.0,30,0.0,30,,,0.0,30,0.0,30,140.0,120,0.0,30,0.0,30,0.0,30,0.0,30,0.0,30,0.0,30,26.0,51,0.0,30
"Washita County, Oklahoma",74.0,10,,,2.0,8,0.0,16,12.0,11,0.0,16,0.0,16,12.0,15,0.0,16,0.0,16,,,0.0,16,0.0,16,9.0,9,0.0,16,4.0,11,0.0,16,0.0,16,0.0,16,0.0,16,5.0,9,0.0,16
"Washoe County, Nevada",39897.0,720,,,6210.0,834,60.0,59,3673.0,698,2125.0,397,72.0,73,10.0,18,170.0,95,0.0,33,,,15.0,21,126.0,75,16073.0,1271,218.0,128,31.0,33,30.0,32,0.0,33,9.0,14,760.0,258,2364.0,717,29.0,34
"Washtenaw County, Michigan",40511.0,447,,,13287.0,855,62.0,59,2129.0,403,4973.0,696,19.0,27,2.0,4,1354.0,363,0.0,26,,,194.0,192,170.0,122,2217.0,388,157.0,114,69.0,78,109.0,80,0.0,26,76.0,104,385.0,141,1445.0,351,0.0,26
"Watauga County, North Carolina",963.0,95,,,208.0,128,8.0,14,122.0,93,202.0,126,0.0,32,0.0,32,0.0,32,0.0,32,,,66.0,94,0.0,32,97.0,91,0.0,32,0.0,32,0.0,32,0.0,32,0.0,32,21.0,31,160.0,101,0.0,32
"Watonwan County, Minnesota",72.0,29,,,3.0,3,1.0,2,0.0,15,5.0,8,0.0,15,0.0,15,0.0,15,0.0,15,,,0.0,15,0.0,15,15.0,13,0.0,15,30.0,17,0.0,15,0.0,15,0.0,15,13.0,15,2.0,2,0.0,15
"Waukesha County, Wisconsin",20003.0,337,,,3363.0,615,1012.0,345,917.0,291,1404.0,376,0.0,23,0.0,23,110.0,84,0.0,23,,,206.0,133,81.0,98,1607.0,393,64.0,85,340.0,193,0.0,23,0.0,23,0.0,23,145.0,81,891.0,321,0.0,23
"Waupaca County, Wisconsin",499.0,85,,,12.0,19,35.0,33,65.0,44,64.0,74,0.0,23,0.0,23,1.0,2,0.0,23,,,0.0,23,0.0,23,168.0,71,0.0,23,38.0,45,0.0,23,0.0,23,0.0,23,0.0,23,8.0,9,0.0,23
"Waushara County, Wisconsin",189.0,20,,,46.0,26,32.0,21,5.0,6,7.0,7,0.0,18,0.0,18,0.0,18,0.0,18,,,0.0,18,0.0,18,62.0,23,0.0,18,4.0,5,0.0,18,0.0,18,0.0,18,5.0,8,0.0,18,0.0,18
"Wayne County, Georgia",357.0,30,,,14.0,37,0.0,30,12.0,26,38.0,68,0.0,30,0.0,30,0.0,30,0.0,30,,,240.0,157,0.0,30,23.0,47,0.0,30,0.0,30,0.0,30,0.0,30,0.0,30,0.0,30,0.0,30,0.0,30
"Wayne County, Illinois",124.0,19,,,16.0,27,0.0,19,0.0,19,0.0,19,0.0,19,0.0,19,0.0,19,0.0,19,,,0.0,19,0.0,19,88.0,28,0.0,19,0.0,19,0.0,19,0.0,19,0.0,19,17.0,17,0.0,19,0.0,19
"Wayne County, Indiana",1061.0,47,,,377.0,182,0.0,30,89.0,85,75.0,88,0.0,30,0.0,30,11.0,18,0.0,30,,,36.0,62,12.0,19,181.0,152,0.0,30,0.0,30,0.0,30,0.0,30,0.0,30,0.0,30,61.0,57,0.0,30
"Wayne County, Iowa",91.0,35,,,10.0,20,0.0,15,0.0,15,23.0,25,0.0,15,0.0,15,0.0,15,0.0,15,,,0.0,15,18.0,28,40.0,42,0.0,15,0.0,15,0.0,15,0.0,15,0.0,15,0.0,15,0.0,15,0.0,15
"Wayne County, Kentucky",6.0,12,,,0.0,20,0.0,20,0.0,20,0.0,20,0.0,20,0.0,20,0.0,20,0.0,20,,,0.0,20,0.0,20,0.0,20,0.0,20,0.0,20,0.0,20,0.0,20,0.0,20,6.0,12,0.0,20,0.0,20
"Wayne County, Michigan",81535.0,1721,,,7980.0,1113,652.0,348,3270.0,582,3875.0,635,22.0,18,15.0,23,202.0,79,0.0,26,,,166.0,201,241.0,218,8791.0,1229,108.0,85,173.0,165,75.0,68,0.0,26,0.0,26,426.0,246,3270.0,776,0.0,26
"Wayne County, Mississippi",77.0,104,,,0.0,22,0.0,22,0.0,22,0.0,22,0.0,22,0.0,22,0.0,22,0.0,22,,,0.0,22,0.0,22,0.0,22,0.0,22,0.0,22,0.0,22,0.0,22,0.0,22,0.0,22,75.0,103,0.0,22
"Wayne County, Missouri",30.0,51,,,25.0,50,0.0,19,0.0,19,0.0,19,0.0,19,0.0,19,0.0,19,0.0,19,,,0.0,19,0.0,19,0.0,19,0.0,19,0.0,19,0.0,19,0.0,19,0.0,19,0.0,19,3.0,7,0.0,19
"Wayne County, Nebraska",198.0,118,,,6.0,10,0.0,15,38.0,38,8.0,17,0.0,15,0.0,15,0.0,15,0.0,15,,,0.0,15,29.0,36,67.0,25,0.0,15,0.0,15,0.0,15,0.0,15,0.0,15,0.0,15,6.0,11,2.0,5
"Wayne County, New York",1190.0,114,,,328.0,136,0.0,31,26.0,26,42.0,41,0.0,31,0.0,31,0.0,31,0.0,31,,,0.0,31,11.0,19,77.0,74,10.0,16,163.0,119,0.0,31,0.0,31,0.0,31,253.0,136,70.0,102,0.0,31
"Wayne County, North Carolina",2536.0,217,,,266.0,134,10.0,16,93.0,67,279.0,219,10.0,13,0.0,32,0.0,32,0.0,32,,,0.0,32,10.0,16,862.0,325,35.0,42,21.0,31,0.0,32,0.0,32,0.0,32,217.0,142,43.0,63,0.0,32
"Wayne County, Ohio",1740.0,136,,,342.0,160,0.0,30,60.0,47,52.0,48,11.0,20,0.0,30,0.0,30,0.0,30,,,0.0,30,123.0,152,237.0,131,20.0,46,88.0,121,0.0,30,0.0,30,0.0,30,15.0,20,20.0,23,0.0,30
"Wayne County, Pennsylvania",588.0,89,,,30.0,19,0.0,27,175.0,96,124.0,74,0.0,27,0.0,27,12.0,13,0.0,27,,,0.0,27,19.0,21,122.0,51,0.0,27,0.0,27,2.0,4,0.0,27,0.0,27,10.0,14,6.0,7,0.0,27
"Wayne County, Tennessee",88.0,79,,,0.0,21,0.0,21,0.0,21,0.0,21,0.0,21,0.0,21,0.0,21,0.0,21,,,0.0,21,0.0,21,41.0,43,0.0,21,0.0,21,0.0,21,0.0,21,0.0,21,0.0,21,0.0,21,0.0,21
"Wayne County, Utah",0.0,12,,,0.0,12,0.0,12,0.0,12,0.0,12,0.0,12,0.0,12,0.0,12,0.0,12,,,0.0,12,0.0,12,0.0,12,0.0,12,0.0,12,0.0,12,0.0,12,0.0,12,0.0,12,0.0,12,0.0,12
"Wayne County, West Virginia",114.0,117,,,8.0,14,0.0,27,16.0,18,6.0,16,0.0,27,0.0,27,0.0,27,0.0,27,,,0.0,27,0.0,27,72.0,98,0.0,27,0.0,27,0.0,27,0.0,27,0.0,27,0.0,27,0.0,27,0.0,27
"Waynesboro city, Virginia",528.0,54,,,0.0,25,0.0,25,51.0,80,0.0,25,0.0,25,0.0,25,0.0,25,0.0,25,,,0.0,25,0.0,25,56.0,79,0.0,25,0.0,25,0.0,25,0.0,25,0.0,25,0.0,25,312.0,185,0.0,25
"Weakley County, Tennessee",497.0,29,,,15.0,22,0.0,29,66.0,80,114.0,112,0.0,29,0.0,29,0.0,29,0.0,29,,,2.0,16,0.0,29,21.0,33,0.0,29,0.0,29,0.0,29,0.0,29,0.0,29,0.0,29,201.0,164,0.0,29
"Webb County, Texas",1890.0,301,,,262.0,216,0.0,35,147.0,108,211.0,164,0.0,35,0.0,35,1.0,2,0.0,35,,,0.0,35,0.0,35,610.0,305,6.0,10,0.0,35,0.0,35,0.0,35,0.0,35,54.0,92,257.0,196,0.0,35
"Weber County, Utah",7499.0,437,,,1476.0,432,168.0,177,1523.0,356,549.0,281,0.0,29,0.0,29,134.0,91,0.0,29,,,0.0,29,159.0,127,1582.0,352,43.0,35,123.0,98,74.0,101,0.0,29,0.0,29,382.0,185,503.0,199,0.0,29
"Webster County, Georgia",0.0,14,,,0.0,14,0.0,14,0.0,14,0.0,14,0.0,14,0.0,14,0.0,14,0.0,14,,,0.0,14,0.0,14,0.0,14,0.0,14,0.0,14,0.0,14,0.0,14,0.0,14,0.0,14,0.0,14,0.0,14
"Webster County, Iowa",570.0,32,,,89.0,84,0.0,22,7.0,9,305.0,110,0.0,22,0.0,22,0.0,22,0.0,22,,,16.0,18,4.0,10,105.0,85,0.0,22,0.0,22,0.0,22,0.0,22,0.0,22,9.0,17,16.0,17,0.0,22
"Webster County, Kentucky",5.0,9,,,1.0,3,0.0,20,0.0,20,4.0,9,0.0,20,0.0,20,0.0,20,0.0,20,,,0.0,20,0.0,20,0.0,20,0.0,20,0.0,20,0.0,20,0.0,20,0.0,20,0.0,20,0.0,20,0.0,20
"Webster County, Mississippi",63.0,46,,,35.0,37,0.0,20,2.0,4,0.0,20,0.0,20,0.0,20,0.0,20,0.0,20,,,0.0,20,0.0,20,18.0,24,0.0,20,0.0,20,0.0,20,0.0,20,0.0,20,0.0,20,0.0,20,0.0,20
"Webster County, Missouri",250.0,52,,,20.0,38,0.0,25,48.0,61,3.0,6,0.0,25,0.0,25,0.0,25,0.0,25,,,0.0,25,0.0,25,147.0,90,0.0,25,0.0,25,0.0,25,0.0,25,0.0,25,26.0,47,2.0,5,0.0,25
"Webster County, Nebraska",10.0,8,,,0.0,10,0.0,10,4.0,6,0.0,10,0.0,10,0.0,10,0.0,10,0.0,10,,,0.0,10,0.0,10,6.0,7,0.0,10,0.0,10,0.0,10,0.0,10,0.0,10,0.0,10,0.0,10,0.0,10
"Webster County, West Virginia",35.0,48,,,20.0,26,0.0,18,0.0,18,0.0,18,0.0,18,0.0,18,0.0,18,0.0,18,,,0.0,18,0.0,18,15.0,23,0.0,18,0.0,18,0.0,18,0.0,18,0.0,18,0.0,18,0.0,18,0.0,18
"Webster Parish, Louisiana",252.0,35,,,0.0,30,0.0,30,49.0,49,0.0,30,0.0,30,0.0,30,0.0,30,0.0,30,,,0.0,30,0.0,30,68.0,61,0.0,30,11.0,20,0.0,30,0.0,30,0.0,30,63.0,99,8.0,15,0.0,30
"Weld County, Colorado",10164.0,560,,,1278.0,343,928.0,448,1368.0,329,676.0,312,68.0,67,18.0,27,341.0,244,6.0,9,,,346.0,244,284.0,163,1932.0,497,26.0,28,118.0,97,18.0,22,0.0,31,0.0,31,336.0,168,905.0,312,0.0,31
"Wells County, Indiana",240.0,26,,,1.0,4,0.0,24,37.0,49,16.0,25,0.0,24,0.0,24,0.0,24,0.0,24,,,0.0,24,9.0,17,28.0,41,0.0,24,112.0,91,0.0,24,0.0,24,0.0,24,9.0,17,0.0,24,0.0,24
"Wells County, North Dakota",39.0,36,,,32.0,37,0.0,10,0.0,10,0.0,10,0.0,10,0.0,10,0.0,10,0.0,10,,,0.0,10,0.0,10,7.0,8,0.0,10,0.0,10,0.0,10,0.0,10,0.0,10,0.0,10,0.0,10,0.0,10
"West Baton Rouge Parish, Louisiana",131.0,168,,,0.0,26,0.0,26,0.0,26,0.0,26,0.0,26,0.0,26,16.0,27,0.0,26,,,0.0,26,0.0,26,17.0,29,0.0,26,0.0,26,0.0,26,0.0,26,0.0,26,0.0,26,0.0,26,0.0,26
"West Carroll Parish, Louisiana",102.0,139,,,62.0,110,0.0,20,0.0,20,0.0,20,0.0,20,0.0,20,0.0,20,0.0,20,,,0.0,20,0.0,20,2.0,4,0.0,20,0.0,20,0.0,20,0.0,20,0.0,20,0.0,20,0.0,20,0.0,20
"West Feliciana Parish, Louisiana",88.0,73,,,23.0,23,0.0,22,0.0,22,0.0,22,0.0,22,0.0,22,0.0,22,0.0,22,,,0.0,22,0.0,22,33.0,56,0.0,22,0.0,22,0.0,22,0.0,22,0.0,22,0.0,22,32.0,33,0.0,22
"Westchester County, New York",75298.0,809,,,17219.0,1394,21.0,36,6553.0,877,8463.0,1037,9.0,14,0.0,31,1207.0,459,0.0,31,,,75.0,63,51.0,44,10976.0,1175,91.0,56,49.0,41,11.0,20,0.0,31,243.0,276,851.0,347,957.0,360,0.0,31
"Western Connecticut Planning Region, Connecticut",41862.0,874,,,11130.0,1035,0.0,32,1924.0,521,2807.0,649,170.0,114,0.0,32,652.0,326,0.0,32,,,75.0,61,823.0,345,4081.0,795,104.0,58,387.0,300,58.0,51,0.0,32,27.0,36,299.0,169,1240.0,444,0.0,32
"Westmoreland County, Pennsylvania",4981.0,232,,,1074.0,303,0.0,27,352.0,152,655.0,188,0.0,27,8.0,14,40.0,43,0.0,27,,,0.0,27,0.0,27,703.0,235,7.0,10,0.0,27,0.0,27,0.0,27,0.0,27,222.0,145,526.0,215,0.0,27
"Westmoreland County, Virginia",272.0,41,,,11.0,21,105.0,109,0.0,21,15.0,28,0.0,21,0.0,21,0.0,21,0.0,21,,,0.0,21,0.0,21,62.0,78,0.0,21,0.0,21,0.0,21,0.0,21,0.0,21,3.0,7,46.0,70,0.0,21
"Weston County, Wyoming",147.0,135,,,15.0,29,0.0,18,1.0,9,0.0,18,0.0,18,0.0,18,0.0,18,0.0,18,,,0.0,18,0.0,18,23.0,31,0.0,18,0.0,18,0.0,18,0.0,18,0.0,18,108.0,127,0.0,18,0.0,18
"Wetzel County, West Virginia",68.0,83,,,0.0,20,0.0,20,18.0,32,0.0,20,0.0,20,0.0,20,0.0,20,0.0,20,,,0.0,20,0.0,20,50.0,72,0.0,20,0.0,20,0.0,20,0.0,20,0.0,20,0.0,20,0.0,20,0.0,20
"Wexford County, Michigan",382.0,46,,,8.0,10,1.0,2,38.0,33,95.0,63,0.0,23,0.0,23,0.0,23,0.0,23,,,0.0,23,0.0,23,92.0,49,0.0,23,7.0,10,0.0,23,0.0,23,3.0,7,7.0,12,29.0,41,0.0,23
"Wharton County, Texas",283.0,26,,,12.0,21,0.0,31,0.0,31,18.0,24,0.0,31,0.0,31,17.0,27,0.0,31,,,0.0,31,39.0,62,65.0,65,0.0,31,0.0,31,0.0,31,0.0,31,0.0,31,0.0,31,10.0,20,0.0,31
"Whatcom County, Washington",16436.0,479,,,3354.0,494,17.0,29,2429.0,579,995.0,304,50.0,49,0.0,31,222.0,115,0.0,31,,,25.0,39,237.0,140,3504.0,613,7.0,11,91.0,109,38.0,54,0.0,31,0.0,31,320.0,163,1540.0,542,0.0,31
"Wheatland County, Montana",0.0,11,,,0.0,11,0.0,11,0.0,11,0.0,11,0.0,11,0.0,11,0.0,11,0.0,11,,,0.0,11,0.0,11,0.0,11,0.0,11,0.0,11,0.0,11,0.0,11,0.0,11,0.0,11,0.0,11,0.0,11
"Wheeler County, Georgia",4.0,7,,,0.0,20,0.0,20,0.0,20,0.0,20,0.0,20,0.0,20,0.0,20,0.0,20,,,0.0,20,0.0,20,1.0,3,0.0,20,0.0,20,0.0,20,0.0,20,0.0,20,0.0,20,0.0,20,0.0,20
"Wheeler County, Nebraska",1.0,1,,,0.0,10,0.0,10,0.0,10,0.0,10,0.0,10,0.0,10,0.0,10,0.0,10,,,0.0,10,0.0,10,1.0,1,0.0,10,0.0,10,0.0,10,0.0,10,0.0,10,0.0,10,0.0,10,0.0,10
"Wheeler County, Oregon",7.0,12,,,1.0,2,0.0,13,0.0,13,2.0,4,0.0,13,0.0,13,1.0,2,0.0,13,,,0.0,13,0.0,13,0.0,13,0.0,13,0.0,13,0.0,13,0.0,13,0.0,13,2.0,4,1.0,2,0.0,13
"Wheeler County, Texas",80.0,57,,,1.0,4,0.0,15,0.0,15,1.0,3,0.0,15,0.0,15,0.0,15,0.0,15,,,0.0,15,0.0,15,45.0,46,0.0,15,0.0,15,0.0,15,0.0,15,0.0,15,0.0,15,0.0,15,0.0,15
"White County, Arkansas",898.0,88,,,193.0,146,0.0,30,121.0,102,33.0,44,0.0,30,0.0,30,20.0,33,0.0,30,,,0.0,30,0.0,30,65.0,70,85.0,135,20.0,32,0.0,30,0.0,30,0.0,30,0.0,30,142.0,135,0.0,30
"White County, Georgia",244.0,54,,,0.0,27,0.0,27,11.0,15,5.0,14,0.0,27,0.0,27,0.0,27,0.0,27,,,0.0,27,0.0,27,58.0,62,0.0,27,13.0,51,0.0,27,0.0,27,0.0,27,0.0,27,114.0,60,0.0,27
"White County, Illinois",107.0,21,,,10.0,18,0.0,19,2.0,3,30.0,31,0.0,19,0.0,19,0.0,19,0.0,19,,,0.0,19,0.0,19,52.0,38,0.0,19,0.0,19,0.0,19,0.0,19,0.0,19,0.0,19,0.0,19,0.0,19
"White County, Indiana",159.0,5,,,1.0,2,0.0,24,0.0,24,4.0,10,0.0,24,0.0,24,0.0,24,0.0,24,,,0.0,24,0.0,24,132.0,23,8.0,12,0.0,24,0.0,24,0.0,24,0.0,24,0.0,24,0.0,24,0.0,24
"White County, Tennessee",175.0,137,,,0.0,25,0.0,25,0.0,25,51.0,76,0.0,25,0.0,25,0.0,25,0.0,25,,,0.0,25,0.0,25,124.0,115,0.0,25,0.0,25,0.0,25,0.0,25,0.0,25,0.0,25,0.0,25,0.0,25
"White Pine County, Nevada",92.0,76,,,16.0,25,0.0,20,9.0,25,34.0,45,0.0,20,0.0,20,0.0,20,0.0,20,,,0.0,20,0.0,20,28.0,40,0.0,20,0.0,20,0.0,20,0.0,20,0.0,20,2.0,3,0.0,20,0.0,20
"Whiteside County, Illinois",606.0,107,,,116.0,79,0.0,29,54.0,53,53.0,53,0.0,29,0.0,29,0.0,29,0.0,29,,,0.0,29,0.0,29,184.0,95,8.0,15,0.0,29,0.0,29,0.0,29,0.0,29,10.0,15,53.0,39,0.0,29
"Whitfield County, Georgia",1985.0,185,,,215.0,120,0.0,34,210.0,212,348.0,177,0.0,34,0.0,34,0.0,34,0.0,34,,,0.0,34,0.0,34,133.0,102,0.0,34,0.0,34,0.0,34,0.0,34,0.0,34,28.0,42,281.0,201,0.0,34
"Whitley County, Indiana",297.0,33,,,66.0,85,0.0,27,65.0,70,12.0,18,0.0,27,0.0,27,0.0,27,0.0,27,,,2.0,5,17.0,25,27.0,34,0.0,27,0.0,27,0.0,27,0.0,27,0.0,27,9.0,19,28.0,37,0.0,27
"Whitley County, Kentucky",243.0,26,,,21.0,27,0.0,27,22.0,52,8.0,16,0.0,27,0.0,27,0.0,27,0.0,27,,,0.0,27,0.0,27,23.0,26,0.0,27,0.0,27,0.0,27,0.0,27,0.0,27,111.0,88,0.0,27,0.0,27
"Whitman County, Washington",5918.0,899,,,2079.0,382,43.0,67,647.0,275,509.0,193,0.0,28,0.0,28,48.0,70,0.0,28,,,0.0,28,71.0,57,920.0,342,86.0,89,31.0,56,0.0,28,0.0,28,0.0,28,63.0,71,428.0,220,0.0,28
"Wibaux County, Montana",4.0,13,,,1.0,4,0.0,11,0.0,11,0.0,11,0.0,11,0.0,11,0.0,11,0.0,11,,,0.0,11,0.0,11,0.0,11,0.0,11,0.0,11,0.0,11,0.0,11,0.0,11,0.0,11,0.0,11,0.0,11
"Wichita County, Kansas",0.0,11,,,0.0,11,0.0,11,0.0,11,0.0,11,0.0,11,0.0,11,0.0,11,0.0,11,,,0.0,11,0.0,11,0.0,11,0.0,11,0.0,11,0.0,11,0.0,11,0.0,11,0.0,11,0.0,11,0.0,11
"Wichita County, Texas",4116.0,187,,,262.0,155,0.0,35,373.0,150,396.0,182,6.0,10,0.0,35,15.0,24,0.0,35,,,8.0,14,309.0,221,974.0,259,15.0,23,51.0,47,0.0,35,0.0,35,0.0,35,236.0,141,686.0,227,0.0,35
"Wicomico County, Maryland",3855.0,76,,,630.0,367,0.0,32,167.0,102,700.0,321,0.0,32,0.0,32,105.0,207,0.0,32,,,0.0,32,0.0,32,408.0,191,9.0,14,13.0,21,0.0,32,0.0,32,0.0,32,0.0,32,348.0,349,0.0,32
"Wilbarger County, Texas",479.0,29,,,8.0,11,0.0,23,0.0,23,0.0,23,0.0,23,0.0,23,8.0,20,0.0,23,,,310.0,147,0.0,23,75.0,80,0.0,23,0.0,23,0.0,23,0.0,23,0.0,23,42.0,86,25.0,50,0.0,23
"Wilcox County, Alabama",23.0,30,,,0.0,21,0.0,21,0.0,21,0.0,21,0.0,21,0.0,21,0.0,21,0.0,21,,,0.0,21,0.0,21,23.0,30,0.0,21,0.0,21,0.0,21,0.0,21,0.0,21,0.0,21,0.0,21,0.0,21
"Wilcox County, Georgia",1.0,5,,,0.0,20,0.0,20,0.0,20,0.0,20,0.0,20,0.0,20,0.0,20,0.0,20,,,0.0,20,0.0,20,1.0,5,0.0,20,0.0,20,0.0,20,0.0,20,0.0,20,0.0,20,0.0,20,0.0,20
"Wilkes County, Georgia",19.0,37,,,0.0,20,0.0,20,0.0,20,19.0,37,0.0,20,0.0,20,0.0,20,0.0,20,,,0.0,20,0.0,20,0.0,20,0.0,20,0.0,20,0.0,20,0.0,20,0.0,20,0.0,20,0.0,20,0.0,20
"Wilkes County, North Carolina",503.0,39,,,187.0,176,0.0,32,30.0,55,184.0,203,7.0,14,0.0,32,0.0,32,0.0,32,,,0.0,32,20.0,25,33.0,51,0.0,32,0.0,32,0.0,32,0.0,32,0.0,32,0.0,32,0.0,32,0.0,32
"Wilkin County, Minnesota",14.0,16,,,3.0,4,0.0,13,6.0,12,0.0,13,0.0,13,0.0,13,0.0,13,0.0,13,,,0.0,13,0.0,13,1.0,2,0.0,13,0.0,13,0.0,13,0.0,13,0.0,13,0.0,13,0.0,13,0.0,13
"Wilkinson County, Georgia",1.0,2,,,0.0,20,0.0,20,0.0,20,0.0,20,0.0,20,0.0,20,0.0,20,0.0,20,,,0.0,20,0.0,20,0.0,20,0.0,20,0.0,20,0.0,20,0.0,20,0.0,20,0.0,20,1.0,2,0.0,20
"Wilkinson County, Mississippi",0.0,20,,,0.0,20,0.0,20,0.0,20,0.0,20,0.0,20,0.0,20,0.0,20,0.0,20,,,0.0,20,0.0,20,0.0,20,0.0,20,0.0,20,0.0,20,0.0,20,0.0,20,0.0,20,0.0,20,0.0,20
"Will County, Illinois",52849.0,1089,,,6271.0,910,95.0,131,1071.0,346,3089.0,682,188.0,184,29.0,44,273.0,195,0.0,29,,,364.0,303,128.0,109,12302.0,1264,457.0,364,446.0,277,139.0,126,0.0,29,199.0,279,543.0,260,1549.0,450,0.0,29
"Willacy County, Texas",29.0,48,,,0.0,28,0.0,28,0.0,28,0.0,28,0.0,28,0.0,28,0.0,28,0.0,28,,,0.0,28,0.0,28,29.0,48,0.0,28,0.0,28,0.0,28,0.0,28,0.0,28,0.0,28,0.0,28,0.0,28
"Williams County, North Dakota",661.0,97,,,125.0,125,0.0,22,28.0,34,85.0,117,0.0,22,0.0,22,0.0,22,0.0,22,,,0.0,22,0.0,22,402.0,164,0.0,22,0.0,22,0.0,22,0.0,22,0.0,22,0.0,22,0.0,22,0.0,22
"Williams County, Ohio",266.0,11,,,60.0,48,0.0,27,15.0,16,21.0,20,0.0,27,0.0,27,0.0,27,0.0,27,,,56.0,56,0.0,27,77.0,46,0.0,27,0.0,27,7.0,10,0.0,27,0.0,27,16.0,23,14.0,15,0.0,27
"Williamsburg County, South Carolina",263.0,30,,,0.0,30,0.0,30,21.0,37,0.0,30,0.0,30,0.0,30,0.0,30,0.0,30,,,0.0,30,0.0,30,178.0,91,0.0,30,0.0,30,0.0,30,0.0,30,0.0,30,0.0,30,0.0,30,0.0,30
"Williamsburg city, Virginia",1262.0,85,,,451.0,126,0.0,21,95.0,63,127.0,61,0.0,21,0.0,21,39.0,45,0.0,21,,,0.0,21,0.0,21,118.0,112,11.0,20,0.0,21,0.0,21,0.0,21,0.0,21,0.0,21,107.0,79,0.0,21
"Williamson County, Illinois",1324.0,185,,,372.0,185,0.0,29,32.0,36,41.0,39,0.0,29,0.0,29,16.0,27,0.0,29,,,0.0,29,40.0,59,271.0,126,55.0,66,0.0,29,0.0,29,0.0,29,0.0,29,5.0,14,169.0,130,0.0,29
"Williamson County, Tennessee",16207.0,246,,,2799.0,544,0.0,32,731.0,302,1491.0,483,101.0,113,0.0,32,129.0,103,0.0,32,,,0.0,32,0.0,32,1183.0,421,12.0,17,100.0,123,197.0,248,0.0,32,6.0,12,65.0,61,722.0,395,0.0,32
"Williamson County, Texas",73101.0,1108,,,9589.0,1219,27.0,44,3586.0,898,5768.0,924,152.0,141,112.0,150,1321.0,530,15.0,24,,,61.0,93,268.0,167,7384.0,1155,385.0,203,164.0,146,257.0,211,0.0,35,30.0,40,648.0,277,5106.0,1049,9.0,15
"Wilson County, Kansas",19.0,15,,,4.0,7,0.0,16,0.0,16,2.0,3,0.0,16,0.0,16,0.0,16,0.0,16,,,0.0,16,0.0,16,10.0,15,0.0,16,0.0,16,0.0,16,0.0,16,0.0,16,0.0,16,0.0,16,0.0,16
"Wilson County, North Carolina",1135.0,30,,,32.0,41,0.0,32,227.0,176,68.0,67,0.0,32,0.0,32,4.0,9,0.0,32,,,0.0,32,0.0,32,39.0,43,8.0,13,19.0,29,0.0,32,0.0,32,0.0,32,162.0,151,234.0,260,0.0,32
"Wilson County, Tennessee",4308.0,182,,,425.0,216,57.0,56,95.0,85,327.0,189,0.0,32,0.0,32,1.0,3,0.0,32,,,20.0,30,184.0,170,1153.0,390,32.0,52,89.0,71,0.0,32,0.0,32,0.0,32,80.0,78,322.0,257,0.0,32
"Wilson County, Texas",448.0,51,,,30.0,34,0.0,35,46.0,43,15.0,26,0.0,35,0.0,35,16.0,21,0.0,35,,,0.0,35,0.0,35,34.0,60,57.0,101,16.0,30,0.0,35,0.0,35,0.0,35,0.0,35,142.0,145,0.0,35
"Winchester city, Virginia",902.0,84,,,170.0,107,0.0,25,53.0,57,121.0,92,0.0,25,0.0,25,0.0,25,0.0,25,,,0.0,25,0.0,25,62.0,64,0.0,25,0.0,25,0.0,25,0.0,25,0.0,25,56.0,90,147.0,156,0.0,25
"Windham County, Vermont",832.0,60,,,205.0,90,0.0,22,122.0,66,187.0,98,0.0,22,0.0,22,3.0,7,0.0,22,,,20.0,34,0.0,22,75.0,59,0.0,22,0.0,22,0.0,22,0.0,22,0.0,22,39.0,56,74.0,57,0.0,22
"Windsor County, Vermont",904.0,83,,,282.0,105,0.0,24,20.0,16,33.0,34,0.0,24,0.0,24,0.0,24,0.0,24,,,30.0,47,0.0,24,78.0,72,0.0,24,36.0,46,0.0,24,0.0,24,0.0,24,38.0,44,37.0,39,0.0,24
"Winkler County, Texas",65.0,102,,,0.0,21,0.0,21,0.0,21,0.0,21,0.0,21,0.0,21,0.0,21,0.0,21,,,0.0,21,0.0,21,0.0,21,0.0,21,0.0,21,0.0,21,0.0,21,0.0,21,0.0,21,65.0,102,0.0,21
"Winn Parish, Louisiana",182.0,125,,,59.0,72,0.0,22,0.0,22,75.0,88,0.0,22,0.0,22,0.0,22,0.0,22,,,0.0,22,0.0,22,7.0,13,0.0,22,0.0,22,0.0,22,0.0,22,0.0,22,1.0,3,0.0,22,0.0,22
"Winnebago County, Illinois",10544.0,460,,,1387.0,378,0.0,29,118.0,86,629.0,185,122.0,106,0.0,29,54.0,60,0.0,29,,,574.0,342,28.0,28,2079.0,513,12.0,21,1788.0,508,68.0,109,0.0,29,54.0,80,147.0,160,764.0,357,0.0,29
"Winnebago County, Iowa",351.0,47,,,10.0,17,0.0,16,0.0,16,3.0,8,0.0,16,0.0,16,0.0,16,0.0,16,,,0.0,16,0.0,16,182.0,160,0.0,16,0.0,16,0.0,16,0.0,16,0.0,16,2.0,3,33.0,39,0.0,16
"Winnebago County, Wisconsin",6588.0,104,,,1065.0,327,3390.0,421,193.0,104,223.0,104,0.0,23,0.0,23,0.0,23,0.0,23,,,0.0,23,0.0,23,289.0,126,0.0,23,2.0,4,0.0,23,0.0,23,0.0,23,35.0,30,449.0,328,0.0,23
"Winneshiek County, Iowa",260.0,20,,,12.0,20,0.0,16,16.0,22,47.0,40,0.0,16,0.0,16,0.0,16,0.0,16,,,22.0,30,0.0,16,38.0,33,7.0,13,6.0,10,0.0,16,0.0,16,0.0,16,1.0,2,20.0,33,0.0,16
"Winona County, Minnesota",1669.0,114,,,185.0,103,380.0,202,79.0,61,163.0,112,0.0,20,0.0,20,2.0,3,0.0,20,,,0.0,20,163.0,125,191.0,125,1.0,4,169.0,116,0.0,20,0.0,20,0.0,20,16.0,15,76.0,76,0.0,20
"Winston County, Alabama",114.0,25,,,24.0,31,0.0,25,9.0,15,14.0,20,0.0,25,0.0,25,0.0,25,0.0,25,,,0.0,25,0.0,25,51.0,32,0.0,25,0.0,25,0.0,25,0.0,25,0.0,25,5.0,8,0.0,25,0.0,25
"Winston County, Mississippi",99.0,128,,,0.0,22,0.0,22,0.0,22,0.0,22,0.0,22,0.0,22,0.0,22,0.0,22,,,0.0,22,0.0,22,0.0,22,0.0,22,0.0,22,0.0,22,0.0,22,0.0,22,0.0,22,12.0,24,0.0,22
"Wirt County, West Virginia",28.0,28,,,0.0,18,0.0,18,0.0,18,8.0,16,0.0,18,0.0,18,0.0,18,0.0,18,,,0.0,18,0.0,18,20.0,24,0.0,18,0.0,18,0.0,18,0.0,18,0.0,18,0.0,18,0.0,18,0.0,18
"Wise County, Texas",706.0,45,,,102.0,87,0.0,35,70.0,71,0.0,35,0.0,35,0.0,35,0.0,35,0.0,35,,,0.0,35,0.0,35,193.0,114,0.0,35,0.0,35,0.0,35,0.0,35,0.0,35,8.0,13,52.0,53,0.0,35
"Wise County, Virginia",246.0,29,,,23.0,22,0.0,28,44.0,48,3.0,7,1.0,3,0.0,28,0.0,28,0.0,28,,,0.0,28,0.0,28,6.0,16,0.0,28,0.0,28,0.0,28,0.0,28,0.0,28,10.0,18,16.0,19,0.0,28
"Wolfe County, Kentucky",4.0,7,,,0.0,18,0.0,18,4.0,7,0.0,18,0.0,18,0.0,18,0.0,18,0.0,18,,,0.0,18,0.0,18,0.0,18,0.0,18,0.0,18,0.0,18,0.0,18,0.0,18,0.0,18,0.0,18,0.0,18
"Wood County, Ohio",3394.0,108,,,563.0,243,11.0,18,85.0,64,208.0,116,0.0,30,0.0,30,0.0,30,0.0,30,,,0.0,30,28.0,39,465.0,159,75.0,85,231.0,173,2.0,5,0.0,30,0.0,30,92.0,76,70.0,64,0.0,30
"Wood County, Texas",359.0,31,,,91.0,82,0.0,31,58.0,80,27.0,25,0.0,31,0.0,31,0.0,31,0.0,31,,,0.0,31,0.0,31,29.0,34,0.0,31,0.0,31,0.0,31,0.0,31,0.0,31,0.0,31,85.0,69,0.0,31
"Wood County, West Virginia",765.0,50,,,91.0,59,0.0,30,24.0,24,32.0,47,0.0,30,0.0,30,0.0,30,0.0,30,,,0.0,30,0.0,30,348.0,103,6.0,11,0.0,30,0.0,30,0.0,30,0.0,30,0.0,30,65.0,71,0.0,30
"Wood County, Wisconsin",1620.0,74,,,130.0,113,651.0,252,207.0,151,47.0,57,0.0,23,0.0,23,2.0,3,0.0,23,,,0.0,23,41.0,50,163.0,117,0.0,23,120.0,150,0.0,23,0.0,23,0.0,23,5.0,11,47.0,51,0.0,23
"Woodbury County, Iowa",3970.0,242,,,190.0,153,0.0,24,215.0,180,373.0,172,0.0,24,0.0,24,0.0,24,0.0,24,,,30.0,36,159.0,156,424.0,180,0.0,24,517.0,302,0.0,24,0.0,24,0.0,24,21.0,19,1518.0,304,0.0,24
"Woodford County, Illinois",436.0,18,,,67.0,42,0.0,26,58.0,65,55.0,51,0.0,26,0.0,26,0.0,26,0.0,26,,,0.0,26,57.0,83,91.0,76,0.0,26,0.0,26,0.0,26,0.0,26,0.0,26,11.0,11,4.0,9,0.0,26
"Woodford County, Kentucky",274.0,31,,,31.0,35,0.0,24,68.0,46,75.0,63,0.0,24,0.0,24,0.0,24,0.0,24,,,0.0,24,1.0,3,55.0,45,0.0,24,0.0,24,23.0,28,0.0,24,0.0,24,0.0,24,0.0,24,0.0,24
"Woodruff County, Arkansas",0.0,18,,,0.0,18,0.0,18,0.0,18,0.0,18,0.0,18,0.0,18,0.0,18,0.0,18,,,0.0,18,0.0,18,0.0,18,0.0,18,0.0,18,0.0,18,0.0,18,0.0,18,0.0,18,0.0,18,0.0,18
"Woods County, Oklahoma",23.0,30,,,4.0,9,0.0,15,9.0,12,0.0,15,0.0,15,0.0,15,0.0,15,0.0,15,,,0.0,15,0.0,15,0.0,15,0.0,15,0.0,15,0.0,15,0.0,15,0.0,15,0.0,15,0.0,15,0.0,15
"Woodson County, Kansas",0.0,11,,,0.0,11,0.0,11,0.0,11,0.0,11,0.0,11,0.0,11,0.0,11,0.0,11,,,0.0,11,0.0,11,0.0,11,0.0,11,0.0,11,0.0,11,0.0,11,0.0,11,0.0,11,0.0,11,0.0,11
"Woodward County, Oklahoma",189.0,7,,,67.0,55,0.0,19,77.0,59,6.0,18,0.0,19,0.0,19,13.0,17,0.0,19,,,0.0,19,0.0,19,26.0,23,0.0,19,0.0,19,0.0,19,0.0,19,0.0,19,0.0,19,0.0,19,0.0,19
"Worcester County, Maryland",1237.0,124,,,324.0,187,0.0,32,138.0,104,72.0,68,0.0,32,0.0,32,21.0,35,0.0,32,,,50.0,84,0.0,32,238.0,146,3.0,7,8.0,12,0.0,32,0.0,32,0.0,32,0.0,32,195.0,168,0.0,32
"Worcester County, Massachusetts",54410.0,1092,,,9624.0,1072,738.0,542,2128.0,587,3397.0,677,72.0,47,0.0,32,527.0,227,0.0,32,,,15.0,17,1132.0,365,2567.0,523,180.0,123,1788.0,778,41.0,41,0.0,32,7.0,13,540.0,216,9099.0,1246,0.0,32
"Worth County, Georgia",185.0,27,,,31.0,37,0.0,27,21.0,27,11.0,17,0.0,27,0.0,27,0.0,27,0.0,27,,,0.0,27,0.0,27,82.0,62,0.0,27,0.0,27,0.0,27,0.0,27,0.0,27,11.0,16,0.0,27,0.0,27
"Worth County, Iowa",50.0,45,,,0.0,15,0.0,15,15.0,16,0.0,15,0.0,15,0.0,15,0.0,15,0.0,15,,,0.0,15,0.0,15,35.0,42,0.0,15,0.0,15,0.0,15,0.0,15,0.0,15,0.0,15,0.0,15,0.0,15
"Worth County, Missouri",0.0,12,,,0.0,12,0.0,12,0.0,12,0.0,12,0.0,12,0.0,12,0.0,12,0.0,12,,,0.0,12,0.0,12,0.0,12,0.0,12,0.0,12,0.0,12,0.0,12,0.0,12,0.0,12,0.0,12,0.0,12
"Wrangell City and Borough, Alaska",140.0,73,,,3.0,5,0.0,10,0.0,10,14.0,18,5.0,7,0.0,10,0.0,10,0.0,10,,,0.0,10,0.0,10,97.0,67,0.0,10,0.0,10,0.0,10,0.0,10,0.0,10,20.0,21,0.0,10,0.0,10
"Wright County, Iowa",109.0,94,,,6.0,13,0.0,16,73.0,90,29.0,45,0.0,16,0.0,16,0.0,16,0.0,16,,,0.0,16,0.0,16,1.0,3,0.0,16,0.0,16,0.0,16,0.0,16,0.0,16,0.0,16,0.0,16,0.0,16
"Wright County, Minnesota",3602.0,258,,,613.0,265,722.0,325,99.0,79,697.0,253,0.0,22,0.0,22,0.0,22,0.0,22,,,91.0,132,15.0,15,565.0,253,19.0,33,182.0,157,0.0,22,0.0,22,0.0,22,12.0,13,256.0,173,0.0,22
"Wright County, Missouri",113.0,80,,,0.0,19,0.0,19,76.0,69,0.0,19,0.0,19,0.0,19,0.0,19,0.0,19,,,0.0,19,0.0,19,33.0,46,0.0,19,0.0,19,0.0,19,0.0,19,0.0,19,0.0,19,0.0,19,0.0,19
"Wyandot County, Ohio",28.0,38,,,0.0,24,0.0,24,18.0,31,3.0,8,0.0,24,0.0,24,0.0,24,0.0,24,,,0.0,24,0.0,24,0.0,24,0.0,24,0.0,24,0.0,24,0.0,24,0.0,24,0.0,24,4.0,6,0.0,24
"Wyandotte County, Kansas",10044.0,455,,,747.0,338,2116.0,702,117.0,92,170.0,120,0.0,27,0.0,27,0.0,27,0.0,27,,,3327.0,723,4.0,8,771.0,423,3.0,6,228.0,173,12.0,20,0.0,27,0.0,27,136.0,133,455.0,193,0.0,27
"Wyoming County, New York",273.0,28,,,77.0,52,0.0,28,2.0,4,0.0,28,0.0,28,0.0,28,26.0,39,0.0,28,,,0.0,28,0.0,28,99.0,33,0.0,28,52.0,49,0.0,28,0.0,28,0.0,28,5.0,11,0.0,28,0.0,28
"Wyoming County, Pennsylvania",196.0,19,,,38.0,24,0.0,21,12.0,9,35.0,26,0.0,21,0.0,21,14.0,13,0.0,21,,,0.0,21,21.0,23,39.0,26,0.0,21,5.0,8,0.0,21,0.0,21,0.0,21,0.0,21,16.0,18,0.0,21
"Wyoming County, West Virginia",1.0,14,,,0.0,24,0.0,24,0.0,24,0.0,24,0.0,24,0.0,24,0.0,24,0.0,24,,,0.0,24,0.0,24,0.0,24,0.0,24,0.0,24,0.0,24,0.0,24,0.0,24,0.0,24,0.0,24,0.0,24
"Wythe County, Virginia",232.0,21,,,45.0,52,0.0,25,20.0,28,2.0,3,0.0,25,0.0,25,0.0,25,0.0,25,,,0.0,25,0.0,25,0.0,25,0.0,25,0.0,25,0.0,25,0.0,25,0.0,25,0.0,25,15.0,25,0.0,25
"Yabucoa Municipio, Puerto Rico",16.0,20,,,0.0,28,0.0,28,0.0,28,0.0,28,0.0,28,0.0,28,0.0,28,0.0,28,,,0.0,28,0.0,28,11.0,18,0.0,28,0.0,28,0.0,28,0.0,28,0.0,28,0.0,28,0.0,28,0.0,28
"Yadkin County, North Carolina",162.0,110,,,46.0,42,0.0,29,33.0,54,54.0,72,0.0,29,0.0,29,0.0,29,0.0,29,,,0.0,29,0.0,29,0.0,29,0.0,29,0.0,29,0.0,29,0.0,29,12.0,24,0.0,29,0.0,29,0.0,29
"Yakima County, Washington",5940.0,459,,,587.0,214,0.0,31,751.0,306,633.0,262,10.0,23,0.0,31,5.0,9,0.0,31,,,60.0,58,62.0,73,2702.0,507,0.0,31,0.0,31,0.0,31,0.0,31,2.0,3,40.0,59,499.0,252,0.0,31
"Yakutat City and Borough, Alaska",122.0,88,,,0.0,10,12.0,16,31.0,29,0.0,10,0.0,10,0.0,10,0.0,10,0.0,10,,,0.0,10,0.0,10,15.0,15,0.0,10,0.0,10,0.0,10,0.0,10,0.0,10,6.0,8,0.0,10,0.0,10
"Yalobusha County, Mississippi",31.0,31,,,0.0,22,0.0,22,0.0,22,11.0,19,0.0,22,0.0,22,0.0,22,0.0,22,,,0.0,22,0.0,22,0.0,22,0.0,22,0.0,22,0.0,22,0.0,22,0.0,22,0.0,22,18.0,23,0.0,22
"Yamhill County, Oregon",3823.0,317,,,915.0,267,171.0,139,664.0,273,549.0,305,0.0,31,20.0,25,27.0,39,0.0,31,,,43.0,58,0.0,31,729.0,223,65.0,60,13.0,17,0.0,31,0.0,31,0.0,31,2.0,3,220.0,135,0.0,31
"Yancey County, North Carolina",77.0,21,,,2.0,4,0.0,21,0.0,21,18.0,31,0.0,21,0.0,21,0.0,21,0.0,21,,,0.0,21,0.0,21,1.0,4,5.0,8,0.0,21,0.0,21,0.0,21,0.0,21,0.0,21,0.0,21,0.0,21
"Yankton County, South Dakota",101.0,71,,,37.0,53,0.0,19,14.0,23,8.0,18,0.0,19,0.0,19,0.0,19,0.0,19,,,0.0,19,0.0,19,13.0,19,0.0,19,0.0,19,0.0,19,0.0,19,0.0,19,0.0,19,4.0,8,0.0,19
"Yates County, New York",178.0,108,,,155.0,114,0.0,25,3.0,7,4.0,7,0.0,25,0.0,25,0.0,25,0.0,25,,,0.0,25,0.0,25,0.0,25,0.0,25,0.0,25,0.0,25,0.0,25,0.0,25,0.0,25,15.0,24,0.0,25
"Yauco Municipio, Puerto Rico",0.0,32,,,0.0,32,0.0,32,0.0,32,0.0,32,0.0,32,0.0,32,0.0,32,0.0,32,,,0.0,32,0.0,32,0.0,32,0.0,32,0.0,32,0.0,32,0.0,32,0.0,32,0.0,32,0.0,32,0.0,32
"Yavapai County, Arizona",4794.0,216,,,755.0,216,0.0,33,901.0,230,507.0,210,33.0,54,0.0,33,25.0,35,0.0,33,,,0.0,33,112.0,104,1195.0,268,62.0,109,8.0,23,0.0,33,0.0,33,0.0,33,197.0,136,458.0,186,0.0,33
"Yazoo County, Mississippi",13.0,22,,,0.0,26,0.0,26,0.0,26,1.0,4,0.0,26,0.0,26,0.0,26,0.0,26,,,0.0,26,0.0,26,1.0,2,0.0,26,0.0,26,0.0,26,0.0,26,0.0,26,0.0,26,0.0,26,0.0,26
"Yell County, Arkansas",366.0,49,,,52.0,44,80.0,95,0.0,24,17.0,29,0.0,24,0.0,24,0.0,24,0.0,24,,,36.0,50,0.0,24,6.0,10,0.0,24,110.0,75,4.0,6,0.0,24,0.0,24,7.0,9,16.0,22,0.0,24
"Yellow Medicine County, Minnesota",33.0,18,,,13.0,12,0.0,13,0.0,13,15.0,13,0.0,13,0.0,13,0.0,13,0.0,13,,,0.0,13,0.0,13,0.0,13,0.0,13,5.0,5,0.0,13,0.0,13,0.0,13,0.0,13,0.0,13,0.0,13
"Yellowstone County, Montana",2955.0,294,,,613.0,278,0.0,26,654.0,240,218.0,119,0.0,26,0.0,26,0.0,26,0.0,26,,,0.0,26,4.0,9,593.0,224,0.0,26,114.0,154,8.0,16,0.0,26,0.0,26,0.0,26,402.0,151,0.0,26
"Yoakum County, Texas",113.0,81,,,0.0,21,0.0,21,0.0,21,0.0,21,0.0,21,0.0,21,0.0,21,0.0,21,,,0.0,21,0.0,21,0.0,21,0.0,21,0.0,21,0.0,21,0.0,21,0.0,21,0.0,21,0.0,21,0.0,21
"Yolo County, California",42932.0,1010,,,13809.0,994,304.0,233,3025.0,525,2758.0,702,44.0,58,0.0,32,626.0,218,0.0,32,,,125.0,98,670.0,372,7227.0,1113,159.0,123,319.0,179,40.0,45,214.0,168,19.0,21,479.0,234,2872.0,578,41.0,65
"York County, Maine",4322.0,179,,,765.0,272,0.0,26,178.0,134,322.0,168,29.0,23,142.0,206,82.0,78,0.0,26,,,0.0,26,494.0,224,701.0,300,122.0,108,54.0,66,0.0,26,0.0,26,0.0,26,164.0,145,480.0,234,0.0,26
"York County, Nebraska",355.0,249,,,0.0,16,0.0,16,112.0,125,47.0,40,0.0,16,0.0,16,3.0,7,0.0,16,,,0.0,16,0.0,16,187.0,132,0.0,16,0.0,16,0.0,16,0.0,16,0.0,16,0.0,16,0.0,16,0.0,16
"York County, Pennsylvania",10045.0,315,,,1505.0,424,0.0,27,531.0,218,1197.0,396,33.0,41,0.0,27,2.0,3,0.0,27,,,28.0,45,503.0,237,1601.0,449,39.0,57,191.0,150,45.0,62,0.0,27,6.0,10,199.0,106,1509.0,461,1.0,2
"York County, South Carolina",10666.0,399,,,832.0,281,55.0,51,560.0,229,858.0,431,63.0,79,0.0,33,0.0,33,0.0,33,,,29.0,41,364.0,175,1555.0,444,49.0,69,58.0,55,0.0,33,0.0,33,0.0,33,59.0,64,1140.0,406,0.0,33
"York County, Virginia",6774.0,565,,,1378.0,476,0.0,31,641.0,286,1113.0,391,82.0,119,0.0,31,12.0,20,0.0,31,,,0.0,31,0.0,31,1740.0,496,0.0,31,96.0,132,0.0,31,0.0,31,0.0,31,166.0,103,411.0,238,0.0,31
"Young County, Texas",133.0,81,,,0.0,23,0.0,23,0.0,23,28.0,39,0.0,23,0.0,23,0.0,23,0.0,23,,,0.0,23,0.0,23,4.0,7,0.0,23,0.0,23,0.0,23,0.0,23,0.0,23,0.0,23,14.0,23,0.0,23
"Yuba County, California",8944.0,640,,,888.0,422,3975.0,592,553.0,288,137.0,87,0.0,32,0.0,32,53.0,59,0.0,32,,,0.0,32,38.0,49,1355.0,360,25.0,38,88.0,95,0.0,32,0.0,32,0.0,32,65.0,79,473.0,276,0.0,32
"Yukon-Koyukuk Census Area, Alaska",74.0,124,,,0.0,15,0.0,15,0.0,15,0.0,15,0.0,15,0.0,15,0.0,15,0.0,15,,,0.0,15,0.0,15,74.0,124,0.0,15,0.0,15,0.0,15,0.0,15,0.0,15,0.0,15,0.0,15,0.0,15
"Yuma County, Arizona",4173.0,273,,,370.0,180,41.0,59,618.0,236,236.0,118,0.0,33,14.0,29,0.0,33,0.0,33,,,0.0,33,51.0,60,1783.0,308,9.0,27,0.0,33,35.0,55,0.0,33,0.0,33,38.0,32,430.0,267,110.0,126
"Yuma County, Colorado",71.0,52,,,45.0,40,0.0,19,0.0,19,0.0,19,0.0,19,0.0,19,0.0,19,0.0,19,,,0.0,19,0.0,19,20.0,29,0.0,19,0.0,19,0.0,19,0.0,19,0.0,19,0.0,19,0.0,19,0.0,19
"Zapata County, Texas",125.0,98,,,0.0,23,0.0,23,0.0,23,0.0,23,0.0,23,0.0,23,0.0,23,0.0,23,,,0.0,23,0.0,23,0.0,23,0.0,23,0.0,23,0.0,23,0.0,23,0.0,23,0.0,23,125.0,98,0.0,23
"Zavala County, Texas",78.0,70,,,0.0,21,0.0,21,0.0,21,0.0,21,0.0,21,0.0,21,0.0,21,0.0,21,,,0.0,21,0.0,21,38.0,51,0.0,21,0.0,21,0.0,21,0.0,21,0.0,21,0.0,21,0.0,21,0.0,21
"Ziebach County, South Dakota",0.0,10,,,0.0,10,0.0,10,0.0,10,0.0,10,0.0,10,0.0,10,0.0,10,0.0,10,,,0.0,10,0.0,10,0.0,10,0.0,10,0.0,10,0.0,10,0.0,10,0.0,10,0.0,10,0.0,10,0.0,10
